{
  "overall_accuracy": 0.5,
  "normalized_mean_absolute_error": 0.17285714285714285,
  "total_correct": 50,
  "total": 100,
  "accuracy_by_label": {
    "almost": {
      "precision": 0.19230769230769232,
      "recall": 0.8333333333333334,
      "correct": 5,
      "total": 6
    },
    "correct": {
      "precision": 0.8076923076923077,
      "recall": 0.6,
      "correct": 21,
      "total": 35
    },
    "incorrect": {
      "precision": 1.0,
      "recall": 0.22857142857142856,
      "correct": 8,
      "total": 35
    },
    "partial": {
      "precision": 0.4,
      "recall": 0.6666666666666666,
      "correct": 16,
      "total": 24
    }
  }
}