{
  "overall_accuracy": 0.64,
  "normalized_mean_absolute_error": 0.13999999999999999,
  "total_correct": 64,
  "total": 100,
  "accuracy_by_label": {
    "almost": {
      "precision": 0.08333333333333333,
      "recall": 0.16666666666666666,
      "correct": 1,
      "total": 6
    },
    "correct": {
      "precision": 0.7941176470588235,
      "recall": 0.7714285714285715,
      "correct": 27,
      "total": 35
    },
    "incorrect": {
      "precision": 1.0,
      "recall": 0.4857142857142857,
      "correct": 17,
      "total": 35
    },
    "partial": {
      "precision": 0.5135135135135135,
      "recall": 0.7916666666666666,
      "correct": 19,
      "total": 24
    }
  }
}