{
  "overall_accuracy": 0.59,
  "normalized_mean_absolute_error": 0.2885714285714286,
  "total_correct": 59,
  "total": 100,
  "accuracy_by_label": {
    "almost": {
      "precision": 0.375,
      "recall": 0.5,
      "correct": 3,
      "total": 6
    },
    "correct": {
      "precision": 0.7647058823529411,
      "recall": 0.7428571428571429,
      "correct": 26,
      "total": 35
    },
    "incorrect": {
      "precision": 0.9,
      "recall": 0.5142857142857142,
      "correct": 18,
      "total": 35
    },
    "partial": {
      "precision": 0.5714285714285714,
      "recall": 0.5,
      "correct": 12,
      "total": 24
    }
  }
}