{
  "overall_accuracy": 0.6,
  "normalized_mean_absolute_error": 0.21142857142857144,
  "total_correct": 60,
  "total": 100,
  "accuracy_by_label": {
    "almost": {
      "precision": 0.3333333333333333,
      "recall": 0.5,
      "correct": 3,
      "total": 6
    },
    "correct": {
      "precision": 0.6530612244897959,
      "recall": 0.9142857142857143,
      "correct": 32,
      "total": 35
    },
    "incorrect": {
      "precision": 0.75,
      "recall": 0.5142857142857142,
      "correct": 18,
      "total": 35
    },
    "partial": {
      "precision": 0.3888888888888889,
      "recall": 0.2916666666666667,
      "correct": 7,
      "total": 24
    }
  }
}