{
  "overall_accuracy": 0.55,
  "normalized_mean_absolute_error": 0.16714285714285712,
  "total_correct": 55,
  "total": 100,
  "accuracy_by_label": {
    "almost": {
      "precision": 0.0,
      "recall": 0.0,
      "correct": 0,
      "total": 5
    },
    "correct": {
      "precision": 0.7619047619047619,
      "recall": 0.9142857142857143,
      "correct": 32,
      "total": 35
    },
    "incorrect": {
      "precision": 0.5151515151515151,
      "recall": 0.4857142857142857,
      "correct": 17,
      "total": 35
    },
    "partial": {
      "precision": 0.2608695652173913,
      "recall": 0.24,
      "correct": 6,
      "total": 25
    }
  }
}