{
  "overall_accuracy": 0.66,
  "normalized_mean_absolute_error": 0.16714285714285712,
  "total_correct": 66,
  "total": 100,
  "accuracy_by_label": {
    "almost": {
      "precision": 0.0,
      "recall": 0.0,
      "correct": 0,
      "total": 6
    },
    "correct": {
      "precision": 0.6415094339622641,
      "recall": 0.9714285714285714,
      "correct": 34,
      "total": 35
    },
    "incorrect": {
      "precision": 0.8214285714285714,
      "recall": 0.6571428571428571,
      "correct": 23,
      "total": 35
    },
    "partial": {
      "precision": 0.47368421052631576,
      "recall": 0.375,
      "correct": 9,
      "total": 24
    }
  }
}