{
  "overall_accuracy": 0.55,
  "normalized_mean_absolute_error": 0.1742857142857143,
  "total_correct": 55,
  "total": 100,
  "accuracy_by_label": {
    "almost": {
      "precision": 0.0,
      "recall": 0.0,
      "correct": 0,
      "total": 5
    },
    "correct": {
      "precision": 0.7560975609756098,
      "recall": 0.8857142857142857,
      "correct": 31,
      "total": 35
    },
    "incorrect": {
      "precision": 0.5357142857142857,
      "recall": 0.42857142857142855,
      "correct": 15,
      "total": 35
    },
    "partial": {
      "precision": 0.34615384615384615,
      "recall": 0.36,
      "correct": 9,
      "total": 25
    }
  }
}