{
  "overall_accuracy": 0.22,
  "normalized_mean_absolute_error": 0.46714285714285714,
  "total_correct": 22,
  "total": 100,
  "accuracy_by_label": {
    "almost": {
      "precision": 0.05555555555555555,
      "recall": 0.3333333333333333,
      "correct": 2,
      "total": 6
    },
    "correct": {
      "precision": 0.4444444444444444,
      "recall": 0.22857142857142856,
      "correct": 8,
      "total": 35
    },
    "incorrect": {
      "precision": 0.0,
      "recall": 0.0,
      "correct": 0,
      "total": 35
    },
    "partial": {
      "precision": 0.2608695652173913,
      "recall": 0.5,
      "correct": 12,
      "total": 24
    }
  }
}