{
  "overall_accuracy": 0.5,
  "normalized_mean_absolute_error": 0.23714285714285713,
  "total_correct": 50,
  "total": 100,
  "accuracy_by_label": {
    "almost": {
      "precision": 0.0,
      "recall": 0.0,
      "correct": 0,
      "total": 5
    },
    "correct": {
      "precision": 0.6122448979591837,
      "recall": 0.8571428571428571,
      "correct": 30,
      "total": 35
    },
    "incorrect": {
      "precision": 0.47368421052631576,
      "recall": 0.5142857142857142,
      "correct": 18,
      "total": 35
    },
    "partial": {
      "precision": 0.15384615384615385,
      "recall": 0.08,
      "correct": 2,
      "total": 25
    }
  }
}