{
  "overall_accuracy": 0.35,
  "normalized_mean_absolute_error": 0.5885714285714286,
  "total_correct": 35,
  "total": 100,
  "accuracy_by_label": {
    "almost": {
      "precision": 0.5,
      "recall": 0.16666666666666666,
      "correct": 1,
      "total": 6
    },
    "correct": {
      "precision": 0.7111111111111111,
      "recall": 0.9142857142857143,
      "correct": 32,
      "total": 35
    },
    "incorrect": {
      "precision": 0.3333333333333333,
      "recall": 0.02857142857142857,
      "correct": 1,
      "total": 35
    },
    "partial": {
      "precision": 1.0,
      "recall": 0.041666666666666664,
      "correct": 1,
      "total": 24
    }
  }
}