{
  "overall_accuracy": 0.61,
  "normalized_mean_absolute_error": 0.2357142857142857,
  "total_correct": 61,
  "total": 100,
  "accuracy_by_label": {
    "almost": {
      "precision": 0.3333333333333333,
      "recall": 0.16666666666666666,
      "correct": 1,
      "total": 6
    },
    "correct": {
      "precision": 0.7021276595744681,
      "recall": 0.9428571428571428,
      "correct": 33,
      "total": 35
    },
    "incorrect": {
      "precision": 0.7027027027027027,
      "recall": 0.7428571428571429,
      "correct": 26,
      "total": 35
    },
    "partial": {
      "precision": 0.3333333333333333,
      "recall": 0.041666666666666664,
      "correct": 1,
      "total": 24
    }
  }
}