{
  "overall_accuracy": 0.59,
  "normalized_mean_absolute_error": 0.16,
  "total_correct": 59,
  "total": 100,
  "accuracy_by_label": {
    "almost": {
      "precision": 0.0,
      "recall": 0.0,
      "correct": 0,
      "total": 5
    },
    "correct": {
      "precision": 0.6808510638297872,
      "recall": 0.9142857142857143,
      "correct": 32,
      "total": 35
    },
    "incorrect": {
      "precision": 0.5789473684210527,
      "recall": 0.6285714285714286,
      "correct": 22,
      "total": 35
    },
    "partial": {
      "precision": 0.3333333333333333,
      "recall": 0.2,
      "correct": 5,
      "total": 25
    }
  }
}