{
  "overall_accuracy": 0.56,
  "normalized_mean_absolute_error": 0.13714285714285715,
  "total_correct": 56,
  "total": 100,
  "accuracy_by_label": {
    "almost": {
      "precision": 0.0,
      "recall": 0.0,
      "correct": 0,
      "total": 6
    },
    "correct": {
      "precision": 0.8611111111111112,
      "recall": 0.8857142857142857,
      "correct": 31,
      "total": 35
    },
    "incorrect": {
      "precision": 1.0,
      "recall": 0.08571428571428572,
      "correct": 3,
      "total": 35
    },
    "partial": {
      "precision": 0.36065573770491804,
      "recall": 0.9166666666666666,
      "correct": 22,
      "total": 24
    }
  }
}