{
  "overall_accuracy": 0.62,
  "normalized_mean_absolute_error": 0.15857142857142859,
  "total_correct": 62,
  "total": 100,
  "accuracy_by_label": {
    "almost": {
      "precision": 0.0,
      "recall": 0.0,
      "correct": 0,
      "total": 6
    },
    "correct": {
      "precision": 0.673469387755102,
      "recall": 0.9428571428571428,
      "correct": 33,
      "total": 35
    },
    "incorrect": {
      "precision": 0.7142857142857143,
      "recall": 0.5714285714285714,
      "correct": 20,
      "total": 35
    },
    "partial": {
      "precision": 0.391304347826087,
      "recall": 0.375,
      "correct": 9,
      "total": 24
    }
  }
}