{
  "overall_accuracy": 0.18,
  "normalized_mean_absolute_error": 0.6242857142857143,
  "total_correct": 18,
  "total": 100,
  "accuracy_by_label": {
    "almost": {
      "precision": 0.09090909090909091,
      "recall": 0.3333333333333333,
      "correct": 2,
      "total": 6
    },
    "correct": {
      "precision": 0.6923076923076923,
      "recall": 0.2571428571428571,
      "correct": 9,
      "total": 35
    },
    "incorrect": {
      "precision": 0.6,
      "recall": 0.08571428571428572,
      "correct": 3,
      "total": 35
    },
    "partial": {
      "precision": 0.19047619047619047,
      "recall": 0.16666666666666666,
      "correct": 4,
      "total": 24
    }
  }
}