{
  "overall_accuracy": 0.49,
  "normalized_mean_absolute_error": 0.16714285714285712,
  "total_correct": 49,
  "total": 100,
  "accuracy_by_label": {
    "almost": {
      "precision": 0.0,
      "recall": 0.0,
      "correct": 0,
      "total": 5
    },
    "correct": {
      "precision": 0.775,
      "recall": 0.8857142857142857,
      "correct": 31,
      "total": 35
    },
    "incorrect": {
      "precision": 0.4166666666666667,
      "recall": 0.2857142857142857,
      "correct": 10,
      "total": 35
    },
    "partial": {
      "precision": 0.24242424242424243,
      "recall": 0.32,
      "correct": 8,
      "total": 25
    }
  }
}