{
  "overall_accuracy": 0.46,
  "normalized_mean_absolute_error": 0.19714285714285712,
  "total_correct": 46,
  "total": 100,
  "accuracy_by_label": {
    "almost": {
      "precision": 0.17391304347826086,
      "recall": 0.6666666666666666,
      "correct": 4,
      "total": 6
    },
    "correct": {
      "precision": 0.8181818181818182,
      "recall": 0.5142857142857142,
      "correct": 18,
      "total": 35
    },
    "incorrect": {
      "precision": 1.0,
      "recall": 0.22857142857142856,
      "correct": 8,
      "total": 35
    },
    "partial": {
      "precision": 0.3404255319148936,
      "recall": 0.6666666666666666,
      "correct": 16,
      "total": 24
    }
  }
}