{
  "overall_accuracy": 0.29,
  "normalized_mean_absolute_error": 0.5371428571428571,
  "total_correct": 29,
  "total": 100,
  "accuracy_by_label": {
    "almost": {
      "precision": 0.1,
      "recall": 0.16666666666666666,
      "correct": 1,
      "total": 6
    },
    "correct": {
      "precision": 0.6333333333333333,
      "recall": 0.5428571428571428,
      "correct": 19,
      "total": 35
    },
    "incorrect": {
      "precision": 0.3,
      "recall": 0.08571428571428572,
      "correct": 3,
      "total": 35
    },
    "partial": {
      "precision": 0.6666666666666666,
      "recall": 0.25,
      "correct": 6,
      "total": 24
    }
  }
}