{
  "overall_accuracy": 0.47,
  "normalized_mean_absolute_error": 0.2942857142857143,
  "total_correct": 47,
  "total": 100,
  "accuracy_by_label": {
    "almost": {
      "precision": 0.06666666666666667,
      "recall": 0.2,
      "correct": 1,
      "total": 5
    },
    "correct": {
      "precision": 0.7,
      "recall": 0.6,
      "correct": 21,
      "total": 35
    },
    "incorrect": {
      "precision": 0.6129032258064516,
      "recall": 0.5428571428571428,
      "correct": 19,
      "total": 35
    },
    "partial": {
      "precision": 0.3333333333333333,
      "recall": 0.24,
      "correct": 6,
      "total": 25
    }
  }
}