{
  "overall_accuracy": 0.44,
  "normalized_mean_absolute_error": 0.4628571428571429,
  "total_correct": 44,
  "total": 100,
  "accuracy_by_label": {
    "almost": {
      "precision": 0.0,
      "recall": 0.0,
      "correct": 0,
      "total": 6
    },
    "correct": {
      "precision": 0.7560975609756098,
      "recall": 0.8857142857142857,
      "correct": 31,
      "total": 35
    },
    "incorrect": {
      "precision": 0.8181818181818182,
      "recall": 0.2571428571428571,
      "correct": 9,
      "total": 35
    },
    "partial": {
      "precision": 0.36363636363636365,
      "recall": 0.16666666666666666,
      "correct": 4,
      "total": 24
    }
  }
}