{
  "overall_accuracy": 0.74,
  "normalized_mean_absolute_error": 0.10857142857142857,
  "total_correct": 74,
  "total": 100,
  "accuracy_by_label": {
    "almost": {
      "precision": 0.2857142857142857,
      "recall": 0.3333333333333333,
      "correct": 2,
      "total": 6
    },
    "correct": {
      "precision": 0.8823529411764706,
      "recall": 0.8571428571428571,
      "correct": 30,
      "total": 35
    },
    "incorrect": {
      "precision": 0.7045454545454546,
      "recall": 0.8857142857142857,
      "correct": 31,
      "total": 35
    },
    "partial": {
      "precision": 0.7333333333333333,
      "recall": 0.4583333333333333,
      "correct": 11,
      "total": 24
    }
  }
}