{
  "overall_accuracy": 0.64,
  "normalized_mean_absolute_error": 0.17714285714285713,
  "total_correct": 64,
  "total": 100,
  "accuracy_by_label": {
    "almost": {
      "precision": 0.6,
      "recall": 0.5,
      "correct": 3,
      "total": 6
    },
    "correct": {
      "precision": 0.673469387755102,
      "recall": 0.9428571428571428,
      "correct": 33,
      "total": 35
    },
    "incorrect": {
      "precision": 0.85,
      "recall": 0.4857142857142857,
      "correct": 17,
      "total": 35
    },
    "partial": {
      "precision": 0.4230769230769231,
      "recall": 0.4583333333333333,
      "correct": 11,
      "total": 24
    }
  }
}