{
  "overall_accuracy": 0.61,
  "normalized_mean_absolute_error": 0.16285714285714284,
  "total_correct": 61,
  "total": 100,
  "accuracy_by_label": {
    "almost": {
      "precision": 0.0,
      "recall": 0.0,
      "correct": 0,
      "total": 6
    },
    "correct": {
      "precision": 0.7560975609756098,
      "recall": 0.8857142857142857,
      "correct": 31,
      "total": 35
    },
    "incorrect": {
      "precision": 1.0,
      "recall": 0.3142857142857143,
      "correct": 11,
      "total": 35
    },
    "partial": {
      "precision": 0.40425531914893614,
      "recall": 0.7916666666666666,
      "correct": 19,
      "total": 24
    }
  }
}