{
  "overall_accuracy": 0.36,
  "normalized_mean_absolute_error": 0.5114285714285715,
  "total_correct": 36,
  "total": 100,
  "accuracy_by_label": {
    "almost": {
      "precision": 0.0,
      "recall": 0.0,
      "correct": 0,
      "total": 5
    },
    "correct": {
      "precision": 0.7297297297297297,
      "recall": 0.7714285714285715,
      "correct": 27,
      "total": 35
    },
    "incorrect": {
      "precision": 0.5,
      "recall": 0.11428571428571428,
      "correct": 4,
      "total": 35
    },
    "partial": {
      "precision": 0.35714285714285715,
      "recall": 0.2,
      "correct": 5,
      "total": 25
    }
  }
}