{
  "overall_accuracy": 0.65,
  "normalized_mean_absolute_error": 0.1285714285714286,
  "total_correct": 65,
  "total": 100,
  "accuracy_by_label": {
    "almost": {
      "precision": 0.0,
      "recall": 0.0,
      "correct": 0,
      "total": 6
    },
    "correct": {
      "precision": 0.75,
      "recall": 0.9428571428571428,
      "correct": 33,
      "total": 35
    },
    "incorrect": {
      "precision": 0.8421052631578947,
      "recall": 0.45714285714285713,
      "correct": 16,
      "total": 35
    },
    "partial": {
      "precision": 0.43243243243243246,
      "recall": 0.6666666666666666,
      "correct": 16,
      "total": 24
    }
  }
}