{
  "overall_accuracy": 0.05,
  "normalized_mean_absolute_error": 0.7771428571428572,
  "total_correct": 5,
  "total": 100,
  "accuracy_by_label": {
    "almost": {
      "precision": 0.05263157894736842,
      "recall": 0.16666666666666666,
      "correct": 1,
      "total": 6
    },
    "correct": {
      "precision": 0.0,
      "recall": 0.0,
      "correct": 0,
      "total": 35
    },
    "incorrect": {
      "precision": 0.0,
      "recall": 0.0,
      "correct": 0,
      "total": 35
    },
    "partial": {
      "precision": 0.21052631578947367,
      "recall": 0.16666666666666666,
      "correct": 4,
      "total": 24
    }
  }
}