{
  "overall_accuracy": 0.64,
  "normalized_mean_absolute_error": 0.14714285714285716,
  "total_correct": 64,
  "total": 100,
  "accuracy_by_label": {
    "almost": {
      "precision": 0.0,
      "recall": 0.0,
      "correct": 0,
      "total": 6
    },
    "correct": {
      "precision": 0.7083333333333334,
      "recall": 0.9714285714285714,
      "correct": 34,
      "total": 35
    },
    "incorrect": {
      "precision": 0.6944444444444444,
      "recall": 0.7142857142857143,
      "correct": 25,
      "total": 35
    },
    "partial": {
      "precision": 0.3333333333333333,
      "recall": 0.20833333333333334,
      "correct": 5,
      "total": 24
    }
  }
}