{
  "overall_accuracy": 0.64,
  "normalized_mean_absolute_error": 0.13999999999999999,
  "total_correct": 64,
  "total": 100,
  "accuracy_by_label": {
    "almost": {
      "precision": 0.0,
      "recall": 0.0,
      "correct": 0,
      "total": 5
    },
    "correct": {
      "precision": 0.7111111111111111,
      "recall": 0.9142857142857143,
      "correct": 32,
      "total": 35
    },
    "incorrect": {
      "precision": 0.5769230769230769,
      "recall": 0.8571428571428571,
      "correct": 30,
      "total": 35
    },
    "partial": {
      "precision": 0.6666666666666666,
      "recall": 0.08,
      "correct": 2,
      "total": 25
    }
  }
}