{
  "overall_accuracy": 0.58,
  "normalized_mean_absolute_error": 0.21571428571428572,
  "total_correct": 58,
  "total": 100,
  "accuracy_by_label": {
    "almost": {
      "precision": 0.0,
      "recall": 0.0,
      "correct": 0,
      "total": 6
    },
    "correct": {
      "precision": 0.5892857142857143,
      "recall": 0.9428571428571428,
      "correct": 33,
      "total": 35
    },
    "incorrect": {
      "precision": 0.71875,
      "recall": 0.6571428571428571,
      "correct": 23,
      "total": 35
    },
    "partial": {
      "precision": 0.16666666666666666,
      "recall": 0.08333333333333333,
      "correct": 2,
      "total": 24
    }
  }
}