{
  "overall_accuracy": 0.48,
  "normalized_mean_absolute_error": 0.4114285714285714,
  "total_correct": 48,
  "total": 100,
  "accuracy_by_label": {
    "almost": {
      "precision": 0.0,
      "recall": 0.0,
      "correct": 0,
      "total": 6
    },
    "correct": {
      "precision": 0.6590909090909091,
      "recall": 0.8285714285714286,
      "correct": 29,
      "total": 35
    },
    "incorrect": {
      "precision": 0.7307692307692307,
      "recall": 0.5428571428571428,
      "correct": 19,
      "total": 35
    },
    "partial": {
      "precision": 0.0,
      "recall": 0.0,
      "correct": 0,
      "total": 24
    }
  }
}