{
  "overall_accuracy": 0.27,
  "normalized_mean_absolute_error": 0.45142857142857146,
  "total_correct": 27,
  "total": 100,
  "accuracy_by_label": {
    "almost": {
      "precision": 0.12121212121212122,
      "recall": 0.6666666666666666,
      "correct": 4,
      "total": 6
    },
    "correct": {
      "precision": 0.3103448275862069,
      "recall": 0.2571428571428571,
      "correct": 9,
      "total": 35
    },
    "incorrect": {
      "precision": 0.0,
      "recall": 0.0,
      "correct": 0,
      "total": 35
    },
    "partial": {
      "precision": 0.3684210526315789,
      "recall": 0.5833333333333334,
      "correct": 14,
      "total": 24
    }
  }
}