{
  "overall_accuracy": 0.53,
  "normalized_mean_absolute_error": 0.25857142857142856,
  "total_correct": 53,
  "total": 100,
  "accuracy_by_label": {
    "almost": {
      "precision": 0.07692307692307693,
      "recall": 0.2,
      "correct": 1,
      "total": 5
    },
    "correct": {
      "precision": 0.6808510638297872,
      "recall": 0.9142857142857143,
      "correct": 32,
      "total": 35
    },
    "incorrect": {
      "precision": 0.5333333333333333,
      "recall": 0.45714285714285713,
      "correct": 16,
      "total": 35
    },
    "partial": {
      "precision": 0.4,
      "recall": 0.16,
      "correct": 4,
      "total": 25
    }
  }
}