{
  "overall_accuracy": 0.59,
  "normalized_mean_absolute_error": 0.16857142857142857,
  "total_correct": 59,
  "total": 100,
  "accuracy_by_label": {
    "almost": {
      "precision": 0.0,
      "recall": 0.0,
      "correct": 0,
      "total": 5
    },
    "correct": {
      "precision": 0.7441860465116279,
      "recall": 0.9142857142857143,
      "correct": 32,
      "total": 35
    },
    "incorrect": {
      "precision": 0.5714285714285714,
      "recall": 0.5714285714285714,
      "correct": 20,
      "total": 35
    },
    "partial": {
      "precision": 0.3684210526315789,
      "recall": 0.28,
      "correct": 7,
      "total": 25
    }
  }
}