{
  "overall_accuracy": 0.2,
  "normalized_mean_absolute_error": 0.6028571428571429,
  "total_correct": 20,
  "total": 100,
  "accuracy_by_label": {
    "almost": {
      "precision": 0.1,
      "recall": 0.3333333333333333,
      "correct": 2,
      "total": 6
    },
    "correct": {
      "precision": 0.8461538461538461,
      "recall": 0.3142857142857143,
      "correct": 11,
      "total": 35
    },
    "incorrect": {
      "precision": 0.4,
      "recall": 0.05714285714285714,
      "correct": 2,
      "total": 35
    },
    "partial": {
      "precision": 0.21739130434782608,
      "recall": 0.20833333333333334,
      "correct": 5,
      "total": 24
    }
  }
}