{
  "overall_accuracy": 0.67,
  "normalized_mean_absolute_error": 0.16714285714285712,
  "total_correct": 67,
  "total": 100,
  "accuracy_by_label": {
    "almost": {
      "precision": 0.0,
      "recall": 0.0,
      "correct": 0,
      "total": 6
    },
    "correct": {
      "precision": 0.6888888888888889,
      "recall": 0.8857142857142857,
      "correct": 31,
      "total": 35
    },
    "incorrect": {
      "precision": 0.8636363636363636,
      "recall": 0.5428571428571428,
      "correct": 19,
      "total": 35
    },
    "partial": {
      "precision": 0.5151515151515151,
      "recall": 0.7083333333333334,
      "correct": 17,
      "total": 24
    }
  }
}