{
  "overall_accuracy": 0.61,
  "normalized_mean_absolute_error": 0.18571428571428572,
  "total_correct": 61,
  "total": 100,
  "accuracy_by_label": {
    "almost": {
      "precision": 0.2,
      "recall": 0.16666666666666666,
      "correct": 1,
      "total": 6
    },
    "correct": {
      "precision": 0.6458333333333334,
      "recall": 0.8857142857142857,
      "correct": 31,
      "total": 35
    },
    "incorrect": {
      "precision": 0.7222222222222222,
      "recall": 0.7428571428571429,
      "correct": 26,
      "total": 35
    },
    "partial": {
      "precision": 0.2727272727272727,
      "recall": 0.125,
      "correct": 3,
      "total": 24
    }
  }
}