{
  "overall_accuracy": 0.58,
  "normalized_mean_absolute_error": 0.16285714285714284,
  "total_correct": 58,
  "total": 100,
  "accuracy_by_label": {
    "almost": {
      "precision": 0.1875,
      "recall": 0.5,
      "correct": 3,
      "total": 6
    },
    "correct": {
      "precision": 0.7777777777777778,
      "recall": 0.8,
      "correct": 28,
      "total": 35
    },
    "incorrect": {
      "precision": 1.0,
      "recall": 0.3142857142857143,
      "correct": 11,
      "total": 35
    },
    "partial": {
      "precision": 0.43243243243243246,
      "recall": 0.6666666666666666,
      "correct": 16,
      "total": 24
    }
  }
}