{
  "overall_accuracy": 0.51,
  "normalized_mean_absolute_error": 0.19142857142857145,
  "total_correct": 51,
  "total": 100,
  "accuracy_by_label": {
    "almost": {
      "precision": 0.0,
      "recall": 0.0,
      "correct": 0,
      "total": 5
    },
    "correct": {
      "precision": 0.7272727272727273,
      "recall": 0.9142857142857143,
      "correct": 32,
      "total": 35
    },
    "incorrect": {
      "precision": 0.43333333333333335,
      "recall": 0.37142857142857144,
      "correct": 13,
      "total": 35
    },
    "partial": {
      "precision": 0.23076923076923078,
      "recall": 0.24,
      "correct": 6,
      "total": 25
    }
  }
}