{
  "overall_accuracy": 0.61,
  "normalized_mean_absolute_error": 0.18285714285714286,
  "total_correct": 61,
  "total": 100,
  "accuracy_by_label": {
    "almost": {
      "precision": 0.5,
      "recall": 0.16666666666666666,
      "correct": 1,
      "total": 6
    },
    "correct": {
      "precision": 0.64,
      "recall": 0.9142857142857143,
      "correct": 32,
      "total": 35
    },
    "incorrect": {
      "precision": 0.9333333333333333,
      "recall": 0.4,
      "correct": 14,
      "total": 35
    },
    "partial": {
      "precision": 0.42424242424242425,
      "recall": 0.5833333333333334,
      "correct": 14,
      "total": 24
    }
  }
}