{
  "overall_accuracy": 0.39,
  "normalized_mean_absolute_error": 0.5228571428571429,
  "total_correct": 39,
  "total": 100,
  "accuracy_by_label": {
    "almost": {
      "precision": 0.2857142857142857,
      "recall": 0.3333333333333333,
      "correct": 2,
      "total": 6
    },
    "correct": {
      "precision": 0.6666666666666666,
      "recall": 0.7428571428571429,
      "correct": 26,
      "total": 35
    },
    "incorrect": {
      "precision": 0.8,
      "recall": 0.11428571428571428,
      "correct": 4,
      "total": 35
    },
    "partial": {
      "precision": 0.5,
      "recall": 0.2916666666666667,
      "correct": 7,
      "total": 24
    }
  }
}