{
  "overall_accuracy": 0.51,
  "normalized_mean_absolute_error": 0.18142857142857144,
  "total_correct": 51,
  "total": 100,
  "accuracy_by_label": {
    "almost": {
      "precision": 0.0,
      "recall": 0.0,
      "correct": 0,
      "total": 5
    },
    "correct": {
      "precision": 0.6666666666666666,
      "recall": 0.9142857142857143,
      "correct": 32,
      "total": 35
    },
    "incorrect": {
      "precision": 0.45161290322580644,
      "recall": 0.4,
      "correct": 14,
      "total": 35
    },
    "partial": {
      "precision": 0.23809523809523808,
      "recall": 0.2,
      "correct": 5,
      "total": 25
    }
  }
}