{
  "overall_accuracy": 0.61,
  "normalized_mean_absolute_error": 0.17285714285714285,
  "total_correct": 61,
  "total": 100,
  "accuracy_by_label": {
    "almost": {
      "precision": 0.0,
      "recall": 0.0,
      "correct": 0,
      "total": 6
    },
    "correct": {
      "precision": 0.7441860465116279,
      "recall": 0.9142857142857143,
      "correct": 32,
      "total": 35
    },
    "incorrect": {
      "precision": 1.0,
      "recall": 0.2857142857142857,
      "correct": 10,
      "total": 35
    },
    "partial": {
      "precision": 0.4222222222222222,
      "recall": 0.7916666666666666,
      "correct": 19,
      "total": 24
    }
  }
}