{
  "overall_accuracy": 0.59,
  "normalized_mean_absolute_error": 0.23285714285714285,
  "total_correct": 59,
  "total": 100,
  "accuracy_by_label": {
    "almost": {
      "precision": 0.3333333333333333,
      "recall": 0.3333333333333333,
      "correct": 2,
      "total": 6
    },
    "correct": {
      "precision": 0.6122448979591837,
      "recall": 0.8571428571428571,
      "correct": 30,
      "total": 35
    },
    "incorrect": {
      "precision": 0.7352941176470589,
      "recall": 0.7142857142857143,
      "correct": 25,
      "total": 35
    },
    "partial": {
      "precision": 0.18181818181818182,
      "recall": 0.08333333333333333,
      "correct": 2,
      "total": 24
    }
  }
}