{
  "overall_accuracy": 0.59,
  "normalized_mean_absolute_error": 0.14714285714285716,
  "total_correct": 59,
  "total": 100,
  "accuracy_by_label": {
    "almost": {
      "precision": 0.0,
      "recall": 0.0,
      "correct": 0,
      "total": 5
    },
    "correct": {
      "precision": 0.7948717948717948,
      "recall": 0.8857142857142857,
      "correct": 31,
      "total": 35
    },
    "incorrect": {
      "precision": 0.75,
      "recall": 0.17142857142857143,
      "correct": 6,
      "total": 35
    },
    "partial": {
      "precision": 0.4230769230769231,
      "recall": 0.88,
      "correct": 22,
      "total": 25
    }
  }
}