{
  "overall_accuracy": 0.6,
  "normalized_mean_absolute_error": 0.18571428571428572,
  "total_correct": 60,
  "total": 100,
  "accuracy_by_label": {
    "almost": {
      "precision": 0.0,
      "recall": 0.0,
      "correct": 0,
      "total": 5
    },
    "correct": {
      "precision": 0.7619047619047619,
      "recall": 0.9142857142857143,
      "correct": 32,
      "total": 35
    },
    "incorrect": {
      "precision": 0.5609756097560976,
      "recall": 0.6571428571428571,
      "correct": 23,
      "total": 35
    },
    "partial": {
      "precision": 0.5,
      "recall": 0.2,
      "correct": 5,
      "total": 25
    }
  }
}