{
  "overall_accuracy": 0.6,
  "normalized_mean_absolute_error": 0.20142857142857143,
  "total_correct": 60,
  "total": 100,
  "accuracy_by_label": {
    "almost": {
      "precision": 0.0,
      "recall": 0.0,
      "correct": 0,
      "total": 6
    },
    "correct": {
      "precision": 0.5862068965517241,
      "recall": 0.9714285714285714,
      "correct": 34,
      "total": 35
    },
    "incorrect": {
      "precision": 0.75,
      "recall": 0.6,
      "correct": 21,
      "total": 35
    },
    "partial": {
      "precision": 0.35714285714285715,
      "recall": 0.20833333333333334,
      "correct": 5,
      "total": 24
    }
  }
}