{
  "overall_accuracy": 0.57,
  "normalized_mean_absolute_error": 0.2714285714285714,
  "total_correct": 57,
  "total": 100,
  "accuracy_by_label": {
    "almost": {
      "precision": 0.5,
      "recall": 0.3333333333333333,
      "correct": 2,
      "total": 6
    },
    "correct": {
      "precision": 0.55,
      "recall": 0.9428571428571428,
      "correct": 33,
      "total": 35
    },
    "incorrect": {
      "precision": 0.8461538461538461,
      "recall": 0.3142857142857143,
      "correct": 11,
      "total": 35
    },
    "partial": {
      "precision": 0.4782608695652174,
      "recall": 0.4583333333333333,
      "correct": 11,
      "total": 24
    }
  }
}