{
  "overall_accuracy": 0.53,
  "normalized_mean_absolute_error": 0.1742857142857143,
  "total_correct": 53,
  "total": 100,
  "accuracy_by_label": {
    "almost": {
      "precision": 0.0,
      "recall": 0.0,
      "correct": 0,
      "total": 5
    },
    "correct": {
      "precision": 0.7209302325581395,
      "recall": 0.8857142857142857,
      "correct": 31,
      "total": 35
    },
    "incorrect": {
      "precision": 0.47058823529411764,
      "recall": 0.22857142857142856,
      "correct": 8,
      "total": 35
    },
    "partial": {
      "precision": 0.358974358974359,
      "recall": 0.56,
      "correct": 14,
      "total": 25
    }
  }
}