{
  "overall_accuracy": 0.41,
  "normalized_mean_absolute_error": 0.39714285714285713,
  "total_correct": 41,
  "total": 100,
  "accuracy_by_label": {
    "almost": {
      "precision": 0.0,
      "recall": 0.0,
      "correct": 0,
      "total": 5
    },
    "correct": {
      "precision": 0.8055555555555556,
      "recall": 0.8285714285714286,
      "correct": 29,
      "total": 35
    },
    "incorrect": {
      "precision": 0.36363636363636365,
      "recall": 0.11428571428571428,
      "correct": 4,
      "total": 35
    },
    "partial": {
      "precision": 0.42105263157894735,
      "recall": 0.32,
      "correct": 8,
      "total": 25
    }
  }
}