{
  "overall_accuracy": 0.66,
  "normalized_mean_absolute_error": 0.17142857142857143,
  "total_correct": 66,
  "total": 100,
  "accuracy_by_label": {
    "almost": {
      "precision": 0.0,
      "recall": 0.0,
      "correct": 0,
      "total": 6
    },
    "correct": {
      "precision": 0.7777777777777778,
      "recall": 0.8,
      "correct": 28,
      "total": 35
    },
    "incorrect": {
      "precision": 0.6666666666666666,
      "recall": 0.8571428571428571,
      "correct": 30,
      "total": 35
    },
    "partial": {
      "precision": 0.42105263157894735,
      "recall": 0.3333333333333333,
      "correct": 8,
      "total": 24
    }
  }
}