{
  "overall_accuracy": 0.45,
  "normalized_mean_absolute_error": 0.20428571428571426,
  "total_correct": 45,
  "total": 100,
  "accuracy_by_label": {
    "almost": {
      "precision": 0.0,
      "recall": 0.0,
      "correct": 0,
      "total": 5
    },
    "correct": {
      "precision": 0.7058823529411765,
      "recall": 0.6857142857142857,
      "correct": 24,
      "total": 35
    },
    "incorrect": {
      "precision": 0.45,
      "recall": 0.2571428571428571,
      "correct": 9,
      "total": 35
    },
    "partial": {
      "precision": 0.34285714285714286,
      "recall": 0.48,
      "correct": 12,
      "total": 25
    }
  }
}