{
  "overall_accuracy": 0.59,
  "normalized_mean_absolute_error": 0.16428571428571428,
  "total_correct": 59,
  "total": 100,
  "accuracy_by_label": {
    "almost": {
      "precision": 0.0,
      "recall": 0.0,
      "correct": 0,
      "total": 6
    },
    "correct": {
      "precision": 0.6666666666666666,
      "recall": 0.9714285714285714,
      "correct": 34,
      "total": 35
    },
    "incorrect": {
      "precision": 0.6818181818181818,
      "recall": 0.42857142857142855,
      "correct": 15,
      "total": 35
    },
    "partial": {
      "precision": 0.37037037037037035,
      "recall": 0.4166666666666667,
      "correct": 10,
      "total": 24
    }
  }
}