{
  "overall_accuracy": 0.54,
  "normalized_mean_absolute_error": 0.20428571428571426,
  "total_correct": 54,
  "total": 100,
  "accuracy_by_label": {
    "almost": {
      "precision": 0.0,
      "recall": 0.0,
      "correct": 0,
      "total": 5
    },
    "correct": {
      "precision": 0.7333333333333333,
      "recall": 0.9428571428571428,
      "correct": 33,
      "total": 35
    },
    "incorrect": {
      "precision": 0.5151515151515151,
      "recall": 0.4857142857142857,
      "correct": 17,
      "total": 35
    },
    "partial": {
      "precision": 0.25,
      "recall": 0.16,
      "correct": 4,
      "total": 25
    }
  }
}