{
  "overall_accuracy": 0.59,
  "normalized_mean_absolute_error": 0.2357142857142857,
  "total_correct": 59,
  "total": 100,
  "accuracy_by_label": {
    "almost": {
      "precision": 0.3333333333333333,
      "recall": 0.16666666666666666,
      "correct": 1,
      "total": 6
    },
    "correct": {
      "precision": 0.7142857142857143,
      "recall": 0.8571428571428571,
      "correct": 30,
      "total": 35
    },
    "incorrect": {
      "precision": 0.782608695652174,
      "recall": 0.5142857142857142,
      "correct": 18,
      "total": 35
    },
    "partial": {
      "precision": 0.43478260869565216,
      "recall": 0.4166666666666667,
      "correct": 10,
      "total": 24
    }
  }
}