{
  "overall_accuracy": 0.63,
  "normalized_mean_absolute_error": 0.16142857142857142,
  "total_correct": 63,
  "total": 100,
  "accuracy_by_label": {
    "almost": {
      "precision": 0.0,
      "recall": 0.0,
      "correct": 0,
      "total": 5
    },
    "correct": {
      "precision": 0.7021276595744681,
      "recall": 0.9428571428571428,
      "correct": 33,
      "total": 35
    },
    "incorrect": {
      "precision": 0.6428571428571429,
      "recall": 0.5142857142857142,
      "correct": 18,
      "total": 35
    },
    "partial": {
      "precision": 0.5,
      "recall": 0.48,
      "correct": 12,
      "total": 25
    }
  }
}