{
  "overall_accuracy": 0.3,
  "normalized_mean_absolute_error": 0.5514285714285714,
  "total_correct": 30,
  "total": 100,
  "accuracy_by_label": {
    "almost": {
      "precision": 0.0,
      "recall": 0.0,
      "correct": 0,
      "total": 5
    },
    "correct": {
      "precision": 0.85,
      "recall": 0.4857142857142857,
      "correct": 17,
      "total": 35
    },
    "incorrect": {
      "precision": 0.4782608695652174,
      "recall": 0.3142857142857143,
      "correct": 11,
      "total": 35
    },
    "partial": {
      "precision": 0.3333333333333333,
      "recall": 0.08,
      "correct": 2,
      "total": 25
    }
  }
}