{
  "overall_accuracy": 0.47,
  "normalized_mean_absolute_error": 0.1842857142857143,
  "total_correct": 47,
  "total": 100,
  "accuracy_by_label": {
    "almost": {
      "precision": 0.0,
      "recall": 0.0,
      "correct": 0,
      "total": 5
    },
    "correct": {
      "precision": 0.7045454545454546,
      "recall": 0.8857142857142857,
      "correct": 31,
      "total": 35
    },
    "incorrect": {
      "precision": 0.36,
      "recall": 0.2571428571428571,
      "correct": 9,
      "total": 35
    },
    "partial": {
      "precision": 0.2413793103448276,
      "recall": 0.28,
      "correct": 7,
      "total": 25
    }
  }
}