{
  "overall_accuracy": 0.56,
  "normalized_mean_absolute_error": 0.1542857142857143,
  "total_correct": 56,
  "total": 100,
  "accuracy_by_label": {
    "almost": {
      "precision": 0.2222222222222222,
      "recall": 0.6666666666666666,
      "correct": 4,
      "total": 6
    },
    "correct": {
      "precision": 0.8125,
      "recall": 0.7428571428571429,
      "correct": 26,
      "total": 35
    },
    "incorrect": {
      "precision": 0.7692307692307693,
      "recall": 0.2857142857142857,
      "correct": 10,
      "total": 35
    },
    "partial": {
      "precision": 0.43243243243243246,
      "recall": 0.6666666666666666,
      "correct": 16,
      "total": 24
    }
  }
}