{
  "overall_accuracy": 0.56,
  "normalized_mean_absolute_error": 0.19,
  "total_correct": 56,
  "total": 100,
  "accuracy_by_label": {
    "almost": {
      "precision": 0.0,
      "recall": 0.0,
      "correct": 0,
      "total": 5
    },
    "correct": {
      "precision": 0.6888888888888889,
      "recall": 0.8857142857142857,
      "correct": 31,
      "total": 35
    },
    "incorrect": {
      "precision": 0.6470588235294118,
      "recall": 0.3142857142857143,
      "correct": 11,
      "total": 35
    },
    "partial": {
      "precision": 0.3684210526315789,
      "recall": 0.56,
      "correct": 14,
      "total": 25
    }
  }
}