{
  "overall_accuracy": 0.29,
  "normalized_mean_absolute_error": 0.5328571428571428,
  "total_correct": 29,
  "total": 100,
  "accuracy_by_label": {
    "almost": {
      "precision": 0.07142857142857142,
      "recall": 0.2,
      "correct": 1,
      "total": 5
    },
    "correct": {
      "precision": 0.8181818181818182,
      "recall": 0.5142857142857142,
      "correct": 18,
      "total": 35
    },
    "incorrect": {
      "precision": 0.375,
      "recall": 0.08571428571428572,
      "correct": 3,
      "total": 35
    },
    "partial": {
      "precision": 0.3333333333333333,
      "recall": 0.28,
      "correct": 7,
      "total": 25
    }
  }
}