{
  "overall_accuracy": 0.49,
  "normalized_mean_absolute_error": 0.23142857142857146,
  "total_correct": 49,
  "total": 100,
  "accuracy_by_label": {
    "almost": {
      "precision": 0.0,
      "recall": 0.0,
      "correct": 0,
      "total": 5
    },
    "correct": {
      "precision": 0.7209302325581395,
      "recall": 0.8857142857142857,
      "correct": 31,
      "total": 35
    },
    "incorrect": {
      "precision": 0.48148148148148145,
      "recall": 0.37142857142857144,
      "correct": 13,
      "total": 35
    },
    "partial": {
      "precision": 0.23809523809523808,
      "recall": 0.2,
      "correct": 5,
      "total": 25
    }
  }
}