{
  "overall_accuracy": 0.49,
  "normalized_mean_absolute_error": 0.1942857142857143,
  "total_correct": 49,
  "total": 100,
  "accuracy_by_label": {
    "almost": {
      "precision": 0.0,
      "recall": 0.0,
      "correct": 0,
      "total": 5
    },
    "correct": {
      "precision": 0.6595744680851063,
      "recall": 0.8857142857142857,
      "correct": 31,
      "total": 35
    },
    "incorrect": {
      "precision": 0.38461538461538464,
      "recall": 0.2857142857142857,
      "correct": 10,
      "total": 35
    },
    "partial": {
      "precision": 0.2962962962962963,
      "recall": 0.32,
      "correct": 8,
      "total": 25
    }
  }
}