{
  "overall_accuracy": 0.63,
  "normalized_mean_absolute_error": 0.19285714285714287,
  "total_correct": 63,
  "total": 100,
  "accuracy_by_label": {
    "almost": {
      "precision": 0.0,
      "recall": 0.0,
      "correct": 0,
      "total": 6
    },
    "correct": {
      "precision": 0.6739130434782609,
      "recall": 0.8857142857142857,
      "correct": 31,
      "total": 35
    },
    "incorrect": {
      "precision": 0.7586206896551724,
      "recall": 0.6285714285714286,
      "correct": 22,
      "total": 35
    },
    "partial": {
      "precision": 0.47619047619047616,
      "recall": 0.4166666666666667,
      "correct": 10,
      "total": 24
    }
  }
}