{
  "overall_accuracy": 0.64,
  "normalized_mean_absolute_error": 0.14857142857142858,
  "total_correct": 64,
  "total": 100,
  "accuracy_by_label": {
    "almost": {
      "precision": 0.0,
      "recall": 0.0,
      "correct": 0,
      "total": 6
    },
    "correct": {
      "precision": 0.8787878787878788,
      "recall": 0.8285714285714286,
      "correct": 29,
      "total": 35
    },
    "incorrect": {
      "precision": 0.8666666666666667,
      "recall": 0.37142857142857144,
      "correct": 13,
      "total": 35
    },
    "partial": {
      "precision": 0.4230769230769231,
      "recall": 0.9166666666666666,
      "correct": 22,
      "total": 24
    }
  }
}