{
  "overall_accuracy": 0.52,
  "normalized_mean_absolute_error": 0.21714285714285714,
  "total_correct": 52,
  "total": 100,
  "accuracy_by_label": {
    "almost": {
      "precision": 0.0,
      "recall": 0.0,
      "correct": 0,
      "total": 5
    },
    "correct": {
      "precision": 0.6326530612244898,
      "recall": 0.8857142857142857,
      "correct": 31,
      "total": 35
    },
    "incorrect": {
      "precision": 0.5,
      "recall": 0.5428571428571428,
      "correct": 19,
      "total": 35
    },
    "partial": {
      "precision": 0.15384615384615385,
      "recall": 0.08,
      "correct": 2,
      "total": 25
    }
  }
}