{
  "overall_accuracy": 0.55,
  "normalized_mean_absolute_error": 0.16714285714285712,
  "total_correct": 55,
  "total": 100,
  "accuracy_by_label": {
    "almost": {
      "precision": 0.0,
      "recall": 0.0,
      "correct": 0,
      "total": 5
    },
    "correct": {
      "precision": 0.7021276595744681,
      "recall": 0.9428571428571428,
      "correct": 33,
      "total": 35
    },
    "incorrect": {
      "precision": 0.4857142857142857,
      "recall": 0.4857142857142857,
      "correct": 17,
      "total": 35
    },
    "partial": {
      "precision": 0.2777777777777778,
      "recall": 0.2,
      "correct": 5,
      "total": 25
    }
  }
}