{
  "overall_accuracy": 0.66,
  "normalized_mean_absolute_error": 0.15285714285714286,
  "total_correct": 66,
  "total": 100,
  "accuracy_by_label": {
    "almost": {
      "precision": 1.0,
      "recall": 0.3333333333333333,
      "correct": 2,
      "total": 6
    },
    "correct": {
      "precision": 0.7333333333333333,
      "recall": 0.9428571428571428,
      "correct": 33,
      "total": 35
    },
    "incorrect": {
      "precision": 0.875,
      "recall": 0.4,
      "correct": 14,
      "total": 35
    },
    "partial": {
      "precision": 0.4594594594594595,
      "recall": 0.7083333333333334,
      "correct": 17,
      "total": 24
    }
  }
}