{
  "overall_accuracy": 0.64,
  "normalized_mean_absolute_error": 0.1742857142857143,
  "total_correct": 64,
  "total": 100,
  "accuracy_by_label": {
    "almost": {
      "precision": 0.0,
      "recall": 0.0,
      "correct": 0,
      "total": 6
    },
    "correct": {
      "precision": 0.7380952380952381,
      "recall": 0.8857142857142857,
      "correct": 31,
      "total": 35
    },
    "incorrect": {
      "precision": 0.76,
      "recall": 0.5428571428571428,
      "correct": 19,
      "total": 35
    },
    "partial": {
      "precision": 0.42424242424242425,
      "recall": 0.5833333333333334,
      "correct": 14,
      "total": 24
    }
  }
}