{
  "overall_accuracy": 0.49,
  "normalized_mean_absolute_error": 0.41285714285714287,
  "total_correct": 49,
  "total": 100,
  "accuracy_by_label": {
    "almost": {
      "precision": 0.0,
      "recall": 0.0,
      "correct": 0,
      "total": 6
    },
    "correct": {
      "precision": 0.7317073170731707,
      "recall": 0.8571428571428571,
      "correct": 30,
      "total": 35
    },
    "incorrect": {
      "precision": 0.9,
      "recall": 0.2571428571428571,
      "correct": 9,
      "total": 35
    },
    "partial": {
      "precision": 0.5882352941176471,
      "recall": 0.4166666666666667,
      "correct": 10,
      "total": 24
    }
  }
}