{
  "overall_accuracy": 0.63,
  "normalized_mean_absolute_error": 0.19285714285714287,
  "total_correct": 63,
  "total": 100,
  "accuracy_by_label": {
    "almost": {
      "precision": 0.2,
      "recall": 0.16666666666666666,
      "correct": 1,
      "total": 6
    },
    "correct": {
      "precision": 0.6470588235294118,
      "recall": 0.9428571428571428,
      "correct": 33,
      "total": 35
    },
    "incorrect": {
      "precision": 0.7142857142857143,
      "recall": 0.7142857142857143,
      "correct": 25,
      "total": 35
    },
    "partial": {
      "precision": 0.4444444444444444,
      "recall": 0.16666666666666666,
      "correct": 4,
      "total": 24
    }
  }
}