{
  "overall_accuracy": 0.58,
  "normalized_mean_absolute_error": 0.15,
  "total_correct": 58,
  "total": 100,
  "accuracy_by_label": {
    "almost": {
      "precision": 0.2631578947368421,
      "recall": 0.8333333333333334,
      "correct": 5,
      "total": 6
    },
    "correct": {
      "precision": 0.8064516129032258,
      "recall": 0.7142857142857143,
      "correct": 25,
      "total": 35
    },
    "incorrect": {
      "precision": 1.0,
      "recall": 0.3142857142857143,
      "correct": 11,
      "total": 35
    },
    "partial": {
      "precision": 0.4358974358974359,
      "recall": 0.7083333333333334,
      "correct": 17,
      "total": 24
    }
  }
}