{
  "overall_accuracy": 0.58,
  "normalized_mean_absolute_error": 0.13285714285714287,
  "total_correct": 58,
  "total": 100,
  "accuracy_by_label": {
    "almost": {
      "precision": 0.3333333333333333,
      "recall": 0.2,
      "correct": 1,
      "total": 5
    },
    "correct": {
      "precision": 0.7948717948717948,
      "recall": 0.8857142857142857,
      "correct": 31,
      "total": 35
    },
    "incorrect": {
      "precision": 0.6666666666666666,
      "recall": 0.22857142857142856,
      "correct": 8,
      "total": 35
    },
    "partial": {
      "precision": 0.391304347826087,
      "recall": 0.72,
      "correct": 18,
      "total": 25
    }
  }
}