{
  "overall_accuracy": 0.59,
  "normalized_mean_absolute_error": 0.22571428571428573,
  "total_correct": 59,
  "total": 100,
  "accuracy_by_label": {
    "almost": {
      "precision": 0.0,
      "recall": 0.0,
      "correct": 0,
      "total": 6
    },
    "correct": {
      "precision": 0.625,
      "recall": 0.8571428571428571,
      "correct": 30,
      "total": 35
    },
    "incorrect": {
      "precision": 0.7931034482758621,
      "recall": 0.6571428571428571,
      "correct": 23,
      "total": 35
    },
    "partial": {
      "precision": 0.35294117647058826,
      "recall": 0.25,
      "correct": 6,
      "total": 24
    }
  }
}