{
  "overall_accuracy": 0.33,
  "normalized_mean_absolute_error": 0.4042857142857143,
  "total_correct": 33,
  "total": 100,
  "accuracy_by_label": {
    "almost": {
      "precision": 0.0,
      "recall": 0.0,
      "correct": 0,
      "total": 5
    },
    "correct": {
      "precision": 0.6521739130434783,
      "recall": 0.42857142857142855,
      "correct": 15,
      "total": 35
    },
    "incorrect": {
      "precision": 0.4411764705882353,
      "recall": 0.42857142857142855,
      "correct": 15,
      "total": 35
    },
    "partial": {
      "precision": 0.1875,
      "recall": 0.12,
      "correct": 3,
      "total": 25
    }
  }
}