{
  "overall_accuracy": 0.64,
  "normalized_mean_absolute_error": 0.16857142857142857,
  "total_correct": 64,
  "total": 100,
  "accuracy_by_label": {
    "almost": {
      "precision": 0.3333333333333333,
      "recall": 0.16666666666666666,
      "correct": 1,
      "total": 6
    },
    "correct": {
      "precision": 0.717391304347826,
      "recall": 0.9428571428571428,
      "correct": 33,
      "total": 35
    },
    "incorrect": {
      "precision": 0.7142857142857143,
      "recall": 0.7142857142857143,
      "correct": 25,
      "total": 35
    },
    "partial": {
      "precision": 0.35714285714285715,
      "recall": 0.20833333333333334,
      "correct": 5,
      "total": 24
    }
  }
}