{
  "overall_accuracy": 0.62,
  "normalized_mean_absolute_error": 0.23285714285714285,
  "total_correct": 62,
  "total": 100,
  "accuracy_by_label": {
    "almost": {
      "precision": 0.0,
      "recall": 0.0,
      "correct": 0,
      "total": 5
    },
    "correct": {
      "precision": 0.7619047619047619,
      "recall": 0.9142857142857143,
      "correct": 32,
      "total": 35
    },
    "incorrect": {
      "precision": 0.6129032258064516,
      "recall": 0.5428571428571428,
      "correct": 19,
      "total": 35
    },
    "partial": {
      "precision": 0.6470588235294118,
      "recall": 0.44,
      "correct": 11,
      "total": 25
    }
  }
}