{
  "overall_accuracy": 0.59,
  "normalized_mean_absolute_error": 0.23142857142857146,
  "total_correct": 59,
  "total": 100,
  "accuracy_by_label": {
    "almost": {
      "precision": 0.0,
      "recall": 0.0,
      "correct": 0,
      "total": 6
    },
    "correct": {
      "precision": 0.7272727272727273,
      "recall": 0.9142857142857143,
      "correct": 32,
      "total": 35
    },
    "incorrect": {
      "precision": 0.7307692307692307,
      "recall": 0.5428571428571428,
      "correct": 19,
      "total": 35
    },
    "partial": {
      "precision": 0.47058823529411764,
      "recall": 0.3333333333333333,
      "correct": 8,
      "total": 24
    }
  }
}