{
  "overall_accuracy": 0.21,
  "normalized_mean_absolute_error": 0.6728571428571428,
  "total_correct": 21,
  "total": 100,
  "accuracy_by_label": {
    "almost": {
      "precision": 0.18181818181818182,
      "recall": 0.4,
      "correct": 2,
      "total": 5
    },
    "correct": {
      "precision": 0.6538461538461539,
      "recall": 0.4857142857142857,
      "correct": 17,
      "total": 35
    },
    "incorrect": {
      "precision": 0.25,
      "recall": 0.02857142857142857,
      "correct": 1,
      "total": 35
    },
    "partial": {
      "precision": 0.25,
      "recall": 0.04,
      "correct": 1,
      "total": 25
    }
  }
}