{
  "overall_accuracy": 0.33,
  "normalized_mean_absolute_error": 0.5285714285714286,
  "total_correct": 33,
  "total": 100,
  "accuracy_by_label": {
    "almost": {
      "precision": 0.0,
      "recall": 0.0,
      "correct": 0,
      "total": 5
    },
    "correct": {
      "precision": 0.6944444444444444,
      "recall": 0.7142857142857143,
      "correct": 25,
      "total": 35
    },
    "incorrect": {
      "precision": 0.375,
      "recall": 0.08571428571428572,
      "correct": 3,
      "total": 35
    },
    "partial": {
      "precision": 0.38461538461538464,
      "recall": 0.2,
      "correct": 5,
      "total": 25
    }
  }
}