{
  "overall_accuracy": 0.27,
  "normalized_mean_absolute_error": 0.6214285714285713,
  "total_correct": 27,
  "total": 100,
  "accuracy_by_label": {
    "almost": {
      "precision": 0.0,
      "recall": 0.0,
      "correct": 0,
      "total": 5
    },
    "correct": {
      "precision": 0.5945945945945946,
      "recall": 0.6285714285714286,
      "correct": 22,
      "total": 35
    },
    "incorrect": {
      "precision": 0.38461538461538464,
      "recall": 0.14285714285714285,
      "correct": 5,
      "total": 35
    },
    "partial": {
      "precision": 0.0,
      "recall": 0.0,
      "correct": 0,
      "total": 25
    }
  }
}