{
  "overall_accuracy": 0.21,
  "normalized_mean_absolute_error": 0.3985714285714286,
  "total_correct": 21,
  "total": 100,
  "accuracy_by_label": {
    "almost": {
      "precision": 0.01818181818181818,
      "recall": 0.2,
      "correct": 1,
      "total": 5
    },
    "correct": {
      "precision": 0.7058823529411765,
      "recall": 0.34285714285714286,
      "correct": 12,
      "total": 35
    },
    "incorrect": {
      "precision": 0.2,
      "recall": 0.05714285714285714,
      "correct": 2,
      "total": 35
    },
    "partial": {
      "precision": 0.3333333333333333,
      "recall": 0.24,
      "correct": 6,
      "total": 25
    }
  }
}