{
  "overall_accuracy": 0.6,
  "normalized_mean_absolute_error": 0.15571428571428572,
  "total_correct": 60,
  "total": 100,
  "accuracy_by_label": {
    "almost": {
      "precision": 0.3333333333333333,
      "recall": 0.5,
      "correct": 3,
      "total": 6
    },
    "correct": {
      "precision": 0.775,
      "recall": 0.8857142857142857,
      "correct": 31,
      "total": 35
    },
    "incorrect": {
      "precision": 0.7647058823529411,
      "recall": 0.37142857142857144,
      "correct": 13,
      "total": 35
    },
    "partial": {
      "precision": 0.38235294117647056,
      "recall": 0.5416666666666666,
      "correct": 13,
      "total": 24
    }
  }
}