{
  "overall_accuracy": 0.21,
  "normalized_mean_absolute_error": 0.37,
  "total_correct": 21,
  "total": 100,
  "accuracy_by_label": {
    "almost": {
      "precision": 0.08333333333333333,
      "recall": 1.0,
      "correct": 6,
      "total": 6
    },
    "correct": {
      "precision": 0.8888888888888888,
      "recall": 0.22857142857142856,
      "correct": 8,
      "total": 35
    },
    "incorrect": {
      "precision": 0.75,
      "recall": 0.17142857142857143,
      "correct": 6,
      "total": 35
    },
    "partial": {
      "precision": 0.09090909090909091,
      "recall": 0.041666666666666664,
      "correct": 1,
      "total": 24
    }
  }
}