{
  "overall_accuracy": 0.62,
  "normalized_mean_absolute_error": 0.15714285714285717,
  "total_correct": 62,
  "total": 100,
  "accuracy_by_label": {
    "almost": {
      "precision": 0.2,
      "recall": 0.5,
      "correct": 3,
      "total": 6
    },
    "correct": {
      "precision": 0.8620689655172413,
      "recall": 0.7142857142857143,
      "correct": 25,
      "total": 35
    },
    "incorrect": {
      "precision": 0.71875,
      "recall": 0.6571428571428571,
      "correct": 23,
      "total": 35
    },
    "partial": {
      "precision": 0.4583333333333333,
      "recall": 0.4583333333333333,
      "correct": 11,
      "total": 24
    }
  }
}