{
  "overall_accuracy": 0.52,
  "normalized_mean_absolute_error": 0.28285714285714286,
  "total_correct": 52,
  "total": 100,
  "accuracy_by_label": {
    "almost": {
      "precision": 0.4,
      "recall": 0.3333333333333333,
      "correct": 2,
      "total": 6
    },
    "correct": {
      "precision": 0.5517241379310345,
      "recall": 0.9142857142857143,
      "correct": 32,
      "total": 35
    },
    "incorrect": {
      "precision": 0.6875,
      "recall": 0.3142857142857143,
      "correct": 11,
      "total": 35
    },
    "partial": {
      "precision": 0.3333333333333333,
      "recall": 0.2916666666666667,
      "correct": 7,
      "total": 24
    }
  }
}