{
  "overall_accuracy": 0.21,
  "normalized_mean_absolute_error": 0.43571428571428567,
  "total_correct": 21,
  "total": 100,
  "accuracy_by_label": {
    "almost": {
      "precision": 0.034482758620689655,
      "recall": 0.3333333333333333,
      "correct": 2,
      "total": 6
    },
    "correct": {
      "precision": 0.7,
      "recall": 0.2,
      "correct": 7,
      "total": 35
    },
    "incorrect": {
      "precision": 1.0,
      "recall": 0.17142857142857143,
      "correct": 6,
      "total": 35
    },
    "partial": {
      "precision": 0.23076923076923078,
      "recall": 0.25,
      "correct": 6,
      "total": 24
    }
  }
}