{
  "overall_accuracy": 0.47,
  "normalized_mean_absolute_error": 0.26,
  "total_correct": 47,
  "total": 100,
  "accuracy_by_label": {
    "almost": {
      "precision": 0.13636363636363635,
      "recall": 0.6,
      "correct": 3,
      "total": 5
    },
    "correct": {
      "precision": 0.7894736842105263,
      "recall": 0.8571428571428571,
      "correct": 30,
      "total": 35
    },
    "incorrect": {
      "precision": 0.4230769230769231,
      "recall": 0.3142857142857143,
      "correct": 11,
      "total": 35
    },
    "partial": {
      "precision": 0.21428571428571427,
      "recall": 0.12,
      "correct": 3,
      "total": 25
    }
  }
}