{
  "overall_accuracy": 0.6,
  "normalized_mean_absolute_error": 0.16142857142857142,
  "total_correct": 60,
  "total": 100,
  "accuracy_by_label": {
    "almost": {
      "precision": 0.0,
      "recall": 0.0,
      "correct": 0,
      "total": 5
    },
    "correct": {
      "precision": 0.75,
      "recall": 0.7714285714285715,
      "correct": 27,
      "total": 35
    },
    "incorrect": {
      "precision": 0.6451612903225806,
      "recall": 0.5714285714285714,
      "correct": 20,
      "total": 35
    },
    "partial": {
      "precision": 0.3939393939393939,
      "recall": 0.52,
      "correct": 13,
      "total": 25
    }
  }
}