{
  "overall_accuracy": 0.52,
  "normalized_mean_absolute_error": 0.18571428571428572,
  "total_correct": 52,
  "total": 100,
  "accuracy_by_label": {
    "almost": {
      "precision": 0.0,
      "recall": 0.0,
      "correct": 0,
      "total": 5
    },
    "correct": {
      "precision": 0.6956521739130435,
      "recall": 0.9142857142857143,
      "correct": 32,
      "total": 35
    },
    "incorrect": {
      "precision": 0.4444444444444444,
      "recall": 0.34285714285714286,
      "correct": 12,
      "total": 35
    },
    "partial": {
      "precision": 0.3076923076923077,
      "recall": 0.32,
      "correct": 8,
      "total": 25
    }
  }
}