{
  "overall_accuracy": 0.62,
  "normalized_mean_absolute_error": 0.18,
  "total_correct": 62,
  "total": 100,
  "accuracy_by_label": {
    "almost": {
      "precision": 0.2,
      "recall": 0.3333333333333333,
      "correct": 2,
      "total": 6
    },
    "correct": {
      "precision": 0.7878787878787878,
      "recall": 0.7428571428571429,
      "correct": 26,
      "total": 35
    },
    "incorrect": {
      "precision": 0.8947368421052632,
      "recall": 0.4857142857142857,
      "correct": 17,
      "total": 35
    },
    "partial": {
      "precision": 0.4473684210526316,
      "recall": 0.7083333333333334,
      "correct": 17,
      "total": 24
    }
  }
}