{
  "overall_accuracy": 0.35,
  "normalized_mean_absolute_error": 0.4785714285714286,
  "total_correct": 35,
  "total": 100,
  "accuracy_by_label": {
    "almost": {
      "precision": 0.0,
      "recall": 0.0,
      "correct": 0,
      "total": 5
    },
    "correct": {
      "precision": 0.7647058823529411,
      "recall": 0.7428571428571429,
      "correct": 26,
      "total": 35
    },
    "incorrect": {
      "precision": 0.3333333333333333,
      "recall": 0.08571428571428572,
      "correct": 3,
      "total": 35
    },
    "partial": {
      "precision": 0.3157894736842105,
      "recall": 0.24,
      "correct": 6,
      "total": 25
    }
  }
}