{
  "overall_accuracy": 0.58,
  "normalized_mean_absolute_error": 0.1742857142857143,
  "total_correct": 58,
  "total": 100,
  "accuracy_by_label": {
    "almost": {
      "precision": 0.14285714285714285,
      "recall": 0.3333333333333333,
      "correct": 2,
      "total": 6
    },
    "correct": {
      "precision": 0.7777777777777778,
      "recall": 0.8,
      "correct": 28,
      "total": 35
    },
    "incorrect": {
      "precision": 1.0,
      "recall": 0.37142857142857144,
      "correct": 13,
      "total": 35
    },
    "partial": {
      "precision": 0.40540540540540543,
      "recall": 0.625,
      "correct": 15,
      "total": 24
    }
  }
}