{
  "overall_accuracy": 0.22,
  "normalized_mean_absolute_error": 0.59,
  "total_correct": 22,
  "total": 100,
  "accuracy_by_label": {
    "almost": {
      "precision": 0.05263157894736842,
      "recall": 0.16666666666666666,
      "correct": 1,
      "total": 6
    },
    "correct": {
      "precision": 0.7894736842105263,
      "recall": 0.42857142857142855,
      "correct": 15,
      "total": 35
    },
    "incorrect": {
      "precision": 0.5,
      "recall": 0.02857142857142857,
      "correct": 1,
      "total": 35
    },
    "partial": {
      "precision": 0.29411764705882354,
      "recall": 0.20833333333333334,
      "correct": 5,
      "total": 24
    }
  }
}