{
  "overall_accuracy": 0.6,
  "normalized_mean_absolute_error": 0.18285714285714286,
  "total_correct": 60,
  "total": 100,
  "accuracy_by_label": {
    "almost": {
      "precision": 0.16666666666666666,
      "recall": 0.3333333333333333,
      "correct": 2,
      "total": 6
    },
    "correct": {
      "precision": 0.7209302325581395,
      "recall": 0.8857142857142857,
      "correct": 31,
      "total": 35
    },
    "incorrect": {
      "precision": 0.9333333333333333,
      "recall": 0.4,
      "correct": 14,
      "total": 35
    },
    "partial": {
      "precision": 0.43333333333333335,
      "recall": 0.5416666666666666,
      "correct": 13,
      "total": 24
    }
  }
}