{
  "overall_accuracy": 0.58,
  "normalized_mean_absolute_error": 0.18142857142857144,
  "total_correct": 58,
  "total": 100,
  "accuracy_by_label": {
    "almost": {
      "precision": 0.2857142857142857,
      "recall": 0.3333333333333333,
      "correct": 2,
      "total": 6
    },
    "correct": {
      "precision": 0.7111111111111111,
      "recall": 0.9142857142857143,
      "correct": 32,
      "total": 35
    },
    "incorrect": {
      "precision": 0.9090909090909091,
      "recall": 0.2857142857142857,
      "correct": 10,
      "total": 35
    },
    "partial": {
      "precision": 0.3783783783783784,
      "recall": 0.5833333333333334,
      "correct": 14,
      "total": 24
    }
  }
}