{
  "overall_accuracy": 0.59,
  "normalized_mean_absolute_error": 0.18571428571428572,
  "total_correct": 59,
  "total": 100,
  "accuracy_by_label": {
    "almost": {
      "precision": 0.0,
      "recall": 0.0,
      "correct": 0,
      "total": 6
    },
    "correct": {
      "precision": 0.66,
      "recall": 0.9428571428571428,
      "correct": 33,
      "total": 35
    },
    "incorrect": {
      "precision": 0.7272727272727273,
      "recall": 0.45714285714285713,
      "correct": 16,
      "total": 35
    },
    "partial": {
      "precision": 0.37037037037037035,
      "recall": 0.4166666666666667,
      "correct": 10,
      "total": 24
    }
  }
}