{
  "overall_accuracy": 0.24,
  "normalized_mean_absolute_error": 0.5742857142857142,
  "total_correct": 24,
  "total": 100,
  "accuracy_by_label": {
    "almost": {
      "precision": 0.058823529411764705,
      "recall": 0.2,
      "correct": 1,
      "total": 5
    },
    "correct": {
      "precision": 0.7692307692307693,
      "recall": 0.2857142857142857,
      "correct": 10,
      "total": 35
    },
    "incorrect": {
      "precision": 0.5,
      "recall": 0.11428571428571428,
      "correct": 4,
      "total": 35
    },
    "partial": {
      "precision": 0.3,
      "recall": 0.36,
      "correct": 9,
      "total": 25
    }
  }
}