{
  "overall_accuracy": 0.49,
  "normalized_mean_absolute_error": 0.17714285714285713,
  "total_correct": 49,
  "total": 100,
  "accuracy_by_label": {
    "almost": {
      "precision": 0.0,
      "recall": 0.0,
      "correct": 0,
      "total": 5
    },
    "correct": {
      "precision": 0.7441860465116279,
      "recall": 0.9142857142857143,
      "correct": 32,
      "total": 35
    },
    "incorrect": {
      "precision": 0.4,
      "recall": 0.2857142857142857,
      "correct": 10,
      "total": 35
    },
    "partial": {
      "precision": 0.22580645161290322,
      "recall": 0.28,
      "correct": 7,
      "total": 25
    }
  }
}