{
  "overall_accuracy": 0.57,
  "normalized_mean_absolute_error": 0.15142857142857144,
  "total_correct": 57,
  "total": 100,
  "accuracy_by_label": {
    "almost": {
      "precision": 0.125,
      "recall": 0.2,
      "correct": 1,
      "total": 5
    },
    "correct": {
      "precision": 0.7631578947368421,
      "recall": 0.8285714285714286,
      "correct": 29,
      "total": 35
    },
    "incorrect": {
      "precision": 0.6428571428571429,
      "recall": 0.2571428571428571,
      "correct": 9,
      "total": 35
    },
    "partial": {
      "precision": 0.45,
      "recall": 0.72,
      "correct": 18,
      "total": 25
    }
  }
}