{
  "overall_accuracy": 0.47,
  "normalized_mean_absolute_error": 0.44571428571428573,
  "total_correct": 47,
  "total": 100,
  "accuracy_by_label": {
    "almost": {
      "precision": 0.0,
      "recall": 0.0,
      "correct": 0,
      "total": 6
    },
    "correct": {
      "precision": 0.8048780487804879,
      "recall": 0.9428571428571428,
      "correct": 33,
      "total": 35
    },
    "incorrect": {
      "precision": 1.0,
      "recall": 0.2,
      "correct": 7,
      "total": 35
    },
    "partial": {
      "precision": 0.4666666666666667,
      "recall": 0.2916666666666667,
      "correct": 7,
      "total": 24
    }
  }
}