{
  "overall_accuracy": 0.06,
  "normalized_mean_absolute_error": 0.8614285714285714,
  "total_correct": 6,
  "total": 100,
  "accuracy_by_label": {
    "almost": {
      "precision": 0.1,
      "recall": 0.16666666666666666,
      "correct": 1,
      "total": 6
    },
    "correct": {
      "precision": 0.8,
      "recall": 0.11428571428571428,
      "correct": 4,
      "total": 35
    },
    "incorrect": {
      "precision": 0.0,
      "recall": 0.0,
      "correct": 0,
      "total": 35
    },
    "partial": {
      "precision": 0.16666666666666666,
      "recall": 0.041666666666666664,
      "correct": 1,
      "total": 24
    }
  }
}