{
  "overall_accuracy": 0.54,
  "normalized_mean_absolute_error": 0.17857142857142858,
  "total_correct": 54,
  "total": 100,
  "accuracy_by_label": {
    "almost": {
      "precision": 0.0,
      "recall": 0.0,
      "correct": 0,
      "total": 5
    },
    "correct": {
      "precision": 0.7045454545454546,
      "recall": 0.8857142857142857,
      "correct": 31,
      "total": 35
    },
    "incorrect": {
      "precision": 0.5277777777777778,
      "recall": 0.5428571428571428,
      "correct": 19,
      "total": 35
    },
    "partial": {
      "precision": 0.23529411764705882,
      "recall": 0.16,
      "correct": 4,
      "total": 25
    }
  }
}