{
  "overall_accuracy": 0.28,
  "normalized_mean_absolute_error": 0.4557142857142857,
  "total_correct": 28,
  "total": 100,
  "accuracy_by_label": {
    "almost": {
      "precision": 0.07692307692307693,
      "recall": 0.3333333333333333,
      "correct": 2,
      "total": 6
    },
    "correct": {
      "precision": 0.65,
      "recall": 0.37142857142857144,
      "correct": 13,
      "total": 35
    },
    "incorrect": {
      "precision": 0.0,
      "recall": 0.0,
      "correct": 0,
      "total": 35
    },
    "partial": {
      "precision": 0.24074074074074073,
      "recall": 0.5416666666666666,
      "correct": 13,
      "total": 24
    }
  }
}