{
  "overall_accuracy": 0.37,
  "normalized_mean_absolute_error": 0.5142857142857143,
  "total_correct": 37,
  "total": 100,
  "accuracy_by_label": {
    "almost": {
      "precision": 0.18181818181818182,
      "recall": 0.3333333333333333,
      "correct": 2,
      "total": 6
    },
    "correct": {
      "precision": 0.6904761904761905,
      "recall": 0.8285714285714286,
      "correct": 29,
      "total": 35
    },
    "incorrect": {
      "precision": 0.8333333333333334,
      "recall": 0.14285714285714285,
      "correct": 5,
      "total": 35
    },
    "partial": {
      "precision": 0.16666666666666666,
      "recall": 0.041666666666666664,
      "correct": 1,
      "total": 24
    }
  }
}