{
  "overall_accuracy": 0.53,
  "normalized_mean_absolute_error": 0.16999999999999998,
  "total_correct": 53,
  "total": 100,
  "accuracy_by_label": {
    "almost": {
      "precision": 0.0,
      "recall": 0.0,
      "correct": 0,
      "total": 5
    },
    "correct": {
      "precision": 0.7894736842105263,
      "recall": 0.8571428571428571,
      "correct": 30,
      "total": 35
    },
    "incorrect": {
      "precision": 0.5833333333333334,
      "recall": 0.2,
      "correct": 7,
      "total": 35
    },
    "partial": {
      "precision": 0.3404255319148936,
      "recall": 0.64,
      "correct": 16,
      "total": 25
    }
  }
}