{
  "overall_accuracy": 0.62,
  "normalized_mean_absolute_error": 0.15857142857142859,
  "total_correct": 62,
  "total": 100,
  "accuracy_by_label": {
    "almost": {
      "precision": 0.0,
      "recall": 0.0,
      "correct": 0,
      "total": 6
    },
    "correct": {
      "precision": 0.673469387755102,
      "recall": 0.9428571428571428,
      "correct": 33,
      "total": 35
    },
    "incorrect": {
      "precision": 0.75,
      "recall": 0.5142857142857142,
      "correct": 18,
      "total": 35
    },
    "partial": {
      "precision": 0.4074074074074074,
      "recall": 0.4583333333333333,
      "correct": 11,
      "total": 24
    }
  }
}