{
  "overall_accuracy": 0.6,
  "normalized_mean_absolute_error": 0.16999999999999998,
  "total_correct": 60,
  "total": 100,
  "accuracy_by_label": {
    "almost": {
      "precision": 0.0,
      "recall": 0.0,
      "correct": 0,
      "total": 6
    },
    "correct": {
      "precision": 0.6346153846153846,
      "recall": 0.9428571428571428,
      "correct": 33,
      "total": 35
    },
    "incorrect": {
      "precision": 0.6875,
      "recall": 0.6285714285714286,
      "correct": 22,
      "total": 35
    },
    "partial": {
      "precision": 0.3125,
      "recall": 0.20833333333333334,
      "correct": 5,
      "total": 24
    }
  }
}