{
  "overall_accuracy": 0.58,
  "normalized_mean_absolute_error": 0.17857142857142858,
  "total_correct": 58,
  "total": 100,
  "accuracy_by_label": {
    "almost": {
      "precision": 0.0,
      "recall": 0.0,
      "correct": 0,
      "total": 6
    },
    "correct": {
      "precision": 0.6666666666666666,
      "recall": 0.9714285714285714,
      "correct": 34,
      "total": 35
    },
    "incorrect": {
      "precision": 0.6538461538461539,
      "recall": 0.4857142857142857,
      "correct": 17,
      "total": 35
    },
    "partial": {
      "precision": 0.30434782608695654,
      "recall": 0.2916666666666667,
      "correct": 7,
      "total": 24
    }
  }
}