{
  "overall_accuracy": 0.6,
  "normalized_mean_absolute_error": 0.2857142857142857,
  "total_correct": 60,
  "total": 100,
  "accuracy_by_label": {
    "almost": {
      "precision": 1.0,
      "recall": 0.16666666666666666,
      "correct": 1,
      "total": 6
    },
    "correct": {
      "precision": 0.6956521739130435,
      "recall": 0.9142857142857143,
      "correct": 32,
      "total": 35
    },
    "incorrect": {
      "precision": 0.75,
      "recall": 0.7714285714285715,
      "correct": 27,
      "total": 35
    },
    "partial": {
      "precision": 0.0,
      "recall": 0.0,
      "correct": 0,
      "total": 24
    }
  }
}