{
  "overall_accuracy": 0.59,
  "normalized_mean_absolute_error": 0.19142857142857145,
  "total_correct": 59,
  "total": 100,
  "accuracy_by_label": {
    "almost": {
      "precision": 0.0,
      "recall": 0.0,
      "correct": 0,
      "total": 6
    },
    "correct": {
      "precision": 0.6595744680851063,
      "recall": 0.8857142857142857,
      "correct": 31,
      "total": 35
    },
    "incorrect": {
      "precision": 0.7391304347826086,
      "recall": 0.4857142857142857,
      "correct": 17,
      "total": 35
    },
    "partial": {
      "precision": 0.36666666666666664,
      "recall": 0.4583333333333333,
      "correct": 11,
      "total": 24
    }
  }
}