{
  "overall_accuracy": 0.54,
  "normalized_mean_absolute_error": 0.2414285714285714,
  "total_correct": 54,
  "total": 100,
  "accuracy_by_label": {
    "almost": {
      "precision": 0.0,
      "recall": 0.0,
      "correct": 0,
      "total": 5
    },
    "correct": {
      "precision": 0.64,
      "recall": 0.9142857142857143,
      "correct": 32,
      "total": 35
    },
    "incorrect": {
      "precision": 0.5263157894736842,
      "recall": 0.5714285714285714,
      "correct": 20,
      "total": 35
    },
    "partial": {
      "precision": 0.2857142857142857,
      "recall": 0.08,
      "correct": 2,
      "total": 25
    }
  }
}