{
  "overall_accuracy": 0.69,
  "normalized_mean_absolute_error": 0.12,
  "total_correct": 69,
  "total": 100,
  "accuracy_by_label": {
    "almost": {
      "precision": 0.0,
      "recall": 0.0,
      "correct": 0,
      "total": 6
    },
    "correct": {
      "precision": 0.8333333333333334,
      "recall": 0.8571428571428571,
      "correct": 30,
      "total": 35
    },
    "incorrect": {
      "precision": 0.7575757575757576,
      "recall": 0.7142857142857143,
      "correct": 25,
      "total": 35
    },
    "partial": {
      "precision": 0.45161290322580644,
      "recall": 0.5833333333333334,
      "correct": 14,
      "total": 24
    }
  }
}