{
  "overall_accuracy": 0.6,
  "normalized_mean_absolute_error": 0.15142857142857144,
  "total_correct": 60,
  "total": 100,
  "accuracy_by_label": {
    "almost": {
      "precision": 0.0,
      "recall": 0.0,
      "correct": 0,
      "total": 6
    },
    "correct": {
      "precision": 0.6875,
      "recall": 0.9428571428571428,
      "correct": 33,
      "total": 35
    },
    "incorrect": {
      "precision": 0.9230769230769231,
      "recall": 0.34285714285714286,
      "correct": 12,
      "total": 35
    },
    "partial": {
      "precision": 0.40540540540540543,
      "recall": 0.625,
      "correct": 15,
      "total": 24
    }
  }
}