{
  "overall_accuracy": 0.61,
  "normalized_mean_absolute_error": 0.18285714285714286,
  "total_correct": 61,
  "total": 100,
  "accuracy_by_label": {
    "almost": {
      "precision": 0.0,
      "recall": 0.0,
      "correct": 0,
      "total": 6
    },
    "correct": {
      "precision": 0.6938775510204082,
      "recall": 0.9714285714285714,
      "correct": 34,
      "total": 35
    },
    "incorrect": {
      "precision": 0.6896551724137931,
      "recall": 0.5714285714285714,
      "correct": 20,
      "total": 35
    },
    "partial": {
      "precision": 0.3684210526315789,
      "recall": 0.2916666666666667,
      "correct": 7,
      "total": 24
    }
  }
}