{
  "overall_accuracy": 0.5,
  "normalized_mean_absolute_error": 0.23142857142857146,
  "total_correct": 50,
  "total": 100,
  "accuracy_by_label": {
    "almost": {
      "precision": 0.0,
      "recall": 0.0,
      "correct": 0,
      "total": 5
    },
    "correct": {
      "precision": 0.6571428571428571,
      "recall": 0.6571428571428571,
      "correct": 23,
      "total": 35
    },
    "incorrect": {
      "precision": 0.5588235294117647,
      "recall": 0.5428571428571428,
      "correct": 19,
      "total": 35
    },
    "partial": {
      "precision": 0.4,
      "recall": 0.32,
      "correct": 8,
      "total": 25
    }
  }
}