{
  "overall_accuracy": 0.5,
  "normalized_mean_absolute_error": 0.17285714285714285,
  "total_correct": 50,
  "total": 100,
  "accuracy_by_label": {
    "almost": {
      "precision": 0.0,
      "recall": 0.0,
      "correct": 0,
      "total": 5
    },
    "correct": {
      "precision": 0.7209302325581395,
      "recall": 0.8857142857142857,
      "correct": 31,
      "total": 35
    },
    "incorrect": {
      "precision": 0.4074074074074074,
      "recall": 0.3142857142857143,
      "correct": 11,
      "total": 35
    },
    "partial": {
      "precision": 0.26666666666666666,
      "recall": 0.32,
      "correct": 8,
      "total": 25
    }
  }
}