{
  "overall_accuracy": 0.66,
  "normalized_mean_absolute_error": 0.1942857142857143,
  "total_correct": 66,
  "total": 100,
  "accuracy_by_label": {
    "almost": {
      "precision": 0.4,
      "recall": 0.3333333333333333,
      "correct": 2,
      "total": 6
    },
    "correct": {
      "precision": 0.66,
      "recall": 0.9428571428571428,
      "correct": 33,
      "total": 35
    },
    "incorrect": {
      "precision": 0.7647058823529411,
      "recall": 0.7428571428571429,
      "correct": 26,
      "total": 35
    },
    "partial": {
      "precision": 0.45454545454545453,
      "recall": 0.20833333333333334,
      "correct": 5,
      "total": 24
    }
  }
}