{
  "overall_accuracy": 0.39,
  "normalized_mean_absolute_error": 0.5128571428571428,
  "total_correct": 39,
  "total": 100,
  "accuracy_by_label": {
    "almost": {
      "precision": 0.1111111111111111,
      "recall": 0.16666666666666666,
      "correct": 1,
      "total": 6
    },
    "correct": {
      "precision": 0.7317073170731707,
      "recall": 0.8571428571428571,
      "correct": 30,
      "total": 35
    },
    "incorrect": {
      "precision": 0.8,
      "recall": 0.11428571428571428,
      "correct": 4,
      "total": 35
    },
    "partial": {
      "precision": 0.4444444444444444,
      "recall": 0.16666666666666666,
      "correct": 4,
      "total": 24
    }
  }
}