{
  "overall_accuracy": 0.64,
  "normalized_mean_absolute_error": 0.14857142857142858,
  "total_correct": 64,
  "total": 100,
  "accuracy_by_label": {
    "almost": {
      "precision": 0.36363636363636365,
      "recall": 0.6666666666666666,
      "correct": 4,
      "total": 6
    },
    "correct": {
      "precision": 0.8157894736842105,
      "recall": 0.8857142857142857,
      "correct": 31,
      "total": 35
    },
    "incorrect": {
      "precision": 0.8,
      "recall": 0.45714285714285713,
      "correct": 16,
      "total": 35
    },
    "partial": {
      "precision": 0.41935483870967744,
      "recall": 0.5416666666666666,
      "correct": 13,
      "total": 24
    }
  }
}