{
  "overall_accuracy": 0.61,
  "normalized_mean_absolute_error": 0.1657142857142857,
  "total_correct": 61,
  "total": 100,
  "accuracy_by_label": {
    "almost": {
      "precision": 0.0,
      "recall": 0.0,
      "correct": 0,
      "total": 5
    },
    "correct": {
      "precision": 0.6666666666666666,
      "recall": 0.9142857142857143,
      "correct": 32,
      "total": 35
    },
    "incorrect": {
      "precision": 0.6176470588235294,
      "recall": 0.6,
      "correct": 21,
      "total": 35
    },
    "partial": {
      "precision": 0.4444444444444444,
      "recall": 0.32,
      "correct": 8,
      "total": 25
    }
  }
}