{
  "overall_accuracy": 0.52,
  "normalized_mean_absolute_error": 0.18571428571428572,
  "total_correct": 52,
  "total": 100,
  "accuracy_by_label": {
    "almost": {
      "precision": 0.0,
      "recall": 0.0,
      "correct": 0,
      "total": 5
    },
    "correct": {
      "precision": 0.6808510638297872,
      "recall": 0.9142857142857143,
      "correct": 32,
      "total": 35
    },
    "incorrect": {
      "precision": 0.47058823529411764,
      "recall": 0.45714285714285713,
      "correct": 16,
      "total": 35
    },
    "partial": {
      "precision": 0.21052631578947367,
      "recall": 0.16,
      "correct": 4,
      "total": 25
    }
  }
}