{
  "overall_accuracy": 0.57,
  "normalized_mean_absolute_error": 0.19999999999999998,
  "total_correct": 57,
  "total": 100,
  "accuracy_by_label": {
    "almost": {
      "precision": 0.0,
      "recall": 0.0,
      "correct": 0,
      "total": 5
    },
    "correct": {
      "precision": 0.6739130434782609,
      "recall": 0.8857142857142857,
      "correct": 31,
      "total": 35
    },
    "incorrect": {
      "precision": 0.5526315789473685,
      "recall": 0.6,
      "correct": 21,
      "total": 35
    },
    "partial": {
      "precision": 0.4166666666666667,
      "recall": 0.2,
      "correct": 5,
      "total": 25
    }
  }
}