{
  "overall_accuracy": 0.53,
  "normalized_mean_absolute_error": 0.22428571428571428,
  "total_correct": 53,
  "total": 100,
  "accuracy_by_label": {
    "almost": {
      "precision": 0.11764705882352941,
      "recall": 0.3333333333333333,
      "correct": 2,
      "total": 6
    },
    "correct": {
      "precision": 0.7037037037037037,
      "recall": 0.5428571428571428,
      "correct": 19,
      "total": 35
    },
    "incorrect": {
      "precision": 0.7428571428571429,
      "recall": 0.7428571428571429,
      "correct": 26,
      "total": 35
    },
    "partial": {
      "precision": 0.3333333333333333,
      "recall": 0.25,
      "correct": 6,
      "total": 24
    }
  }
}