{
  "overall_accuracy": 0.65,
  "normalized_mean_absolute_error": 0.15285714285714286,
  "total_correct": 65,
  "total": 100,
  "accuracy_by_label": {
    "almost": {
      "precision": 0.0,
      "recall": 0.0,
      "correct": 0,
      "total": 5
    },
    "correct": {
      "precision": 0.7692307692307693,
      "recall": 0.8571428571428571,
      "correct": 30,
      "total": 35
    },
    "incorrect": {
      "precision": 0.6304347826086957,
      "recall": 0.8285714285714286,
      "correct": 29,
      "total": 35
    },
    "partial": {
      "precision": 0.6,
      "recall": 0.24,
      "correct": 6,
      "total": 25
    }
  }
}