{
  "overall_accuracy": 0.66,
  "normalized_mean_absolute_error": 0.18,
  "total_correct": 66,
  "total": 100,
  "accuracy_by_label": {
    "almost": {
      "precision": 0.3333333333333333,
      "recall": 0.16666666666666666,
      "correct": 1,
      "total": 6
    },
    "correct": {
      "precision": 0.6538461538461539,
      "recall": 0.9714285714285714,
      "correct": 34,
      "total": 35
    },
    "incorrect": {
      "precision": 0.7368421052631579,
      "recall": 0.8,
      "correct": 28,
      "total": 35
    },
    "partial": {
      "precision": 0.42857142857142855,
      "recall": 0.125,
      "correct": 3,
      "total": 24
    }
  }
}