{
  "overall_accuracy": 0.38,
  "normalized_mean_absolute_error": 0.51,
  "total_correct": 38,
  "total": 100,
  "accuracy_by_label": {
    "almost": {
      "precision": 0.1111111111111111,
      "recall": 0.16666666666666666,
      "correct": 1,
      "total": 6
    },
    "correct": {
      "precision": 0.6521739130434783,
      "recall": 0.8571428571428571,
      "correct": 30,
      "total": 35
    },
    "incorrect": {
      "precision": 0.8571428571428571,
      "recall": 0.17142857142857143,
      "correct": 6,
      "total": 35
    },
    "partial": {
      "precision": 0.2,
      "recall": 0.041666666666666664,
      "correct": 1,
      "total": 24
    }
  }
}