{
  "overall_accuracy": 0.66,
  "normalized_mean_absolute_error": 0.1657142857142857,
  "total_correct": 66,
  "total": 100,
  "accuracy_by_label": {
    "almost": {
      "precision": 0.5,
      "recall": 0.2,
      "correct": 1,
      "total": 5
    },
    "correct": {
      "precision": 0.7021276595744681,
      "recall": 0.9428571428571428,
      "correct": 33,
      "total": 35
    },
    "incorrect": {
      "precision": 0.6388888888888888,
      "recall": 0.6571428571428571,
      "correct": 23,
      "total": 35
    },
    "partial": {
      "precision": 0.6,
      "recall": 0.36,
      "correct": 9,
      "total": 25
    }
  }
}