{
  "overall_accuracy": 0.61,
  "normalized_mean_absolute_error": 0.15571428571428572,
  "total_correct": 61,
  "total": 100,
  "accuracy_by_label": {
    "almost": {
      "precision": 0.0,
      "recall": 0.0,
      "correct": 0,
      "total": 5
    },
    "correct": {
      "precision": 0.7111111111111111,
      "recall": 0.9142857142857143,
      "correct": 32,
      "total": 35
    },
    "incorrect": {
      "precision": 0.6296296296296297,
      "recall": 0.4857142857142857,
      "correct": 17,
      "total": 35
    },
    "partial": {
      "precision": 0.42857142857142855,
      "recall": 0.48,
      "correct": 12,
      "total": 25
    }
  }
}