{
  "overall_accuracy": 0.68,
  "normalized_mean_absolute_error": 0.1757142857142857,
  "total_correct": 68,
  "total": 100,
  "accuracy_by_label": {
    "almost": {
      "precision": 0.0,
      "recall": 0.0,
      "correct": 0,
      "total": 6
    },
    "correct": {
      "precision": 0.6744186046511628,
      "recall": 0.8285714285714286,
      "correct": 29,
      "total": 35
    },
    "incorrect": {
      "precision": 0.8235294117647058,
      "recall": 0.8,
      "correct": 28,
      "total": 35
    },
    "partial": {
      "precision": 0.4782608695652174,
      "recall": 0.4583333333333333,
      "correct": 11,
      "total": 24
    }
  }
}