{
  "overall_accuracy": 0.15,
  "normalized_mean_absolute_error": 0.7728571428571429,
  "total_correct": 15,
  "total": 100,
  "accuracy_by_label": {
    "almost": {
      "precision": 0.25,
      "recall": 0.3333333333333333,
      "correct": 2,
      "total": 6
    },
    "correct": {
      "precision": 0.6666666666666666,
      "recall": 0.17142857142857143,
      "correct": 6,
      "total": 35
    },
    "incorrect": {
      "precision": 0.5555555555555556,
      "recall": 0.14285714285714285,
      "correct": 5,
      "total": 35
    },
    "partial": {
      "precision": 0.4,
      "recall": 0.08333333333333333,
      "correct": 2,
      "total": 24
    }
  }
}