{
  "overall_accuracy": 0.62,
  "normalized_mean_absolute_error": 0.16428571428571428,
  "total_correct": 62,
  "total": 100,
  "accuracy_by_label": {
    "almost": {
      "precision": 0.0,
      "recall": 0.0,
      "correct": 0,
      "total": 6
    },
    "correct": {
      "precision": 0.6666666666666666,
      "recall": 0.9142857142857143,
      "correct": 32,
      "total": 35
    },
    "incorrect": {
      "precision": 1.0,
      "recall": 0.4,
      "correct": 14,
      "total": 35
    },
    "partial": {
      "precision": 0.4444444444444444,
      "recall": 0.6666666666666666,
      "correct": 16,
      "total": 24
    }
  }
}