{
  "overall_accuracy": 0.5,
  "normalized_mean_absolute_error": 0.20428571428571426,
  "total_correct": 50,
  "total": 100,
  "accuracy_by_label": {
    "almost": {
      "precision": 0.3333333333333333,
      "recall": 0.2,
      "correct": 1,
      "total": 5
    },
    "correct": {
      "precision": 0.75,
      "recall": 0.9428571428571428,
      "correct": 33,
      "total": 35
    },
    "incorrect": {
      "precision": 0.4074074074074074,
      "recall": 0.3142857142857143,
      "correct": 11,
      "total": 35
    },
    "partial": {
      "precision": 0.22727272727272727,
      "recall": 0.2,
      "correct": 5,
      "total": 25
    }
  }
}