{
  "overall_accuracy": 0.6,
  "normalized_mean_absolute_error": 0.1757142857142857,
  "total_correct": 60,
  "total": 100,
  "accuracy_by_label": {
    "almost": {
      "precision": 0.0,
      "recall": 0.0,
      "correct": 0,
      "total": 6
    },
    "correct": {
      "precision": 0.6530612244897959,
      "recall": 0.9142857142857143,
      "correct": 32,
      "total": 35
    },
    "incorrect": {
      "precision": 0.6764705882352942,
      "recall": 0.6571428571428571,
      "correct": 23,
      "total": 35
    },
    "partial": {
      "precision": 0.29411764705882354,
      "recall": 0.20833333333333334,
      "correct": 5,
      "total": 24
    }
  }
}