{
  "overall_accuracy": 0.68,
  "normalized_mean_absolute_error": 0.1285714285714286,
  "total_correct": 68,
  "total": 100,
  "accuracy_by_label": {
    "almost": {
      "precision": 0.4,
      "recall": 0.3333333333333333,
      "correct": 2,
      "total": 6
    },
    "correct": {
      "precision": 0.8611111111111112,
      "recall": 0.8857142857142857,
      "correct": 31,
      "total": 35
    },
    "incorrect": {
      "precision": 0.9375,
      "recall": 0.42857142857142855,
      "correct": 15,
      "total": 35
    },
    "partial": {
      "precision": 0.46511627906976744,
      "recall": 0.8333333333333334,
      "correct": 20,
      "total": 24
    }
  }
}