{
  "overall_accuracy": 0.63,
  "normalized_mean_absolute_error": 0.18714285714285714,
  "total_correct": 63,
  "total": 100,
  "accuracy_by_label": {
    "almost": {
      "precision": 0.0,
      "recall": 0.0,
      "correct": 0,
      "total": 6
    },
    "correct": {
      "precision": 0.6181818181818182,
      "recall": 0.9714285714285714,
      "correct": 34,
      "total": 35
    },
    "incorrect": {
      "precision": 0.8636363636363636,
      "recall": 0.5428571428571428,
      "correct": 19,
      "total": 35
    },
    "partial": {
      "precision": 0.47619047619047616,
      "recall": 0.4166666666666667,
      "correct": 10,
      "total": 24
    }
  }
}