{
  "overall_accuracy": 0.26,
  "normalized_mean_absolute_error": 0.5685714285714286,
  "total_correct": 26,
  "total": 100,
  "accuracy_by_label": {
    "almost": {
      "precision": 0.125,
      "recall": 0.3333333333333333,
      "correct": 2,
      "total": 6
    },
    "correct": {
      "precision": 0.7619047619047619,
      "recall": 0.45714285714285713,
      "correct": 16,
      "total": 35
    },
    "incorrect": {
      "precision": 0.5,
      "recall": 0.02857142857142857,
      "correct": 1,
      "total": 35
    },
    "partial": {
      "precision": 0.3684210526315789,
      "recall": 0.2916666666666667,
      "correct": 7,
      "total": 24
    }
  }
}