{
  "overall_accuracy": 0.43,
  "normalized_mean_absolute_error": 0.42142857142857143,
  "total_correct": 43,
  "total": 100,
  "accuracy_by_label": {
    "almost": {
      "precision": 0.0,
      "recall": 0.0,
      "correct": 0,
      "total": 5
    },
    "correct": {
      "precision": 0.7948717948717948,
      "recall": 0.8857142857142857,
      "correct": 31,
      "total": 35
    },
    "incorrect": {
      "precision": 0.6666666666666666,
      "recall": 0.22857142857142856,
      "correct": 8,
      "total": 35
    },
    "partial": {
      "precision": 0.3076923076923077,
      "recall": 0.16,
      "correct": 4,
      "total": 25
    }
  }
}