{
  "overall_accuracy": 0.36,
  "normalized_mean_absolute_error": 0.4985714285714286,
  "total_correct": 36,
  "total": 100,
  "accuracy_by_label": {
    "almost": {
      "precision": 0.0,
      "recall": 0.0,
      "correct": 0,
      "total": 6
    },
    "correct": {
      "precision": 0.6744186046511628,
      "recall": 0.8285714285714286,
      "correct": 29,
      "total": 35
    },
    "incorrect": {
      "precision": 0.0,
      "recall": 0.0,
      "correct": 0,
      "total": 35
    },
    "partial": {
      "precision": 0.4666666666666667,
      "recall": 0.2916666666666667,
      "correct": 7,
      "total": 24
    }
  }
}