{
  "overall_accuracy": 0.03,
  "normalized_mean_absolute_error": 0.8771428571428571,
  "total_correct": 3,
  "total": 100,
  "accuracy_by_label": {
    "almost": {
      "precision": 0.09090909090909091,
      "recall": 0.2,
      "correct": 1,
      "total": 5
    },
    "correct": {
      "precision": 0.3333333333333333,
      "recall": 0.02857142857142857,
      "correct": 1,
      "total": 35
    },
    "incorrect": {
      "precision": 0.0,
      "recall": 0.0,
      "correct": 0,
      "total": 35
    },
    "partial": {
      "precision": 0.14285714285714285,
      "recall": 0.04,
      "correct": 1,
      "total": 25
    }
  }
}