{
  "overall_accuracy": 0.62,
  "normalized_mean_absolute_error": 0.15285714285714286,
  "total_correct": 62,
  "total": 100,
  "accuracy_by_label": {
    "almost": {
      "precision": 0.5,
      "recall": 0.3333333333333333,
      "correct": 2,
      "total": 6
    },
    "correct": {
      "precision": 0.7555555555555555,
      "recall": 0.9714285714285714,
      "correct": 34,
      "total": 35
    },
    "incorrect": {
      "precision": 0.9166666666666666,
      "recall": 0.3142857142857143,
      "correct": 11,
      "total": 35
    },
    "partial": {
      "precision": 0.38461538461538464,
      "recall": 0.625,
      "correct": 15,
      "total": 24
    }
  }
}