{
  "overall_accuracy": 0.45,
  "normalized_mean_absolute_error": 0.20714285714285713,
  "total_correct": 45,
  "total": 100,
  "accuracy_by_label": {
    "almost": {
      "precision": 0.0,
      "recall": 0.0,
      "correct": 0,
      "total": 5
    },
    "correct": {
      "precision": 0.6956521739130435,
      "recall": 0.9142857142857143,
      "correct": 32,
      "total": 35
    },
    "incorrect": {
      "precision": 0.3181818181818182,
      "recall": 0.2,
      "correct": 7,
      "total": 35
    },
    "partial": {
      "precision": 0.1935483870967742,
      "recall": 0.24,
      "correct": 6,
      "total": 25
    }
  }
}