{
  "overall_accuracy": 0.48,
  "normalized_mean_absolute_error": 0.17857142857142858,
  "total_correct": 48,
  "total": 100,
  "accuracy_by_label": {
    "almost": {
      "precision": 0.0,
      "recall": 0.0,
      "correct": 0,
      "total": 5
    },
    "correct": {
      "precision": 0.7073170731707317,
      "recall": 0.8285714285714286,
      "correct": 29,
      "total": 35
    },
    "incorrect": {
      "precision": 0.4166666666666667,
      "recall": 0.14285714285714285,
      "correct": 5,
      "total": 35
    },
    "partial": {
      "precision": 0.3333333333333333,
      "recall": 0.56,
      "correct": 14,
      "total": 25
    }
  }
}