{
  "overall_accuracy": 0.62,
  "normalized_mean_absolute_error": 0.15285714285714286,
  "total_correct": 62,
  "total": 100,
  "accuracy_by_label": {
    "almost": {
      "precision": 0.0,
      "recall": 0.0,
      "correct": 0,
      "total": 5
    },
    "correct": {
      "precision": 0.7021276595744681,
      "recall": 0.9428571428571428,
      "correct": 33,
      "total": 35
    },
    "incorrect": {
      "precision": 0.6785714285714286,
      "recall": 0.5428571428571428,
      "correct": 19,
      "total": 35
    },
    "partial": {
      "precision": 0.43478260869565216,
      "recall": 0.4,
      "correct": 10,
      "total": 25
    }
  }
}