{
  "overall_accuracy": 0.37,
  "normalized_mean_absolute_error": 0.5142857142857143,
  "total_correct": 37,
  "total": 100,
  "accuracy_by_label": {
    "almost": {
      "precision": 0.0,
      "recall": 0.0,
      "correct": 0,
      "total": 6
    },
    "correct": {
      "precision": 0.6829268292682927,
      "recall": 0.8,
      "correct": 28,
      "total": 35
    },
    "incorrect": {
      "precision": 0.5714285714285714,
      "recall": 0.11428571428571428,
      "correct": 4,
      "total": 35
    },
    "partial": {
      "precision": 0.5,
      "recall": 0.20833333333333334,
      "correct": 5,
      "total": 24
    }
  }
}