{
  "overall_accuracy": 0.6,
  "normalized_mean_absolute_error": 0.15571428571428572,
  "total_correct": 60,
  "total": 100,
  "accuracy_by_label": {
    "almost": {
      "precision": 0.0,
      "recall": 0.0,
      "correct": 0,
      "total": 6
    },
    "correct": {
      "precision": 0.7837837837837838,
      "recall": 0.8285714285714286,
      "correct": 29,
      "total": 35
    },
    "incorrect": {
      "precision": 1.0,
      "recall": 0.2857142857142857,
      "correct": 10,
      "total": 35
    },
    "partial": {
      "precision": 0.4117647058823529,
      "recall": 0.875,
      "correct": 21,
      "total": 24
    }
  }
}