{
  "overall_accuracy": 0.6,
  "normalized_mean_absolute_error": 0.22571428571428573,
  "total_correct": 60,
  "total": 100,
  "accuracy_by_label": {
    "almost": {
      "precision": 0.0,
      "recall": 0.0,
      "correct": 0,
      "total": 6
    },
    "correct": {
      "precision": 0.6888888888888889,
      "recall": 0.8857142857142857,
      "correct": 31,
      "total": 35
    },
    "incorrect": {
      "precision": 0.7352941176470589,
      "recall": 0.7142857142857143,
      "correct": 25,
      "total": 35
    },
    "partial": {
      "precision": 0.4444444444444444,
      "recall": 0.16666666666666666,
      "correct": 4,
      "total": 24
    }
  }
}