{
  "overall_accuracy": 0.11,
  "normalized_mean_absolute_error": 0.8457142857142858,
  "total_correct": 11,
  "total": 100,
  "accuracy_by_label": {
    "almost": {
      "precision": 0.0,
      "recall": 0.0,
      "correct": 0,
      "total": 6
    },
    "correct": {
      "precision": 1.0,
      "recall": 0.08571428571428572,
      "correct": 3,
      "total": 35
    },
    "incorrect": {
      "precision": 1.0,
      "recall": 0.08571428571428572,
      "correct": 3,
      "total": 35
    },
    "partial": {
      "precision": 0.45454545454545453,
      "recall": 0.20833333333333334,
      "correct": 5,
      "total": 24
    }
  }
}