{
  "overall_accuracy": 0.63,
  "normalized_mean_absolute_error": 0.19142857142857145,
  "total_correct": 63,
  "total": 100,
  "accuracy_by_label": {
    "almost": {
      "precision": 0.0,
      "recall": 0.0,
      "correct": 0,
      "total": 6
    },
    "correct": {
      "precision": 0.6458333333333334,
      "recall": 0.8857142857142857,
      "correct": 31,
      "total": 35
    },
    "incorrect": {
      "precision": 0.9473684210526315,
      "recall": 0.5142857142857142,
      "correct": 18,
      "total": 35
    },
    "partial": {
      "precision": 0.42424242424242425,
      "recall": 0.5833333333333334,
      "correct": 14,
      "total": 24
    }
  }
}