{
  "overall_accuracy": 0.45,
  "normalized_mean_absolute_error": 0.3085714285714286,
  "total_correct": 45,
  "total": 100,
  "accuracy_by_label": {
    "almost": {
      "precision": 0.058823529411764705,
      "recall": 0.2,
      "correct": 1,
      "total": 5
    },
    "correct": {
      "precision": 1.0,
      "recall": 0.34285714285714286,
      "correct": 12,
      "total": 35
    },
    "incorrect": {
      "precision": 0.6111111111111112,
      "recall": 0.6285714285714286,
      "correct": 22,
      "total": 35
    },
    "partial": {
      "precision": 0.3125,
      "recall": 0.4,
      "correct": 10,
      "total": 25
    }
  }
}