{
  "overall_accuracy": 0.52,
  "normalized_mean_absolute_error": 0.19285714285714287,
  "total_correct": 52,
  "total": 100,
  "accuracy_by_label": {
    "almost": {
      "precision": 0.0,
      "recall": 0.0,
      "correct": 0,
      "total": 5
    },
    "correct": {
      "precision": 0.7045454545454546,
      "recall": 0.8857142857142857,
      "correct": 31,
      "total": 35
    },
    "incorrect": {
      "precision": 0.45454545454545453,
      "recall": 0.42857142857142855,
      "correct": 15,
      "total": 35
    },
    "partial": {
      "precision": 0.2608695652173913,
      "recall": 0.24,
      "correct": 6,
      "total": 25
    }
  }
}