{
  "overall_accuracy": 0.65,
  "normalized_mean_absolute_error": 0.1142857142857143,
  "total_correct": 65,
  "total": 100,
  "accuracy_by_label": {
    "almost": {
      "precision": 0.36363636363636365,
      "recall": 0.6666666666666666,
      "correct": 4,
      "total": 6
    },
    "correct": {
      "precision": 0.8484848484848485,
      "recall": 0.8,
      "correct": 28,
      "total": 35
    },
    "incorrect": {
      "precision": 0.875,
      "recall": 0.4,
      "correct": 14,
      "total": 35
    },
    "partial": {
      "precision": 0.475,
      "recall": 0.7916666666666666,
      "correct": 19,
      "total": 24
    }
  }
}