{
  "overall_accuracy": 0.63,
  "normalized_mean_absolute_error": 0.18,
  "total_correct": 63,
  "total": 100,
  "accuracy_by_label": {
    "almost": {
      "precision": 0.3333333333333333,
      "recall": 0.16666666666666666,
      "correct": 1,
      "total": 6
    },
    "correct": {
      "precision": 0.6415094339622641,
      "recall": 0.9714285714285714,
      "correct": 34,
      "total": 35
    },
    "incorrect": {
      "precision": 0.8181818181818182,
      "recall": 0.5142857142857142,
      "correct": 18,
      "total": 35
    },
    "partial": {
      "precision": 0.45454545454545453,
      "recall": 0.4166666666666667,
      "correct": 10,
      "total": 24
    }
  }
}