{
  "overall_accuracy": 0.42,
  "normalized_mean_absolute_error": 0.3685714285714286,
  "total_correct": 42,
  "total": 100,
  "accuracy_by_label": {
    "almost": {
      "precision": 0.0,
      "recall": 0.0,
      "correct": 0,
      "total": 6
    },
    "correct": {
      "precision": 0.0,
      "recall": 0.0,
      "correct": 0,
      "total": 35
    },
    "incorrect": {
      "precision": 0.8695652173913043,
      "recall": 0.5714285714285714,
      "correct": 20,
      "total": 35
    },
    "partial": {
      "precision": 0.2857142857142857,
      "recall": 0.9166666666666666,
      "correct": 22,
      "total": 24
    }
  }
}