{
  "overall_accuracy": 0.32,
  "normalized_mean_absolute_error": 0.4685714285714285,
  "total_correct": 32,
  "total": 100,
  "accuracy_by_label": {
    "almost": {
      "precision": 0.1,
      "recall": 0.2,
      "correct": 1,
      "total": 5
    },
    "correct": {
      "precision": 0.6666666666666666,
      "recall": 0.45714285714285713,
      "correct": 16,
      "total": 35
    },
    "incorrect": {
      "precision": 0.5416666666666666,
      "recall": 0.37142857142857144,
      "correct": 13,
      "total": 35
    },
    "partial": {
      "precision": 0.16666666666666666,
      "recall": 0.08,
      "correct": 2,
      "total": 25
    }
  }
}