{
  "overall_accuracy": 0.41,
  "normalized_mean_absolute_error": 0.4714285714285714,
  "total_correct": 41,
  "total": 100,
  "accuracy_by_label": {
    "almost": {
      "precision": 0.0,
      "recall": 0.0,
      "correct": 0,
      "total": 5
    },
    "correct": {
      "precision": 0.7777777777777778,
      "recall": 0.8,
      "correct": 28,
      "total": 35
    },
    "incorrect": {
      "precision": 0.7272727272727273,
      "recall": 0.22857142857142856,
      "correct": 8,
      "total": 35
    },
    "partial": {
      "precision": 0.38461538461538464,
      "recall": 0.2,
      "correct": 5,
      "total": 25
    }
  }
}