{
  "overall_accuracy": 0.12,
  "normalized_mean_absolute_error": 0.4428571428571429,
  "total_correct": 12,
  "total": 100,
  "accuracy_by_label": {
    "almost": {
      "precision": 0.06741573033707865,
      "recall": 1.0,
      "correct": 6,
      "total": 6
    },
    "correct": {
      "precision": 1.0,
      "recall": 0.02857142857142857,
      "correct": 1,
      "total": 35
    },
    "incorrect": {
      "precision": 0.8333333333333334,
      "recall": 0.14285714285714285,
      "correct": 5,
      "total": 35
    },
    "partial": {
      "precision": 0.0,
      "recall": 0.0,
      "correct": 0,
      "total": 24
    }
  }
}