{
  "overall_accuracy": 0.28,
  "normalized_mean_absolute_error": 0.5728571428571428,
  "total_correct": 28,
  "total": 100,
  "accuracy_by_label": {
    "almost": {
      "precision": 0.0,
      "recall": 0.0,
      "correct": 0,
      "total": 5
    },
    "correct": {
      "precision": 0.6470588235294118,
      "recall": 0.6285714285714286,
      "correct": 22,
      "total": 35
    },
    "incorrect": {
      "precision": 0.2857142857142857,
      "recall": 0.05714285714285714,
      "correct": 2,
      "total": 35
    },
    "partial": {
      "precision": 0.2857142857142857,
      "recall": 0.16,
      "correct": 4,
      "total": 25
    }
  }
}