{
  "overall_accuracy": 0.38,
  "normalized_mean_absolute_error": 0.49000000000000005,
  "total_correct": 38,
  "total": 100,
  "accuracy_by_label": {
    "almost": {
      "precision": 0.1111111111111111,
      "recall": 0.16666666666666666,
      "correct": 1,
      "total": 6
    },
    "correct": {
      "precision": 0.7142857142857143,
      "recall": 0.8571428571428571,
      "correct": 30,
      "total": 35
    },
    "incorrect": {
      "precision": 0.0,
      "recall": 0.0,
      "correct": 0,
      "total": 35
    },
    "partial": {
      "precision": 0.5,
      "recall": 0.2916666666666667,
      "correct": 7,
      "total": 24
    }
  }
}