{
  "overall_accuracy": 0.38,
  "normalized_mean_absolute_error": 0.3242857142857143,
  "total_correct": 38,
  "total": 100,
  "accuracy_by_label": {
    "almost": {
      "precision": 0.25,
      "recall": 0.6666666666666666,
      "correct": 4,
      "total": 6
    },
    "correct": {
      "precision": 0.875,
      "recall": 0.2,
      "correct": 7,
      "total": 35
    },
    "incorrect": {
      "precision": 0.5555555555555556,
      "recall": 0.2857142857142857,
      "correct": 10,
      "total": 35
    },
    "partial": {
      "precision": 0.29310344827586204,
      "recall": 0.7083333333333334,
      "correct": 17,
      "total": 24
    }
  }
}