{
  "overall_accuracy": 0.26,
  "normalized_mean_absolute_error": 0.5671428571428572,
  "total_correct": 26,
  "total": 100,
  "accuracy_by_label": {
    "almost": {
      "precision": 0.15,
      "recall": 0.5,
      "correct": 3,
      "total": 6
    },
    "correct": {
      "precision": 0.7894736842105263,
      "recall": 0.42857142857142855,
      "correct": 15,
      "total": 35
    },
    "incorrect": {
      "precision": 0.5,
      "recall": 0.11428571428571428,
      "correct": 4,
      "total": 35
    },
    "partial": {
      "precision": 0.2222222222222222,
      "recall": 0.16666666666666666,
      "correct": 4,
      "total": 24
    }
  }
}