{
  "overall_accuracy": 0.62,
  "normalized_mean_absolute_error": 0.16285714285714284,
  "total_correct": 62,
  "total": 100,
  "accuracy_by_label": {
    "almost": {
      "precision": 0.0,
      "recall": 0.0,
      "correct": 0,
      "total": 6
    },
    "correct": {
      "precision": 0.8235294117647058,
      "recall": 0.8,
      "correct": 28,
      "total": 35
    },
    "incorrect": {
      "precision": 0.7647058823529411,
      "recall": 0.37142857142857144,
      "correct": 13,
      "total": 35
    },
    "partial": {
      "precision": 0.42857142857142855,
      "recall": 0.875,
      "correct": 21,
      "total": 24
    }
  }
}