{
  "overall_accuracy": 0.5,
  "normalized_mean_absolute_error": 0.18142857142857144,
  "total_correct": 50,
  "total": 100,
  "accuracy_by_label": {
    "almost": {
      "precision": 0.0,
      "recall": 0.0,
      "correct": 0,
      "total": 5
    },
    "correct": {
      "precision": 0.6956521739130435,
      "recall": 0.9142857142857143,
      "correct": 32,
      "total": 35
    },
    "incorrect": {
      "precision": 0.4074074074074074,
      "recall": 0.3142857142857143,
      "correct": 11,
      "total": 35
    },
    "partial": {
      "precision": 0.25925925925925924,
      "recall": 0.28,
      "correct": 7,
      "total": 25
    }
  }
}