{
  "overall_accuracy": 0.57,
  "normalized_mean_absolute_error": 0.26142857142857145,
  "total_correct": 57,
  "total": 100,
  "accuracy_by_label": {
    "almost": {
      "precision": 0.0,
      "recall": 0.0,
      "correct": 0,
      "total": 6
    },
    "correct": {
      "precision": 0.5614035087719298,
      "recall": 0.9142857142857143,
      "correct": 32,
      "total": 35
    },
    "incorrect": {
      "precision": 0.7272727272727273,
      "recall": 0.45714285714285713,
      "correct": 16,
      "total": 35
    },
    "partial": {
      "precision": 0.47368421052631576,
      "recall": 0.375,
      "correct": 9,
      "total": 24
    }
  }
}