{
  "overall_accuracy": 0.63,
  "normalized_mean_absolute_error": 0.13857142857142857,
  "total_correct": 63,
  "total": 100,
  "accuracy_by_label": {
    "almost": {
      "precision": 0.3,
      "recall": 0.5,
      "correct": 3,
      "total": 6
    },
    "correct": {
      "precision": 0.8181818181818182,
      "recall": 0.7714285714285715,
      "correct": 27,
      "total": 35
    },
    "incorrect": {
      "precision": 0.875,
      "recall": 0.4,
      "correct": 14,
      "total": 35
    },
    "partial": {
      "precision": 0.4634146341463415,
      "recall": 0.7916666666666666,
      "correct": 19,
      "total": 24
    }
  }
}