{
  "overall_accuracy": 0.64,
  "normalized_mean_absolute_error": 0.19285714285714287,
  "total_correct": 64,
  "total": 100,
  "accuracy_by_label": {
    "almost": {
      "precision": 0.0,
      "recall": 0.0,
      "correct": 0,
      "total": 6
    },
    "correct": {
      "precision": 0.6111111111111112,
      "recall": 0.9428571428571428,
      "correct": 33,
      "total": 35
    },
    "incorrect": {
      "precision": 0.7647058823529411,
      "recall": 0.7428571428571429,
      "correct": 26,
      "total": 35
    },
    "partial": {
      "precision": 0.4166666666666667,
      "recall": 0.20833333333333334,
      "correct": 5,
      "total": 24
    }
  }
}