{
  "overall_accuracy": 0.47,
  "normalized_mean_absolute_error": 0.3842857142857143,
  "total_correct": 47,
  "total": 100,
  "accuracy_by_label": {
    "almost": {
      "precision": 0.0,
      "recall": 0.0,
      "correct": 0,
      "total": 6
    },
    "correct": {
      "precision": 0.7560975609756098,
      "recall": 0.8857142857142857,
      "correct": 31,
      "total": 35
    },
    "incorrect": {
      "precision": 1.0,
      "recall": 0.22857142857142856,
      "correct": 8,
      "total": 35
    },
    "partial": {
      "precision": 0.38095238095238093,
      "recall": 0.3333333333333333,
      "correct": 8,
      "total": 24
    }
  }
}