{
  "overall_accuracy": 0.6,
  "normalized_mean_absolute_error": 0.16285714285714284,
  "total_correct": 60,
  "total": 100,
  "accuracy_by_label": {
    "almost": {
      "precision": 0.16666666666666666,
      "recall": 0.3333333333333333,
      "correct": 2,
      "total": 6
    },
    "correct": {
      "precision": 0.7380952380952381,
      "recall": 0.8857142857142857,
      "correct": 31,
      "total": 35
    },
    "incorrect": {
      "precision": 0.8666666666666667,
      "recall": 0.37142857142857144,
      "correct": 13,
      "total": 35
    },
    "partial": {
      "precision": 0.45161290322580644,
      "recall": 0.5833333333333334,
      "correct": 14,
      "total": 24
    }
  }
}