{
  "overall_accuracy": 0.67,
  "normalized_mean_absolute_error": 0.16999999999999998,
  "total_correct": 67,
  "total": 100,
  "accuracy_by_label": {
    "almost": {
      "precision": 0.375,
      "recall": 0.5,
      "correct": 3,
      "total": 6
    },
    "correct": {
      "precision": 0.717391304347826,
      "recall": 0.9428571428571428,
      "correct": 33,
      "total": 35
    },
    "incorrect": {
      "precision": 0.9444444444444444,
      "recall": 0.4857142857142857,
      "correct": 17,
      "total": 35
    },
    "partial": {
      "precision": 0.5,
      "recall": 0.5833333333333334,
      "correct": 14,
      "total": 24
    }
  }
}