{
  "overall_accuracy": 0.59,
  "normalized_mean_absolute_error": 0.16857142857142857,
  "total_correct": 59,
  "total": 100,
  "accuracy_by_label": {
    "almost": {
      "precision": 0.5,
      "recall": 0.2,
      "correct": 1,
      "total": 5
    },
    "correct": {
      "precision": 0.7380952380952381,
      "recall": 0.8857142857142857,
      "correct": 31,
      "total": 35
    },
    "incorrect": {
      "precision": 0.5833333333333334,
      "recall": 0.6,
      "correct": 21,
      "total": 35
    },
    "partial": {
      "precision": 0.3333333333333333,
      "recall": 0.24,
      "correct": 6,
      "total": 25
    }
  }
}