{
  "overall_accuracy": 0.66,
  "normalized_mean_absolute_error": 0.13142857142857142,
  "total_correct": 66,
  "total": 100,
  "accuracy_by_label": {
    "almost": {
      "precision": 0.125,
      "recall": 0.16666666666666666,
      "correct": 1,
      "total": 6
    },
    "correct": {
      "precision": 0.8181818181818182,
      "recall": 0.7714285714285715,
      "correct": 27,
      "total": 35
    },
    "incorrect": {
      "precision": 0.717948717948718,
      "recall": 0.8,
      "correct": 28,
      "total": 35
    },
    "partial": {
      "precision": 0.5,
      "recall": 0.4166666666666667,
      "correct": 10,
      "total": 24
    }
  }
}