{
  "overall_accuracy": 0.53,
  "normalized_mean_absolute_error": 0.16857142857142857,
  "total_correct": 53,
  "total": 100,
  "accuracy_by_label": {
    "almost": {
      "precision": 0.0,
      "recall": 0.0,
      "correct": 0,
      "total": 5
    },
    "correct": {
      "precision": 0.7021276595744681,
      "recall": 0.9428571428571428,
      "correct": 33,
      "total": 35
    },
    "incorrect": {
      "precision": 0.4666666666666667,
      "recall": 0.4,
      "correct": 14,
      "total": 35
    },
    "partial": {
      "precision": 0.2608695652173913,
      "recall": 0.24,
      "correct": 6,
      "total": 25
    }
  }
}