{
  "overall_accuracy": 0.09,
  "normalized_mean_absolute_error": 0.7857142857142857,
  "total_correct": 9,
  "total": 100,
  "accuracy_by_label": {
    "almost": {
      "precision": 0.16666666666666666,
      "recall": 0.3333333333333333,
      "correct": 2,
      "total": 6
    },
    "correct": {
      "precision": 0.0,
      "recall": 0.0,
      "correct": 0,
      "total": 35
    },
    "incorrect": {
      "precision": 0.0,
      "recall": 0.0,
      "correct": 0,
      "total": 35
    },
    "partial": {
      "precision": 0.3181818181818182,
      "recall": 0.2916666666666667,
      "correct": 7,
      "total": 24
    }
  }
}