{
  "overall_accuracy": 0.62,
  "normalized_mean_absolute_error": 0.13142857142857142,
  "total_correct": 62,
  "total": 100,
  "accuracy_by_label": {
    "almost": {
      "precision": 0.0,
      "recall": 0.0,
      "correct": 0,
      "total": 5
    },
    "correct": {
      "precision": 0.8787878787878788,
      "recall": 0.8285714285714286,
      "correct": 29,
      "total": 35
    },
    "incorrect": {
      "precision": 0.6176470588235294,
      "recall": 0.6,
      "correct": 21,
      "total": 35
    },
    "partial": {
      "precision": 0.4444444444444444,
      "recall": 0.48,
      "correct": 12,
      "total": 25
    }
  }
}