{
  "overall_accuracy": 0.5,
  "normalized_mean_absolute_error": 0.19142857142857145,
  "total_correct": 50,
  "total": 100,
  "accuracy_by_label": {
    "almost": {
      "precision": 0.0,
      "recall": 0.0,
      "correct": 0,
      "total": 5
    },
    "correct": {
      "precision": 0.6470588235294118,
      "recall": 0.9428571428571428,
      "correct": 33,
      "total": 35
    },
    "incorrect": {
      "precision": 0.4411764705882353,
      "recall": 0.42857142857142855,
      "correct": 15,
      "total": 35
    },
    "partial": {
      "precision": 0.13333333333333333,
      "recall": 0.08,
      "correct": 2,
      "total": 25
    }
  }
}