{
  "overall_accuracy": 0.31,
  "normalized_mean_absolute_error": 0.5442857142857143,
  "total_correct": 31,
  "total": 100,
  "accuracy_by_label": {
    "almost": {
      "precision": 0.09090909090909091,
      "recall": 0.16666666666666666,
      "correct": 1,
      "total": 6
    },
    "correct": {
      "precision": 0.6216216216216216,
      "recall": 0.6571428571428571,
      "correct": 23,
      "total": 35
    },
    "incorrect": {
      "precision": 0.75,
      "recall": 0.08571428571428572,
      "correct": 3,
      "total": 35
    },
    "partial": {
      "precision": 0.3076923076923077,
      "recall": 0.16666666666666666,
      "correct": 4,
      "total": 24
    }
  }
}