{
  "overall_accuracy": 0.59,
  "normalized_mean_absolute_error": 0.16428571428571428,
  "total_correct": 59,
  "total": 100,
  "accuracy_by_label": {
    "almost": {
      "precision": 0.2,
      "recall": 0.2,
      "correct": 1,
      "total": 5
    },
    "correct": {
      "precision": 0.7441860465116279,
      "recall": 0.9142857142857143,
      "correct": 32,
      "total": 35
    },
    "incorrect": {
      "precision": 0.5526315789473685,
      "recall": 0.6,
      "correct": 21,
      "total": 35
    },
    "partial": {
      "precision": 0.35714285714285715,
      "recall": 0.2,
      "correct": 5,
      "total": 25
    }
  }
}