{
  "overall_accuracy": 0.64,
  "normalized_mean_absolute_error": 0.1742857142857143,
  "total_correct": 64,
  "total": 100,
  "accuracy_by_label": {
    "almost": {
      "precision": 0.0,
      "recall": 0.0,
      "correct": 0,
      "total": 5
    },
    "correct": {
      "precision": 0.75,
      "recall": 0.7714285714285715,
      "correct": 27,
      "total": 35
    },
    "incorrect": {
      "precision": 0.6190476190476191,
      "recall": 0.7428571428571429,
      "correct": 26,
      "total": 35
    },
    "partial": {
      "precision": 0.6111111111111112,
      "recall": 0.44,
      "correct": 11,
      "total": 25
    }
  }
}