{
  "overall_accuracy": 0.5,
  "normalized_mean_absolute_error": 0.19571428571428573,
  "total_correct": 50,
  "total": 100,
  "accuracy_by_label": {
    "almost": {
      "precision": 0.0,
      "recall": 0.0,
      "correct": 0,
      "total": 5
    },
    "correct": {
      "precision": 0.6739130434782609,
      "recall": 0.8857142857142857,
      "correct": 31,
      "total": 35
    },
    "incorrect": {
      "precision": 0.45161290322580644,
      "recall": 0.4,
      "correct": 14,
      "total": 35
    },
    "partial": {
      "precision": 0.21739130434782608,
      "recall": 0.2,
      "correct": 5,
      "total": 25
    }
  }
}