{
  "overall_accuracy": 0.43,
  "normalized_mean_absolute_error": 0.4428571428571429,
  "total_correct": 43,
  "total": 100,
  "accuracy_by_label": {
    "almost": {
      "precision": 0.0,
      "recall": 0.0,
      "correct": 0,
      "total": 6
    },
    "correct": {
      "precision": 0.717948717948718,
      "recall": 0.8,
      "correct": 28,
      "total": 35
    },
    "incorrect": {
      "precision": 0.8888888888888888,
      "recall": 0.22857142857142856,
      "correct": 8,
      "total": 35
    },
    "partial": {
      "precision": 0.3684210526315789,
      "recall": 0.2916666666666667,
      "correct": 7,
      "total": 24
    }
  }
}