{
  "overall_accuracy": 0.64,
  "normalized_mean_absolute_error": 0.16714285714285712,
  "total_correct": 64,
  "total": 100,
  "accuracy_by_label": {
    "almost": {
      "precision": 1.0,
      "recall": 0.16666666666666666,
      "correct": 1,
      "total": 6
    },
    "correct": {
      "precision": 0.7631578947368421,
      "recall": 0.8285714285714286,
      "correct": 29,
      "total": 35
    },
    "incorrect": {
      "precision": 0.6666666666666666,
      "recall": 0.7428571428571429,
      "correct": 26,
      "total": 35
    },
    "partial": {
      "precision": 0.36363636363636365,
      "recall": 0.3333333333333333,
      "correct": 8,
      "total": 24
    }
  }
}