{
  "overall_accuracy": 0.48,
  "normalized_mean_absolute_error": 0.1842857142857143,
  "total_correct": 48,
  "total": 100,
  "accuracy_by_label": {
    "almost": {
      "precision": 0.0,
      "recall": 0.0,
      "correct": 0,
      "total": 5
    },
    "correct": {
      "precision": 0.7894736842105263,
      "recall": 0.8571428571428571,
      "correct": 30,
      "total": 35
    },
    "incorrect": {
      "precision": 0.36363636363636365,
      "recall": 0.22857142857142856,
      "correct": 8,
      "total": 35
    },
    "partial": {
      "precision": 0.2857142857142857,
      "recall": 0.4,
      "correct": 10,
      "total": 25
    }
  }
}