{
  "overall_accuracy": 0.64,
  "normalized_mean_absolute_error": 0.13714285714285715,
  "total_correct": 64,
  "total": 100,
  "accuracy_by_label": {
    "almost": {
      "precision": 0.0,
      "recall": 0.0,
      "correct": 0,
      "total": 6
    },
    "correct": {
      "precision": 0.723404255319149,
      "recall": 0.9714285714285714,
      "correct": 34,
      "total": 35
    },
    "incorrect": {
      "precision": 0.7096774193548387,
      "recall": 0.6285714285714286,
      "correct": 22,
      "total": 35
    },
    "partial": {
      "precision": 0.36363636363636365,
      "recall": 0.3333333333333333,
      "correct": 8,
      "total": 24
    }
  }
}