{
  "overall_accuracy": 0.65,
  "normalized_mean_absolute_error": 0.19857142857142857,
  "total_correct": 65,
  "total": 100,
  "accuracy_by_label": {
    "almost": {
      "precision": 0.0,
      "recall": 0.0,
      "correct": 0,
      "total": 6
    },
    "correct": {
      "precision": 0.6226415094339622,
      "recall": 0.9428571428571428,
      "correct": 33,
      "total": 35
    },
    "incorrect": {
      "precision": 0.75,
      "recall": 0.7714285714285715,
      "correct": 27,
      "total": 35
    },
    "partial": {
      "precision": 0.5555555555555556,
      "recall": 0.20833333333333334,
      "correct": 5,
      "total": 24
    }
  }
}