{
  "overall_accuracy": 0.57,
  "normalized_mean_absolute_error": 0.20285714285714285,
  "total_correct": 57,
  "total": 100,
  "accuracy_by_label": {
    "almost": {
      "precision": 0.0,
      "recall": 0.0,
      "correct": 0,
      "total": 5
    },
    "correct": {
      "precision": 0.6595744680851063,
      "recall": 0.8857142857142857,
      "correct": 31,
      "total": 35
    },
    "incorrect": {
      "precision": 0.6176470588235294,
      "recall": 0.6,
      "correct": 21,
      "total": 35
    },
    "partial": {
      "precision": 0.38461538461538464,
      "recall": 0.2,
      "correct": 5,
      "total": 25
    }
  }
}