{
  "overall_accuracy": 0.59,
  "normalized_mean_absolute_error": 0.20714285714285713,
  "total_correct": 59,
  "total": 100,
  "accuracy_by_label": {
    "almost": {
      "precision": 0.0,
      "recall": 0.0,
      "correct": 0,
      "total": 5
    },
    "correct": {
      "precision": 0.6458333333333334,
      "recall": 0.8857142857142857,
      "correct": 31,
      "total": 35
    },
    "incorrect": {
      "precision": 0.5882352941176471,
      "recall": 0.5714285714285714,
      "correct": 20,
      "total": 35
    },
    "partial": {
      "precision": 0.5333333333333333,
      "recall": 0.32,
      "correct": 8,
      "total": 25
    }
  }
}