{
  "overall_accuracy": 0.23,
  "normalized_mean_absolute_error": 0.4428571428571429,
  "total_correct": 23,
  "total": 100,
  "accuracy_by_label": {
    "almost": {
      "precision": 0.05405405405405406,
      "recall": 0.3333333333333333,
      "correct": 2,
      "total": 6
    },
    "correct": {
      "precision": 0.5,
      "recall": 0.2571428571428571,
      "correct": 9,
      "total": 35
    },
    "incorrect": {
      "precision": 0.0,
      "recall": 0.0,
      "correct": 0,
      "total": 35
    },
    "partial": {
      "precision": 0.26666666666666666,
      "recall": 0.5,
      "correct": 12,
      "total": 24
    }
  }
}