{
  "overall_accuracy": 0.62,
  "normalized_mean_absolute_error": 0.20285714285714285,
  "total_correct": 62,
  "total": 100,
  "accuracy_by_label": {
    "almost": {
      "precision": 0.0,
      "recall": 0.0,
      "correct": 0,
      "total": 6
    },
    "correct": {
      "precision": 0.6037735849056604,
      "recall": 0.9142857142857143,
      "correct": 32,
      "total": 35
    },
    "incorrect": {
      "precision": 0.7297297297297297,
      "recall": 0.7714285714285715,
      "correct": 27,
      "total": 35
    },
    "partial": {
      "precision": 0.375,
      "recall": 0.125,
      "correct": 3,
      "total": 24
    }
  }
}