{
  "overall_accuracy": 0.24,
  "normalized_mean_absolute_error": 0.5942857142857143,
  "total_correct": 24,
  "total": 100,
  "accuracy_by_label": {
    "almost": {
      "precision": 0.1,
      "recall": 0.16666666666666666,
      "correct": 1,
      "total": 6
    },
    "correct": {
      "precision": 0.6,
      "recall": 0.34285714285714286,
      "correct": 12,
      "total": 35
    },
    "incorrect": {
      "precision": 0.625,
      "recall": 0.14285714285714285,
      "correct": 5,
      "total": 35
    },
    "partial": {
      "precision": 0.3157894736842105,
      "recall": 0.25,
      "correct": 6,
      "total": 24
    }
  }
}