{
  "overall_accuracy": 0.31,
  "normalized_mean_absolute_error": 0.5442857142857143,
  "total_correct": 31,
  "total": 100,
  "accuracy_by_label": {
    "almost": {
      "precision": 0.0,
      "recall": 0.0,
      "correct": 0,
      "total": 5
    },
    "correct": {
      "precision": 0.6666666666666666,
      "recall": 0.6857142857142857,
      "correct": 24,
      "total": 35
    },
    "incorrect": {
      "precision": 0.5,
      "recall": 0.11428571428571428,
      "correct": 4,
      "total": 35
    },
    "partial": {
      "precision": 0.3333333333333333,
      "recall": 0.12,
      "correct": 3,
      "total": 25
    }
  }
}