{
  "overall_accuracy": 0.58,
  "normalized_mean_absolute_error": 0.18714285714285714,
  "total_correct": 58,
  "total": 100,
  "accuracy_by_label": {
    "almost": {
      "precision": 0.0,
      "recall": 0.0,
      "correct": 0,
      "total": 6
    },
    "correct": {
      "precision": 0.64,
      "recall": 0.9142857142857143,
      "correct": 32,
      "total": 35
    },
    "incorrect": {
      "precision": 0.75,
      "recall": 0.42857142857142855,
      "correct": 15,
      "total": 35
    },
    "partial": {
      "precision": 0.36666666666666664,
      "recall": 0.4583333333333333,
      "correct": 11,
      "total": 24
    }
  }
}