{
  "overall_accuracy": 0.57,
  "normalized_mean_absolute_error": 0.19714285714285712,
  "total_correct": 57,
  "total": 100,
  "accuracy_by_label": {
    "almost": {
      "precision": 0.2222222222222222,
      "recall": 0.4,
      "correct": 2,
      "total": 5
    },
    "correct": {
      "precision": 0.7209302325581395,
      "recall": 0.8857142857142857,
      "correct": 31,
      "total": 35
    },
    "incorrect": {
      "precision": 0.6666666666666666,
      "recall": 0.17142857142857143,
      "correct": 6,
      "total": 35
    },
    "partial": {
      "precision": 0.46153846153846156,
      "recall": 0.72,
      "correct": 18,
      "total": 25
    }
  }
}