{
  "overall_accuracy": 0.57,
  "normalized_mean_absolute_error": 0.21714285714285714,
  "total_correct": 57,
  "total": 100,
  "accuracy_by_label": {
    "almost": {
      "precision": 0.0,
      "recall": 0.0,
      "correct": 0,
      "total": 5
    },
    "correct": {
      "precision": 0.5961538461538461,
      "recall": 0.8857142857142857,
      "correct": 31,
      "total": 35
    },
    "incorrect": {
      "precision": 0.6111111111111112,
      "recall": 0.6285714285714286,
      "correct": 22,
      "total": 35
    },
    "partial": {
      "precision": 0.3333333333333333,
      "recall": 0.16,
      "correct": 4,
      "total": 25
    }
  }
}