{
  "overall_accuracy": 0.03,
  "normalized_mean_absolute_error": 0.9385714285714286,
  "total_correct": 3,
  "total": 100,
  "accuracy_by_label": {
    "almost": {
      "precision": 0.2,
      "recall": 0.16666666666666666,
      "correct": 1,
      "total": 6
    },
    "correct": {
      "precision": 1.0,
      "recall": 0.02857142857142857,
      "correct": 1,
      "total": 35
    },
    "incorrect": {
      "precision": 0.0,
      "recall": 0.0,
      "correct": 0,
      "total": 35
    },
    "partial": {
      "precision": 0.3333333333333333,
      "recall": 0.041666666666666664,
      "correct": 1,
      "total": 24
    }
  }
}