{
  "overall_accuracy": 0.55,
  "normalized_mean_absolute_error": 0.21285714285714286,
  "total_correct": 55,
  "total": 100,
  "accuracy_by_label": {
    "almost": {
      "precision": 0.0,
      "recall": 0.0,
      "correct": 0,
      "total": 5
    },
    "correct": {
      "precision": 0.7560975609756098,
      "recall": 0.8857142857142857,
      "correct": 31,
      "total": 35
    },
    "incorrect": {
      "precision": 0.6071428571428571,
      "recall": 0.4857142857142857,
      "correct": 17,
      "total": 35
    },
    "partial": {
      "precision": 0.30434782608695654,
      "recall": 0.28,
      "correct": 7,
      "total": 25
    }
  }
}