{
  "overall_accuracy": 0.66,
  "normalized_mean_absolute_error": 0.15857142857142859,
  "total_correct": 66,
  "total": 100,
  "accuracy_by_label": {
    "almost": {
      "precision": 0.4,
      "recall": 0.3333333333333333,
      "correct": 2,
      "total": 6
    },
    "correct": {
      "precision": 0.7333333333333333,
      "recall": 0.9428571428571428,
      "correct": 33,
      "total": 35
    },
    "incorrect": {
      "precision": 0.8823529411764706,
      "recall": 0.42857142857142855,
      "correct": 15,
      "total": 35
    },
    "partial": {
      "precision": 0.48484848484848486,
      "recall": 0.6666666666666666,
      "correct": 16,
      "total": 24
    }
  }
}