{
  "overall_accuracy": 0.56,
  "normalized_mean_absolute_error": 0.2414285714285714,
  "total_correct": 56,
  "total": 100,
  "accuracy_by_label": {
    "almost": {
      "precision": 0.0,
      "recall": 0.0,
      "correct": 0,
      "total": 5
    },
    "correct": {
      "precision": 0.6041666666666666,
      "recall": 0.8285714285714286,
      "correct": 29,
      "total": 35
    },
    "incorrect": {
      "precision": 0.6410256410256411,
      "recall": 0.7142857142857143,
      "correct": 25,
      "total": 35
    },
    "partial": {
      "precision": 0.2222222222222222,
      "recall": 0.08,
      "correct": 2,
      "total": 25
    }
  }
}