{
  "overall_accuracy": 0.53,
  "normalized_mean_absolute_error": 0.19,
  "total_correct": 53,
  "total": 100,
  "accuracy_by_label": {
    "almost": {
      "precision": 0.07692307692307693,
      "recall": 0.16666666666666666,
      "correct": 1,
      "total": 6
    },
    "correct": {
      "precision": 0.78125,
      "recall": 0.7142857142857143,
      "correct": 25,
      "total": 35
    },
    "incorrect": {
      "precision": 0.8,
      "recall": 0.34285714285714286,
      "correct": 12,
      "total": 35
    },
    "partial": {
      "precision": 0.375,
      "recall": 0.625,
      "correct": 15,
      "total": 24
    }
  }
}