{
  "overall_accuracy": 0.61,
  "normalized_mean_absolute_error": 0.18,
  "total_correct": 61,
  "total": 100,
  "accuracy_by_label": {
    "almost": {
      "precision": 0.5,
      "recall": 0.16666666666666666,
      "correct": 1,
      "total": 6
    },
    "correct": {
      "precision": 0.6875,
      "recall": 0.9428571428571428,
      "correct": 33,
      "total": 35
    },
    "incorrect": {
      "precision": 0.7894736842105263,
      "recall": 0.42857142857142855,
      "correct": 15,
      "total": 35
    },
    "partial": {
      "precision": 0.3870967741935484,
      "recall": 0.5,
      "correct": 12,
      "total": 24
    }
  }
}