{
  "overall_accuracy": 0.66,
  "normalized_mean_absolute_error": 0.15571428571428572,
  "total_correct": 66,
  "total": 100,
  "accuracy_by_label": {
    "almost": {
      "precision": 0.0,
      "recall": 0.0,
      "correct": 0,
      "total": 6
    },
    "correct": {
      "precision": 0.7083333333333334,
      "recall": 0.9714285714285714,
      "correct": 34,
      "total": 35
    },
    "incorrect": {
      "precision": 0.7666666666666667,
      "recall": 0.6571428571428571,
      "correct": 23,
      "total": 35
    },
    "partial": {
      "precision": 0.4090909090909091,
      "recall": 0.375,
      "correct": 9,
      "total": 24
    }
  }
}