{
  "overall_accuracy": 0.59,
  "normalized_mean_absolute_error": 0.20428571428571426,
  "total_correct": 59,
  "total": 100,
  "accuracy_by_label": {
    "almost": {
      "precision": 0.0,
      "recall": 0.0,
      "correct": 0,
      "total": 6
    },
    "correct": {
      "precision": 0.6938775510204082,
      "recall": 0.9714285714285714,
      "correct": 34,
      "total": 35
    },
    "incorrect": {
      "precision": 0.6857142857142857,
      "recall": 0.6857142857142857,
      "correct": 24,
      "total": 35
    },
    "partial": {
      "precision": 0.14285714285714285,
      "recall": 0.041666666666666664,
      "correct": 1,
      "total": 24
    }
  }
}