{
  "overall_accuracy": 0.67,
  "normalized_mean_absolute_error": 0.15571428571428572,
  "total_correct": 67,
  "total": 100,
  "accuracy_by_label": {
    "almost": {
      "precision": 0.5,
      "recall": 0.3333333333333333,
      "correct": 2,
      "total": 6
    },
    "correct": {
      "precision": 0.7083333333333334,
      "recall": 0.9714285714285714,
      "correct": 34,
      "total": 35
    },
    "incorrect": {
      "precision": 0.8333333333333334,
      "recall": 0.5714285714285714,
      "correct": 20,
      "total": 35
    },
    "partial": {
      "precision": 0.4583333333333333,
      "recall": 0.4583333333333333,
      "correct": 11,
      "total": 24
    }
  }
}