{
  "overall_accuracy": 0.49,
  "normalized_mean_absolute_error": 0.17857142857142858,
  "total_correct": 49,
  "total": 100,
  "accuracy_by_label": {
    "almost": {
      "precision": 0.5,
      "recall": 0.2,
      "correct": 1,
      "total": 5
    },
    "correct": {
      "precision": 0.7272727272727273,
      "recall": 0.9142857142857143,
      "correct": 32,
      "total": 35
    },
    "incorrect": {
      "precision": 0.391304347826087,
      "recall": 0.2571428571428571,
      "correct": 9,
      "total": 35
    },
    "partial": {
      "precision": 0.22580645161290322,
      "recall": 0.28,
      "correct": 7,
      "total": 25
    }
  }
}