{
  "overall_accuracy": 0.54,
  "normalized_mean_absolute_error": 0.18857142857142858,
  "total_correct": 54,
  "total": 100,
  "accuracy_by_label": {
    "almost": {
      "precision": 0.17647058823529413,
      "recall": 0.5,
      "correct": 3,
      "total": 6
    },
    "correct": {
      "precision": 0.8125,
      "recall": 0.7428571428571429,
      "correct": 26,
      "total": 35
    },
    "incorrect": {
      "precision": 0.7857142857142857,
      "recall": 0.3142857142857143,
      "correct": 11,
      "total": 35
    },
    "partial": {
      "precision": 0.3783783783783784,
      "recall": 0.5833333333333334,
      "correct": 14,
      "total": 24
    }
  }
}