{
  "overall_accuracy": 0.65,
  "normalized_mean_absolute_error": 0.1742857142857143,
  "total_correct": 65,
  "total": 100,
  "accuracy_by_label": {
    "almost": {
      "precision": 0.0,
      "recall": 0.0,
      "correct": 0,
      "total": 6
    },
    "correct": {
      "precision": 0.6976744186046512,
      "recall": 0.8571428571428571,
      "correct": 30,
      "total": 35
    },
    "incorrect": {
      "precision": 0.8636363636363636,
      "recall": 0.5428571428571428,
      "correct": 19,
      "total": 35
    },
    "partial": {
      "precision": 0.47058823529411764,
      "recall": 0.6666666666666666,
      "correct": 16,
      "total": 24
    }
  }
}