{
  "overall_accuracy": 0.67,
  "normalized_mean_absolute_error": 0.15142857142857144,
  "total_correct": 67,
  "total": 100,
  "accuracy_by_label": {
    "almost": {
      "precision": 0.0,
      "recall": 0.0,
      "correct": 0,
      "total": 6
    },
    "correct": {
      "precision": 0.6875,
      "recall": 0.9428571428571428,
      "correct": 33,
      "total": 35
    },
    "incorrect": {
      "precision": 0.7105263157894737,
      "recall": 0.7714285714285715,
      "correct": 27,
      "total": 35
    },
    "partial": {
      "precision": 0.5384615384615384,
      "recall": 0.2916666666666667,
      "correct": 7,
      "total": 24
    }
  }
}