{
  "overall_accuracy": 0.39,
  "normalized_mean_absolute_error": 0.4414285714285714,
  "total_correct": 39,
  "total": 100,
  "accuracy_by_label": {
    "almost": {
      "precision": 0.2,
      "recall": 0.16666666666666666,
      "correct": 1,
      "total": 6
    },
    "correct": {
      "precision": 0.38666666666666666,
      "recall": 0.8285714285714286,
      "correct": 29,
      "total": 35
    },
    "incorrect": {
      "precision": 0.6363636363636364,
      "recall": 0.2,
      "correct": 7,
      "total": 35
    },
    "partial": {
      "precision": 0.2222222222222222,
      "recall": 0.08333333333333333,
      "correct": 2,
      "total": 24
    }
  }
}