{
  "overall_accuracy": 0.54,
  "normalized_mean_absolute_error": 0.2814285714285714,
  "total_correct": 54,
  "total": 100,
  "accuracy_by_label": {
    "almost": {
      "precision": 0.2222222222222222,
      "recall": 0.3333333333333333,
      "correct": 2,
      "total": 6
    },
    "correct": {
      "precision": 0.543859649122807,
      "recall": 0.8857142857142857,
      "correct": 31,
      "total": 35
    },
    "incorrect": {
      "precision": 0.9333333333333333,
      "recall": 0.4,
      "correct": 14,
      "total": 35
    },
    "partial": {
      "precision": 0.3684210526315789,
      "recall": 0.2916666666666667,
      "correct": 7,
      "total": 24
    }
  }
}