{
  "overall_accuracy": 0.55,
  "normalized_mean_absolute_error": 0.20428571428571426,
  "total_correct": 55,
  "total": 100,
  "accuracy_by_label": {
    "almost": {
      "precision": 0.0,
      "recall": 0.0,
      "correct": 0,
      "total": 5
    },
    "correct": {
      "precision": 0.64,
      "recall": 0.9142857142857143,
      "correct": 32,
      "total": 35
    },
    "incorrect": {
      "precision": 0.5365853658536586,
      "recall": 0.6285714285714286,
      "correct": 22,
      "total": 35
    },
    "partial": {
      "precision": 0.1111111111111111,
      "recall": 0.04,
      "correct": 1,
      "total": 25
    }
  }
}