{
  "overall_accuracy": 0.59,
  "normalized_mean_absolute_error": 0.17142857142857143,
  "total_correct": 59,
  "total": 100,
  "accuracy_by_label": {
    "almost": {
      "precision": 0.25,
      "recall": 0.16666666666666666,
      "correct": 1,
      "total": 6
    },
    "correct": {
      "precision": 0.66,
      "recall": 0.9428571428571428,
      "correct": 33,
      "total": 35
    },
    "incorrect": {
      "precision": 0.8,
      "recall": 0.34285714285714286,
      "correct": 12,
      "total": 35
    },
    "partial": {
      "precision": 0.41935483870967744,
      "recall": 0.5416666666666666,
      "correct": 13,
      "total": 24
    }
  }
}