{
  "overall_accuracy": 0.56,
  "normalized_mean_absolute_error": 0.2357142857142857,
  "total_correct": 56,
  "total": 100,
  "accuracy_by_label": {
    "almost": {
      "precision": 0.0,
      "recall": 0.0,
      "correct": 0,
      "total": 5
    },
    "correct": {
      "precision": 0.7435897435897436,
      "recall": 0.8285714285714286,
      "correct": 29,
      "total": 35
    },
    "incorrect": {
      "precision": 0.6666666666666666,
      "recall": 0.45714285714285713,
      "correct": 16,
      "total": 35
    },
    "partial": {
      "precision": 0.4583333333333333,
      "recall": 0.44,
      "correct": 11,
      "total": 25
    }
  }
}