{
  "overall_accuracy": 0.63,
  "normalized_mean_absolute_error": 0.23142857142857146,
  "total_correct": 63,
  "total": 100,
  "accuracy_by_label": {
    "almost": {
      "precision": 0.0,
      "recall": 0.0,
      "correct": 0,
      "total": 6
    },
    "correct": {
      "precision": 0.5789473684210527,
      "recall": 0.9428571428571428,
      "correct": 33,
      "total": 35
    },
    "incorrect": {
      "precision": 0.7878787878787878,
      "recall": 0.7428571428571429,
      "correct": 26,
      "total": 35
    },
    "partial": {
      "precision": 0.5,
      "recall": 0.16666666666666666,
      "correct": 4,
      "total": 24
    }
  }
}