{
  "overall_accuracy": 0.63,
  "normalized_mean_absolute_error": 0.1742857142857143,
  "total_correct": 63,
  "total": 100,
  "accuracy_by_label": {
    "almost": {
      "precision": 0.0,
      "recall": 0.0,
      "correct": 0,
      "total": 6
    },
    "correct": {
      "precision": 0.6226415094339622,
      "recall": 0.9428571428571428,
      "correct": 33,
      "total": 35
    },
    "incorrect": {
      "precision": 0.7027027027027027,
      "recall": 0.7428571428571429,
      "correct": 26,
      "total": 35
    },
    "partial": {
      "precision": 0.4,
      "recall": 0.16666666666666666,
      "correct": 4,
      "total": 24
    }
  }
}