{
  "overall_accuracy": 0.51,
  "normalized_mean_absolute_error": 0.21285714285714286,
  "total_correct": 51,
  "total": 100,
  "accuracy_by_label": {
    "almost": {
      "precision": 0.2,
      "recall": 0.5,
      "correct": 3,
      "total": 6
    },
    "correct": {
      "precision": 0.631578947368421,
      "recall": 0.6857142857142857,
      "correct": 24,
      "total": 35
    },
    "incorrect": {
      "precision": 0.8235294117647058,
      "recall": 0.4,
      "correct": 14,
      "total": 35
    },
    "partial": {
      "precision": 0.3333333333333333,
      "recall": 0.4166666666666667,
      "correct": 10,
      "total": 24
    }
  }
}