{
  "overall_accuracy": 0.61,
  "normalized_mean_absolute_error": 0.16,
  "total_correct": 61,
  "total": 100,
  "accuracy_by_label": {
    "almost": {
      "precision": 0.2857142857142857,
      "recall": 0.4,
      "correct": 2,
      "total": 5
    },
    "correct": {
      "precision": 0.775,
      "recall": 0.8857142857142857,
      "correct": 31,
      "total": 35
    },
    "incorrect": {
      "precision": 0.7058823529411765,
      "recall": 0.34285714285714286,
      "correct": 12,
      "total": 35
    },
    "partial": {
      "precision": 0.45714285714285713,
      "recall": 0.64,
      "correct": 16,
      "total": 25
    }
  }
}