{
  "overall_accuracy": 0.06,
  "normalized_mean_absolute_error": 0.8271428571428572,
  "total_correct": 6,
  "total": 100,
  "accuracy_by_label": {
    "almost": {
      "precision": 0.09090909090909091,
      "recall": 0.16666666666666666,
      "correct": 1,
      "total": 6
    },
    "correct": {
      "precision": 0.75,
      "recall": 0.08571428571428572,
      "correct": 3,
      "total": 35
    },
    "incorrect": {
      "precision": 0.0,
      "recall": 0.0,
      "correct": 0,
      "total": 35
    },
    "partial": {
      "precision": 0.2222222222222222,
      "recall": 0.08333333333333333,
      "correct": 2,
      "total": 24
    }
  }
}