{
  "overall_accuracy": 0.59,
  "normalized_mean_absolute_error": 0.16142857142857142,
  "total_correct": 59,
  "total": 100,
  "accuracy_by_label": {
    "almost": {
      "precision": 0.2727272727272727,
      "recall": 0.5,
      "correct": 3,
      "total": 6
    },
    "correct": {
      "precision": 0.7837837837837838,
      "recall": 0.8285714285714286,
      "correct": 29,
      "total": 35
    },
    "incorrect": {
      "precision": 0.9230769230769231,
      "recall": 0.34285714285714286,
      "correct": 12,
      "total": 35
    },
    "partial": {
      "precision": 0.38461538461538464,
      "recall": 0.625,
      "correct": 15,
      "total": 24
    }
  }
}