{
  "overall_accuracy": 0.62,
  "normalized_mean_absolute_error": 0.16285714285714284,
  "total_correct": 62,
  "total": 100,
  "accuracy_by_label": {
    "almost": {
      "precision": 0.2,
      "recall": 0.16666666666666666,
      "correct": 1,
      "total": 6
    },
    "correct": {
      "precision": 0.6938775510204082,
      "recall": 0.9714285714285714,
      "correct": 34,
      "total": 35
    },
    "incorrect": {
      "precision": 0.8333333333333334,
      "recall": 0.42857142857142855,
      "correct": 15,
      "total": 35
    },
    "partial": {
      "precision": 0.42857142857142855,
      "recall": 0.5,
      "correct": 12,
      "total": 24
    }
  }
}