{
  "overall_accuracy": 0.64,
  "normalized_mean_absolute_error": 0.15142857142857144,
  "total_correct": 64,
  "total": 100,
  "accuracy_by_label": {
    "almost": {
      "precision": 0.0,
      "recall": 0.0,
      "correct": 0,
      "total": 6
    },
    "correct": {
      "precision": 0.7435897435897436,
      "recall": 0.8285714285714286,
      "correct": 29,
      "total": 35
    },
    "incorrect": {
      "precision": 0.7419354838709677,
      "recall": 0.6571428571428571,
      "correct": 23,
      "total": 35
    },
    "partial": {
      "precision": 0.4,
      "recall": 0.5,
      "correct": 12,
      "total": 24
    }
  }
}