{
  "overall_accuracy": 0.53,
  "normalized_mean_absolute_error": 0.16999999999999998,
  "total_correct": 53,
  "total": 100,
  "accuracy_by_label": {
    "almost": {
      "precision": 0.0,
      "recall": 0.0,
      "correct": 0,
      "total": 5
    },
    "correct": {
      "precision": 0.6956521739130435,
      "recall": 0.9142857142857143,
      "correct": 32,
      "total": 35
    },
    "incorrect": {
      "precision": 0.4857142857142857,
      "recall": 0.4857142857142857,
      "correct": 17,
      "total": 35
    },
    "partial": {
      "precision": 0.2222222222222222,
      "recall": 0.16,
      "correct": 4,
      "total": 25
    }
  }
}