{
  "overall_accuracy": 0.12,
  "normalized_mean_absolute_error": 0.5142857142857143,
  "total_correct": 12,
  "total": 100,
  "accuracy_by_label": {
    "almost": {
      "precision": 0.02040816326530612,
      "recall": 0.16666666666666666,
      "correct": 1,
      "total": 6
    },
    "correct": {
      "precision": 0.0,
      "recall": 0.0,
      "correct": 0,
      "total": 35
    },
    "incorrect": {
      "precision": 0.0,
      "recall": 0.0,
      "correct": 0,
      "total": 35
    },
    "partial": {
      "precision": 0.21568627450980393,
      "recall": 0.4583333333333333,
      "correct": 11,
      "total": 24
    }
  }
}