{
  "overall_accuracy": 0.51,
  "normalized_mean_absolute_error": 0.20285714285714285,
  "total_correct": 51,
  "total": 100,
  "accuracy_by_label": {
    "almost": {
      "precision": 0.0,
      "recall": 0.0,
      "correct": 0,
      "total": 5
    },
    "correct": {
      "precision": 0.6470588235294118,
      "recall": 0.9428571428571428,
      "correct": 33,
      "total": 35
    },
    "incorrect": {
      "precision": 0.4666666666666667,
      "recall": 0.4,
      "correct": 14,
      "total": 35
    },
    "partial": {
      "precision": 0.21052631578947367,
      "recall": 0.16,
      "correct": 4,
      "total": 25
    }
  }
}