{
  "overall_accuracy": 0.67,
  "normalized_mean_absolute_error": 0.16285714285714284,
  "total_correct": 67,
  "total": 100,
  "accuracy_by_label": {
    "almost": {
      "precision": 0.0,
      "recall": 0.0,
      "correct": 0,
      "total": 6
    },
    "correct": {
      "precision": 0.7045454545454546,
      "recall": 0.8857142857142857,
      "correct": 31,
      "total": 35
    },
    "incorrect": {
      "precision": 0.8125,
      "recall": 0.7428571428571429,
      "correct": 26,
      "total": 35
    },
    "partial": {
      "precision": 0.43478260869565216,
      "recall": 0.4166666666666667,
      "correct": 10,
      "total": 24
    }
  }
}