{
  "overall_accuracy": 0.34,
  "normalized_mean_absolute_error": 0.5028571428571429,
  "total_correct": 34,
  "total": 100,
  "accuracy_by_label": {
    "almost": {
      "precision": 0.0,
      "recall": 0.0,
      "correct": 0,
      "total": 5
    },
    "correct": {
      "precision": 0.7058823529411765,
      "recall": 0.6857142857142857,
      "correct": 24,
      "total": 35
    },
    "incorrect": {
      "precision": 0.5555555555555556,
      "recall": 0.14285714285714285,
      "correct": 5,
      "total": 35
    },
    "partial": {
      "precision": 0.2777777777777778,
      "recall": 0.2,
      "correct": 5,
      "total": 25
    }
  }
}