{
  "overall_accuracy": 0.34,
  "normalized_mean_absolute_error": 0.5428571428571428,
  "total_correct": 34,
  "total": 100,
  "accuracy_by_label": {
    "almost": {
      "precision": 0.15384615384615385,
      "recall": 0.3333333333333333,
      "correct": 2,
      "total": 6
    },
    "correct": {
      "precision": 0.6585365853658537,
      "recall": 0.7714285714285715,
      "correct": 27,
      "total": 35
    },
    "incorrect": {
      "precision": 0.75,
      "recall": 0.08571428571428572,
      "correct": 3,
      "total": 35
    },
    "partial": {
      "precision": 0.3333333333333333,
      "recall": 0.08333333333333333,
      "correct": 2,
      "total": 24
    }
  }
}