{
  "overall_accuracy": 0.62,
  "normalized_mean_absolute_error": 0.14857142857142858,
  "total_correct": 62,
  "total": 100,
  "accuracy_by_label": {
    "almost": {
      "precision": 0.6666666666666666,
      "recall": 0.3333333333333333,
      "correct": 2,
      "total": 6
    },
    "correct": {
      "precision": 0.7441860465116279,
      "recall": 0.9142857142857143,
      "correct": 32,
      "total": 35
    },
    "incorrect": {
      "precision": 0.9166666666666666,
      "recall": 0.3142857142857143,
      "correct": 11,
      "total": 35
    },
    "partial": {
      "precision": 0.40476190476190477,
      "recall": 0.7083333333333334,
      "correct": 17,
      "total": 24
    }
  }
}