{
  "overall_accuracy": 0.6,
  "normalized_mean_absolute_error": 0.16428571428571428,
  "total_correct": 60,
  "total": 100,
  "accuracy_by_label": {
    "almost": {
      "precision": 0.5,
      "recall": 0.3333333333333333,
      "correct": 2,
      "total": 6
    },
    "correct": {
      "precision": 0.75,
      "recall": 0.9428571428571428,
      "correct": 33,
      "total": 35
    },
    "incorrect": {
      "precision": 0.7857142857142857,
      "recall": 0.3142857142857143,
      "correct": 11,
      "total": 35
    },
    "partial": {
      "precision": 0.3684210526315789,
      "recall": 0.5833333333333334,
      "correct": 14,
      "total": 24
    }
  }
}