{
  "overall_accuracy": 0.56,
  "normalized_mean_absolute_error": 0.16714285714285712,
  "total_correct": 56,
  "total": 100,
  "accuracy_by_label": {
    "almost": {
      "precision": 0.2857142857142857,
      "recall": 0.3333333333333333,
      "correct": 2,
      "total": 6
    },
    "correct": {
      "precision": 0.8,
      "recall": 0.8,
      "correct": 28,
      "total": 35
    },
    "incorrect": {
      "precision": 1.0,
      "recall": 0.2,
      "correct": 7,
      "total": 35
    },
    "partial": {
      "precision": 0.37254901960784315,
      "recall": 0.7916666666666666,
      "correct": 19,
      "total": 24
    }
  }
}