{
  "overall_accuracy": 0.64,
  "normalized_mean_absolute_error": 0.18142857142857144,
  "total_correct": 64,
  "total": 100,
  "accuracy_by_label": {
    "almost": {
      "precision": 0.42857142857142855,
      "recall": 0.5,
      "correct": 3,
      "total": 6
    },
    "correct": {
      "precision": 0.8529411764705882,
      "recall": 0.8285714285714286,
      "correct": 29,
      "total": 35
    },
    "incorrect": {
      "precision": 0.6774193548387096,
      "recall": 0.6,
      "correct": 21,
      "total": 35
    },
    "partial": {
      "precision": 0.5,
      "recall": 0.4583333333333333,
      "correct": 11,
      "total": 24
    }
  }
}