{
  "overall_accuracy": 0.29,
  "normalized_mean_absolute_error": 0.3685714285714286,
  "total_correct": 29,
  "total": 100,
  "accuracy_by_label": {
    "almost": {
      "precision": 0.0625,
      "recall": 0.6,
      "correct": 3,
      "total": 5
    },
    "correct": {
      "precision": 0.8095238095238095,
      "recall": 0.4857142857142857,
      "correct": 17,
      "total": 35
    },
    "incorrect": {
      "precision": 0.3125,
      "recall": 0.14285714285714285,
      "correct": 5,
      "total": 35
    },
    "partial": {
      "precision": 0.26666666666666666,
      "recall": 0.16,
      "correct": 4,
      "total": 25
    }
  }
}