{
  "overall_accuracy": 0.5,
  "normalized_mean_absolute_error": 0.20285714285714285,
  "total_correct": 50,
  "total": 100,
  "accuracy_by_label": {
    "almost": {
      "precision": 0.25,
      "recall": 0.2,
      "correct": 1,
      "total": 5
    },
    "correct": {
      "precision": 0.6888888888888889,
      "recall": 0.8857142857142857,
      "correct": 31,
      "total": 35
    },
    "incorrect": {
      "precision": 0.43333333333333335,
      "recall": 0.37142857142857144,
      "correct": 13,
      "total": 35
    },
    "partial": {
      "precision": 0.23809523809523808,
      "recall": 0.2,
      "correct": 5,
      "total": 25
    }
  }
}