{
  "overall_accuracy": 0.69,
  "normalized_mean_absolute_error": 0.1542857142857143,
  "total_correct": 69,
  "total": 100,
  "accuracy_by_label": {
    "almost": {
      "precision": 0.0,
      "recall": 0.0,
      "correct": 0,
      "total": 6
    },
    "correct": {
      "precision": 0.7272727272727273,
      "recall": 0.9142857142857143,
      "correct": 32,
      "total": 35
    },
    "incorrect": {
      "precision": 0.8148148148148148,
      "recall": 0.6285714285714286,
      "correct": 22,
      "total": 35
    },
    "partial": {
      "precision": 0.5172413793103449,
      "recall": 0.625,
      "correct": 15,
      "total": 24
    }
  }
}