{
  "overall_accuracy": 0.63,
  "normalized_mean_absolute_error": 0.17714285714285713,
  "total_correct": 63,
  "total": 100,
  "accuracy_by_label": {
    "almost": {
      "precision": 0.2857142857142857,
      "recall": 0.3333333333333333,
      "correct": 2,
      "total": 6
    },
    "correct": {
      "precision": 0.6938775510204082,
      "recall": 0.9714285714285714,
      "correct": 34,
      "total": 35
    },
    "incorrect": {
      "precision": 0.75,
      "recall": 0.5142857142857142,
      "correct": 18,
      "total": 35
    },
    "partial": {
      "precision": 0.45,
      "recall": 0.375,
      "correct": 9,
      "total": 24
    }
  }
}