{
  "overall_accuracy": 0.22,
  "normalized_mean_absolute_error": 0.7485714285714286,
  "total_correct": 22,
  "total": 100,
  "accuracy_by_label": {
    "almost": {
      "precision": 0.0,
      "recall": 0.0,
      "correct": 0,
      "total": 6
    },
    "correct": {
      "precision": 0.6666666666666666,
      "recall": 0.45714285714285713,
      "correct": 16,
      "total": 35
    },
    "incorrect": {
      "precision": 0.8333333333333334,
      "recall": 0.14285714285714285,
      "correct": 5,
      "total": 35
    },
    "partial": {
      "precision": 0.5,
      "recall": 0.041666666666666664,
      "correct": 1,
      "total": 24
    }
  }
}