{
  "overall_accuracy": 0.58,
  "normalized_mean_absolute_error": 0.16857142857142857,
  "total_correct": 58,
  "total": 100,
  "accuracy_by_label": {
    "almost": {
      "precision": 0.3333333333333333,
      "recall": 0.2,
      "correct": 1,
      "total": 5
    },
    "correct": {
      "precision": 0.7111111111111111,
      "recall": 0.9142857142857143,
      "correct": 32,
      "total": 35
    },
    "incorrect": {
      "precision": 0.5365853658536586,
      "recall": 0.6285714285714286,
      "correct": 22,
      "total": 35
    },
    "partial": {
      "precision": 0.2727272727272727,
      "recall": 0.12,
      "correct": 3,
      "total": 25
    }
  }
}