{
  "overall_accuracy": 0.51,
  "normalized_mean_absolute_error": 0.21142857142857144,
  "total_correct": 51,
  "total": 100,
  "accuracy_by_label": {
    "almost": {
      "precision": 0.0,
      "recall": 0.0,
      "correct": 0,
      "total": 5
    },
    "correct": {
      "precision": 0.7045454545454546,
      "recall": 0.8857142857142857,
      "correct": 31,
      "total": 35
    },
    "incorrect": {
      "precision": 0.4838709677419355,
      "recall": 0.42857142857142855,
      "correct": 15,
      "total": 35
    },
    "partial": {
      "precision": 0.2631578947368421,
      "recall": 0.2,
      "correct": 5,
      "total": 25
    }
  }
}