{
  "overall_accuracy": 0.7,
  "normalized_mean_absolute_error": 0.14285714285714285,
  "total_correct": 70,
  "total": 100,
  "accuracy_by_label": {
    "almost": {
      "precision": 0.0,
      "recall": 0.0,
      "correct": 0,
      "total": 6
    },
    "correct": {
      "precision": 0.68,
      "recall": 0.9714285714285714,
      "correct": 34,
      "total": 35
    },
    "incorrect": {
      "precision": 0.8148148148148148,
      "recall": 0.6285714285714286,
      "correct": 22,
      "total": 35
    },
    "partial": {
      "precision": 0.6086956521739131,
      "recall": 0.5833333333333334,
      "correct": 14,
      "total": 24
    }
  }
}