{
  "overall_accuracy": 0.56,
  "normalized_mean_absolute_error": 0.16428571428571428,
  "total_correct": 56,
  "total": 100,
  "accuracy_by_label": {
    "almost": {
      "precision": 0.0,
      "recall": 0.0,
      "correct": 0,
      "total": 5
    },
    "correct": {
      "precision": 0.7948717948717948,
      "recall": 0.8857142857142857,
      "correct": 31,
      "total": 35
    },
    "incorrect": {
      "precision": 0.5357142857142857,
      "recall": 0.42857142857142855,
      "correct": 15,
      "total": 35
    },
    "partial": {
      "precision": 0.3333333333333333,
      "recall": 0.4,
      "correct": 10,
      "total": 25
    }
  }
}