{
  "overall_accuracy": 0.25,
  "normalized_mean_absolute_error": 0.5514285714285714,
  "total_correct": 25,
  "total": 100,
  "accuracy_by_label": {
    "almost": {
      "precision": 0.15789473684210525,
      "recall": 0.5,
      "correct": 3,
      "total": 6
    },
    "correct": {
      "precision": 0.7857142857142857,
      "recall": 0.3142857142857143,
      "correct": 11,
      "total": 35
    },
    "incorrect": {
      "precision": 0.5,
      "recall": 0.08571428571428572,
      "correct": 3,
      "total": 35
    },
    "partial": {
      "precision": 0.3333333333333333,
      "recall": 0.3333333333333333,
      "correct": 8,
      "total": 24
    }
  }
}