{
  "overall_accuracy": 0.6,
  "normalized_mean_absolute_error": 0.15285714285714286,
  "total_correct": 60,
  "total": 100,
  "accuracy_by_label": {
    "almost": {
      "precision": 0.2222222222222222,
      "recall": 0.3333333333333333,
      "correct": 2,
      "total": 6
    },
    "correct": {
      "precision": 0.75,
      "recall": 0.8571428571428571,
      "correct": 30,
      "total": 35
    },
    "incorrect": {
      "precision": 0.8823529411764706,
      "recall": 0.42857142857142855,
      "correct": 15,
      "total": 35
    },
    "partial": {
      "precision": 0.38235294117647056,
      "recall": 0.5416666666666666,
      "correct": 13,
      "total": 24
    }
  }
}