{
  "overall_accuracy": 0.53,
  "normalized_mean_absolute_error": 0.1757142857142857,
  "total_correct": 53,
  "total": 100,
  "accuracy_by_label": {
    "almost": {
      "precision": 0.0,
      "recall": 0.0,
      "correct": 0,
      "total": 5
    },
    "correct": {
      "precision": 0.7272727272727273,
      "recall": 0.9142857142857143,
      "correct": 32,
      "total": 35
    },
    "incorrect": {
      "precision": 0.4444444444444444,
      "recall": 0.34285714285714286,
      "correct": 12,
      "total": 35
    },
    "partial": {
      "precision": 0.3103448275862069,
      "recall": 0.36,
      "correct": 9,
      "total": 25
    }
  }
}