{
  "overall_accuracy": 0.6,
  "normalized_mean_absolute_error": 0.1842857142857143,
  "total_correct": 60,
  "total": 100,
  "accuracy_by_label": {
    "almost": {
      "precision": 0.0,
      "recall": 0.0,
      "correct": 0,
      "total": 6
    },
    "correct": {
      "precision": 0.6153846153846154,
      "recall": 0.9142857142857143,
      "correct": 32,
      "total": 35
    },
    "incorrect": {
      "precision": 0.7333333333333333,
      "recall": 0.6285714285714286,
      "correct": 22,
      "total": 35
    },
    "partial": {
      "precision": 0.3333333333333333,
      "recall": 0.25,
      "correct": 6,
      "total": 24
    }
  }
}