{
  "overall_accuracy": 0.66,
  "normalized_mean_absolute_error": 0.1457142857142857,
  "total_correct": 66,
  "total": 100,
  "accuracy_by_label": {
    "almost": {
      "precision": 0.0,
      "recall": 0.0,
      "correct": 0,
      "total": 6
    },
    "correct": {
      "precision": 0.66,
      "recall": 0.9428571428571428,
      "correct": 33,
      "total": 35
    },
    "incorrect": {
      "precision": 0.9047619047619048,
      "recall": 0.5428571428571428,
      "correct": 19,
      "total": 35
    },
    "partial": {
      "precision": 0.4827586206896552,
      "recall": 0.5833333333333334,
      "correct": 14,
      "total": 24
    }
  }
}