{
  "overall_accuracy": 0.69,
  "normalized_mean_absolute_error": 0.14285714285714285,
  "total_correct": 69,
  "total": 100,
  "accuracy_by_label": {
    "almost": {
      "precision": 0.0,
      "recall": 0.0,
      "correct": 0,
      "total": 6
    },
    "correct": {
      "precision": 0.6875,
      "recall": 0.9428571428571428,
      "correct": 33,
      "total": 35
    },
    "incorrect": {
      "precision": 0.9047619047619048,
      "recall": 0.5428571428571428,
      "correct": 19,
      "total": 35
    },
    "partial": {
      "precision": 0.5483870967741935,
      "recall": 0.7083333333333334,
      "correct": 17,
      "total": 24
    }
  }
}