{
  "overall_accuracy": 0.6,
  "normalized_mean_absolute_error": 0.22714285714285715,
  "total_correct": 60,
  "total": 100,
  "accuracy_by_label": {
    "almost": {
      "precision": 0.0,
      "recall": 0.0,
      "correct": 0,
      "total": 5
    },
    "correct": {
      "precision": 0.62,
      "recall": 0.8857142857142857,
      "correct": 31,
      "total": 35
    },
    "incorrect": {
      "precision": 0.6216216216216216,
      "recall": 0.6571428571428571,
      "correct": 23,
      "total": 35
    },
    "partial": {
      "precision": 0.5454545454545454,
      "recall": 0.24,
      "correct": 6,
      "total": 25
    }
  }
}