{
  "overall_accuracy": 0.52,
  "normalized_mean_absolute_error": 0.1542857142857143,
  "total_correct": 52,
  "total": 100,
  "accuracy_by_label": {
    "almost": {
      "precision": 0.1111111111111111,
      "recall": 0.2,
      "correct": 1,
      "total": 5
    },
    "correct": {
      "precision": 0.8,
      "recall": 0.8,
      "correct": 28,
      "total": 35
    },
    "incorrect": {
      "precision": 0.5263157894736842,
      "recall": 0.2857142857142857,
      "correct": 10,
      "total": 35
    },
    "partial": {
      "precision": 0.35135135135135137,
      "recall": 0.52,
      "correct": 13,
      "total": 25
    }
  }
}