{
  "overall_accuracy": 0.63,
  "normalized_mean_absolute_error": 0.1757142857142857,
  "total_correct": 63,
  "total": 100,
  "accuracy_by_label": {
    "almost": {
      "precision": 0.3333333333333333,
      "recall": 0.5,
      "correct": 3,
      "total": 6
    },
    "correct": {
      "precision": 0.7435897435897436,
      "recall": 0.8285714285714286,
      "correct": 29,
      "total": 35
    },
    "incorrect": {
      "precision": 0.76,
      "recall": 0.5428571428571428,
      "correct": 19,
      "total": 35
    },
    "partial": {
      "precision": 0.4444444444444444,
      "recall": 0.5,
      "correct": 12,
      "total": 24
    }
  }
}