{
  "overall_accuracy": 0.54,
  "normalized_mean_absolute_error": 0.2414285714285714,
  "total_correct": 54,
  "total": 100,
  "accuracy_by_label": {
    "almost": {
      "precision": 0.0,
      "recall": 0.0,
      "correct": 0,
      "total": 5
    },
    "correct": {
      "precision": 0.5961538461538461,
      "recall": 0.8857142857142857,
      "correct": 31,
      "total": 35
    },
    "incorrect": {
      "precision": 0.5833333333333334,
      "recall": 0.6,
      "correct": 21,
      "total": 35
    },
    "partial": {
      "precision": 0.2222222222222222,
      "recall": 0.08,
      "correct": 2,
      "total": 25
    }
  }
}