{
  "overall_accuracy": 0.56,
  "normalized_mean_absolute_error": 0.16857142857142857,
  "total_correct": 56,
  "total": 100,
  "accuracy_by_label": {
    "almost": {
      "precision": 0.3333333333333333,
      "recall": 0.2,
      "correct": 1,
      "total": 5
    },
    "correct": {
      "precision": 0.8857142857142857,
      "recall": 0.8857142857142857,
      "correct": 31,
      "total": 35
    },
    "incorrect": {
      "precision": 0.5833333333333334,
      "recall": 0.2,
      "correct": 7,
      "total": 35
    },
    "partial": {
      "precision": 0.3695652173913043,
      "recall": 0.68,
      "correct": 17,
      "total": 25
    }
  }
}