{
  "overall_accuracy": 0.12,
  "normalized_mean_absolute_error": 0.7914285714285715,
  "total_correct": 12,
  "total": 100,
  "accuracy_by_label": {
    "almost": {
      "precision": 0.0,
      "recall": 0.0,
      "correct": 0,
      "total": 6
    },
    "correct": {
      "precision": 0.5,
      "recall": 0.11428571428571428,
      "correct": 4,
      "total": 35
    },
    "incorrect": {
      "precision": 0.5454545454545454,
      "recall": 0.17142857142857143,
      "correct": 6,
      "total": 35
    },
    "partial": {
      "precision": 0.3333333333333333,
      "recall": 0.08333333333333333,
      "correct": 2,
      "total": 24
    }
  }
}