{
  "overall_accuracy": 0.47,
  "normalized_mean_absolute_error": 0.25857142857142856,
  "total_correct": 47,
  "total": 100,
  "accuracy_by_label": {
    "almost": {
      "precision": 0.09090909090909091,
      "recall": 0.3333333333333333,
      "correct": 2,
      "total": 6
    },
    "correct": {
      "precision": 0.875,
      "recall": 0.4,
      "correct": 14,
      "total": 35
    },
    "incorrect": {
      "precision": 0.7027027027027027,
      "recall": 0.7428571428571429,
      "correct": 26,
      "total": 35
    },
    "partial": {
      "precision": 0.22727272727272727,
      "recall": 0.20833333333333334,
      "correct": 5,
      "total": 24
    }
  }
}