{
  "overall_accuracy": 0.64,
  "normalized_mean_absolute_error": 0.20142857142857143,
  "total_correct": 64,
  "total": 100,
  "accuracy_by_label": {
    "almost": {
      "precision": 0.0,
      "recall": 0.0,
      "correct": 0,
      "total": 6
    },
    "correct": {
      "precision": 0.7142857142857143,
      "recall": 0.8571428571428571,
      "correct": 30,
      "total": 35
    },
    "incorrect": {
      "precision": 0.8,
      "recall": 0.6857142857142857,
      "correct": 24,
      "total": 35
    },
    "partial": {
      "precision": 0.5555555555555556,
      "recall": 0.4166666666666667,
      "correct": 10,
      "total": 24
    }
  }
}