{
  "overall_accuracy": 0.66,
  "normalized_mean_absolute_error": 0.1742857142857143,
  "total_correct": 66,
  "total": 100,
  "accuracy_by_label": {
    "almost": {
      "precision": 0.0,
      "recall": 0.0,
      "correct": 0,
      "total": 6
    },
    "correct": {
      "precision": 0.6458333333333334,
      "recall": 0.8857142857142857,
      "correct": 31,
      "total": 35
    },
    "incorrect": {
      "precision": 1.0,
      "recall": 0.5428571428571428,
      "correct": 19,
      "total": 35
    },
    "partial": {
      "precision": 0.48484848484848486,
      "recall": 0.6666666666666666,
      "correct": 16,
      "total": 24
    }
  }
}