{
  "overall_accuracy": 0.49,
  "normalized_mean_absolute_error": 0.20714285714285713,
  "total_correct": 49,
  "total": 100,
  "accuracy_by_label": {
    "almost": {
      "precision": 0.0,
      "recall": 0.0,
      "correct": 0,
      "total": 5
    },
    "correct": {
      "precision": 0.6530612244897959,
      "recall": 0.9142857142857143,
      "correct": 32,
      "total": 35
    },
    "incorrect": {
      "precision": 0.41379310344827586,
      "recall": 0.34285714285714286,
      "correct": 12,
      "total": 35
    },
    "partial": {
      "precision": 0.22727272727272727,
      "recall": 0.2,
      "correct": 5,
      "total": 25
    }
  }
}