{
  "overall_accuracy": 0.63,
  "normalized_mean_absolute_error": 0.13857142857142857,
  "total_correct": 63,
  "total": 100,
  "accuracy_by_label": {
    "almost": {
      "precision": 0.3333333333333333,
      "recall": 0.8333333333333334,
      "correct": 5,
      "total": 6
    },
    "correct": {
      "precision": 0.8235294117647058,
      "recall": 0.8,
      "correct": 28,
      "total": 35
    },
    "incorrect": {
      "precision": 0.7894736842105263,
      "recall": 0.42857142857142855,
      "correct": 15,
      "total": 35
    },
    "partial": {
      "precision": 0.46875,
      "recall": 0.625,
      "correct": 15,
      "total": 24
    }
  }
}