{
  "overall_accuracy": 0.57,
  "normalized_mean_absolute_error": 0.19142857142857145,
  "total_correct": 57,
  "total": 100,
  "accuracy_by_label": {
    "almost": {
      "precision": 0.25,
      "recall": 0.6666666666666666,
      "correct": 4,
      "total": 6
    },
    "correct": {
      "precision": 0.7142857142857143,
      "recall": 0.7142857142857143,
      "correct": 25,
      "total": 35
    },
    "incorrect": {
      "precision": 0.7894736842105263,
      "recall": 0.42857142857142855,
      "correct": 15,
      "total": 35
    },
    "partial": {
      "precision": 0.43333333333333335,
      "recall": 0.5416666666666666,
      "correct": 13,
      "total": 24
    }
  }
}