{
  "overall_accuracy": 0.55,
  "normalized_mean_absolute_error": 0.27285714285714285,
  "total_correct": 55,
  "total": 100,
  "accuracy_by_label": {
    "almost": {
      "precision": 0.0,
      "recall": 0.0,
      "correct": 0,
      "total": 6
    },
    "correct": {
      "precision": 0.5882352941176471,
      "recall": 0.8571428571428571,
      "correct": 30,
      "total": 35
    },
    "incorrect": {
      "precision": 0.696969696969697,
      "recall": 0.6571428571428571,
      "correct": 23,
      "total": 35
    },
    "partial": {
      "precision": 0.25,
      "recall": 0.08333333333333333,
      "correct": 2,
      "total": 24
    }
  }
}