{
  "overall_accuracy": 0.58,
  "normalized_mean_absolute_error": 0.19571428571428573,
  "total_correct": 58,
  "total": 100,
  "accuracy_by_label": {
    "almost": {
      "precision": 0.0,
      "recall": 0.0,
      "correct": 0,
      "total": 6
    },
    "correct": {
      "precision": 0.6226415094339622,
      "recall": 0.9428571428571428,
      "correct": 33,
      "total": 35
    },
    "incorrect": {
      "precision": 0.8571428571428571,
      "recall": 0.34285714285714286,
      "correct": 12,
      "total": 35
    },
    "partial": {
      "precision": 0.3939393939393939,
      "recall": 0.5416666666666666,
      "correct": 13,
      "total": 24
    }
  }
}