{
  "overall_accuracy": 0.41,
  "normalized_mean_absolute_error": 0.43714285714285717,
  "total_correct": 41,
  "total": 100,
  "accuracy_by_label": {
    "almost": {
      "precision": 0.0,
      "recall": 0.0,
      "correct": 0,
      "total": 6
    },
    "correct": {
      "precision": 0.4074074074074074,
      "recall": 0.9428571428571428,
      "correct": 33,
      "total": 35
    },
    "incorrect": {
      "precision": 0.3333333333333333,
      "recall": 0.02857142857142857,
      "correct": 1,
      "total": 35
    },
    "partial": {
      "precision": 0.4375,
      "recall": 0.2916666666666667,
      "correct": 7,
      "total": 24
    }
  }
}