{
  "overall_accuracy": 0.49,
  "normalized_mean_absolute_error": 0.16714285714285712,
  "total_correct": 49,
  "total": 100,
  "accuracy_by_label": {
    "almost": {
      "precision": 0.125,
      "recall": 0.2,
      "correct": 1,
      "total": 5
    },
    "correct": {
      "precision": 0.7435897435897436,
      "recall": 0.8285714285714286,
      "correct": 29,
      "total": 35
    },
    "incorrect": {
      "precision": 0.47368421052631576,
      "recall": 0.2571428571428571,
      "correct": 9,
      "total": 35
    },
    "partial": {
      "precision": 0.29411764705882354,
      "recall": 0.4,
      "correct": 10,
      "total": 25
    }
  }
}