{
  "overall_accuracy": 0.6,
  "normalized_mean_absolute_error": 0.24428571428571427,
  "total_correct": 60,
  "total": 100,
  "accuracy_by_label": {
    "almost": {
      "precision": 0.2,
      "recall": 0.16666666666666666,
      "correct": 1,
      "total": 6
    },
    "correct": {
      "precision": 0.6739130434782609,
      "recall": 0.8857142857142857,
      "correct": 31,
      "total": 35
    },
    "incorrect": {
      "precision": 0.85,
      "recall": 0.4857142857142857,
      "correct": 17,
      "total": 35
    },
    "partial": {
      "precision": 0.4782608695652174,
      "recall": 0.4583333333333333,
      "correct": 11,
      "total": 24
    }
  }
}