{
  "overall_accuracy": 0.5,
  "normalized_mean_absolute_error": 0.21285714285714286,
  "total_correct": 50,
  "total": 100,
  "accuracy_by_label": {
    "almost": {
      "precision": 0.0,
      "recall": 0.0,
      "correct": 0,
      "total": 5
    },
    "correct": {
      "precision": 0.7045454545454546,
      "recall": 0.8857142857142857,
      "correct": 31,
      "total": 35
    },
    "incorrect": {
      "precision": 0.46875,
      "recall": 0.42857142857142855,
      "correct": 15,
      "total": 35
    },
    "partial": {
      "precision": 0.23529411764705882,
      "recall": 0.16,
      "correct": 4,
      "total": 25
    }
  }
}