{
  "overall_accuracy": 0.57,
  "normalized_mean_absolute_error": 0.18857142857142858,
  "total_correct": 57,
  "total": 100,
  "accuracy_by_label": {
    "almost": {
      "precision": 0.0,
      "recall": 0.0,
      "correct": 0,
      "total": 5
    },
    "correct": {
      "precision": 0.6666666666666666,
      "recall": 0.9142857142857143,
      "correct": 32,
      "total": 35
    },
    "incorrect": {
      "precision": 0.5357142857142857,
      "recall": 0.42857142857142855,
      "correct": 15,
      "total": 35
    },
    "partial": {
      "precision": 0.4166666666666667,
      "recall": 0.4,
      "correct": 10,
      "total": 25
    }
  }
}