{
  "overall_accuracy": 0.26,
  "normalized_mean_absolute_error": 0.5557142857142857,
  "total_correct": 26,
  "total": 100,
  "accuracy_by_label": {
    "almost": {
      "precision": 0.15789473684210525,
      "recall": 0.6,
      "correct": 3,
      "total": 5
    },
    "correct": {
      "precision": 0.8,
      "recall": 0.34285714285714286,
      "correct": 12,
      "total": 35
    },
    "incorrect": {
      "precision": 0.4166666666666667,
      "recall": 0.14285714285714285,
      "correct": 5,
      "total": 35
    },
    "partial": {
      "precision": 0.2727272727272727,
      "recall": 0.24,
      "correct": 6,
      "total": 25
    }
  }
}