{
  "overall_accuracy": 0.68,
  "normalized_mean_absolute_error": 0.1742857142857143,
  "total_correct": 68,
  "total": 100,
  "accuracy_by_label": {
    "almost": {
      "precision": 0.25,
      "recall": 0.16666666666666666,
      "correct": 1,
      "total": 6
    },
    "correct": {
      "precision": 0.6666666666666666,
      "recall": 0.9714285714285714,
      "correct": 34,
      "total": 35
    },
    "incorrect": {
      "precision": 0.8,
      "recall": 0.8,
      "correct": 28,
      "total": 35
    },
    "partial": {
      "precision": 0.5,
      "recall": 0.20833333333333334,
      "correct": 5,
      "total": 24
    }
  }
}