{
  "overall_accuracy": 0.5,
  "normalized_mean_absolute_error": 0.37142857142857144,
  "total_correct": 50,
  "total": 100,
  "accuracy_by_label": {
    "almost": {
      "precision": 0.0,
      "recall": 0.0,
      "correct": 0,
      "total": 6
    },
    "correct": {
      "precision": 0.6111111111111112,
      "recall": 0.9428571428571428,
      "correct": 33,
      "total": 35
    },
    "incorrect": {
      "precision": 0.6521739130434783,
      "recall": 0.42857142857142855,
      "correct": 15,
      "total": 35
    },
    "partial": {
      "precision": 1.0,
      "recall": 0.08333333333333333,
      "correct": 2,
      "total": 24
    }
  }
}