{
  "overall_accuracy": 0.64,
  "normalized_mean_absolute_error": 0.1542857142857143,
  "total_correct": 64,
  "total": 100,
  "accuracy_by_label": {
    "almost": {
      "precision": 0.0,
      "recall": 0.0,
      "correct": 0,
      "total": 6
    },
    "correct": {
      "precision": 0.673469387755102,
      "recall": 0.9428571428571428,
      "correct": 33,
      "total": 35
    },
    "incorrect": {
      "precision": 0.9411764705882353,
      "recall": 0.45714285714285713,
      "correct": 16,
      "total": 35
    },
    "partial": {
      "precision": 0.4411764705882353,
      "recall": 0.625,
      "correct": 15,
      "total": 24
    }
  }
}