{
  "overall_accuracy": 0.53,
  "normalized_mean_absolute_error": 0.16714285714285712,
  "total_correct": 53,
  "total": 100,
  "accuracy_by_label": {
    "almost": {
      "precision": 0.0,
      "recall": 0.0,
      "correct": 0,
      "total": 5
    },
    "correct": {
      "precision": 0.8055555555555556,
      "recall": 0.8285714285714286,
      "correct": 29,
      "total": 35
    },
    "incorrect": {
      "precision": 0.5294117647058824,
      "recall": 0.2571428571428571,
      "correct": 9,
      "total": 35
    },
    "partial": {
      "precision": 0.3488372093023256,
      "recall": 0.6,
      "correct": 15,
      "total": 25
    }
  }
}