{
  "overall_accuracy": 0.59,
  "normalized_mean_absolute_error": 0.18285714285714286,
  "total_correct": 59,
  "total": 100,
  "accuracy_by_label": {
    "almost": {
      "precision": 0.3,
      "recall": 0.5,
      "correct": 3,
      "total": 6
    },
    "correct": {
      "precision": 0.7837837837837838,
      "recall": 0.8285714285714286,
      "correct": 29,
      "total": 35
    },
    "incorrect": {
      "precision": 1.0,
      "recall": 0.3142857142857143,
      "correct": 11,
      "total": 35
    },
    "partial": {
      "precision": 0.38095238095238093,
      "recall": 0.6666666666666666,
      "correct": 16,
      "total": 24
    }
  }
}