{
  "overall_accuracy": 0.55,
  "normalized_mean_absolute_error": 0.19857142857142857,
  "total_correct": 55,
  "total": 100,
  "accuracy_by_label": {
    "almost": {
      "precision": 0.23529411764705882,
      "recall": 0.6666666666666666,
      "correct": 4,
      "total": 6
    },
    "correct": {
      "precision": 0.84375,
      "recall": 0.7714285714285715,
      "correct": 27,
      "total": 35
    },
    "incorrect": {
      "precision": 0.7,
      "recall": 0.4,
      "correct": 14,
      "total": 35
    },
    "partial": {
      "precision": 0.37037037037037035,
      "recall": 0.4166666666666667,
      "correct": 10,
      "total": 24
    }
  }
}