{
  "overall_accuracy": 0.64,
  "normalized_mean_absolute_error": 0.1842857142857143,
  "total_correct": 64,
  "total": 100,
  "accuracy_by_label": {
    "almost": {
      "precision": 0.3333333333333333,
      "recall": 0.16666666666666666,
      "correct": 1,
      "total": 6
    },
    "correct": {
      "precision": 0.64,
      "recall": 0.9142857142857143,
      "correct": 32,
      "total": 35
    },
    "incorrect": {
      "precision": 0.717948717948718,
      "recall": 0.8,
      "correct": 28,
      "total": 35
    },
    "partial": {
      "precision": 0.375,
      "recall": 0.125,
      "correct": 3,
      "total": 24
    }
  }
}