{
  "overall_accuracy": 0.21,
  "normalized_mean_absolute_error": 0.39285714285714285,
  "total_correct": 21,
  "total": 100,
  "accuracy_by_label": {
    "almost": {
      "precision": 0.2777777777777778,
      "recall": 0.8333333333333334,
      "correct": 5,
      "total": 6
    },
    "correct": {
      "precision": 0.0,
      "recall": 0.0,
      "correct": 0,
      "total": 35
    },
    "incorrect": {
      "precision": 0.0,
      "recall": 0.0,
      "correct": 0,
      "total": 35
    },
    "partial": {
      "precision": 0.1951219512195122,
      "recall": 0.6666666666666666,
      "correct": 16,
      "total": 24
    }
  }
}