{
  "overall_accuracy": 0.59,
  "normalized_mean_absolute_error": 0.18714285714285714,
  "total_correct": 59,
  "total": 100,
  "accuracy_by_label": {
    "almost": {
      "precision": 0.0,
      "recall": 0.0,
      "correct": 0,
      "total": 6
    },
    "correct": {
      "precision": 0.7021276595744681,
      "recall": 0.9428571428571428,
      "correct": 33,
      "total": 35
    },
    "incorrect": {
      "precision": 0.8571428571428571,
      "recall": 0.34285714285714286,
      "correct": 12,
      "total": 35
    },
    "partial": {
      "precision": 0.4,
      "recall": 0.5833333333333334,
      "correct": 14,
      "total": 24
    }
  }
}