{
  "overall_accuracy": 0.61,
  "normalized_mean_absolute_error": 0.1742857142857143,
  "total_correct": 61,
  "total": 100,
  "accuracy_by_label": {
    "almost": {
      "precision": 0.0,
      "recall": 0.0,
      "correct": 0,
      "total": 6
    },
    "correct": {
      "precision": 0.6666666666666666,
      "recall": 0.9714285714285714,
      "correct": 34,
      "total": 35
    },
    "incorrect": {
      "precision": 0.6774193548387096,
      "recall": 0.6,
      "correct": 21,
      "total": 35
    },
    "partial": {
      "precision": 0.3333333333333333,
      "recall": 0.25,
      "correct": 6,
      "total": 24
    }
  }
}