{
  "overall_accuracy": 0.47,
  "normalized_mean_absolute_error": 0.4585714285714286,
  "total_correct": 47,
  "total": 100,
  "accuracy_by_label": {
    "almost": {
      "precision": 0.0,
      "recall": 0.0,
      "correct": 0,
      "total": 6
    },
    "correct": {
      "precision": 0.8157894736842105,
      "recall": 0.8857142857142857,
      "correct": 31,
      "total": 35
    },
    "incorrect": {
      "precision": 1.0,
      "recall": 0.2857142857142857,
      "correct": 10,
      "total": 35
    },
    "partial": {
      "precision": 0.42857142857142855,
      "recall": 0.25,
      "correct": 6,
      "total": 24
    }
  }
}