{
  "overall_accuracy": 0.49,
  "normalized_mean_absolute_error": 0.3514285714285714,
  "total_correct": 49,
  "total": 100,
  "accuracy_by_label": {
    "almost": {
      "precision": 0.0,
      "recall": 0.0,
      "correct": 0,
      "total": 5
    },
    "correct": {
      "precision": 0.7631578947368421,
      "recall": 0.8285714285714286,
      "correct": 29,
      "total": 35
    },
    "incorrect": {
      "precision": 0.7058823529411765,
      "recall": 0.34285714285714286,
      "correct": 12,
      "total": 35
    },
    "partial": {
      "precision": 0.4444444444444444,
      "recall": 0.32,
      "correct": 8,
      "total": 25
    }
  }
}