{
  "overall_accuracy": 0.66,
  "normalized_mean_absolute_error": 0.13999999999999999,
  "total_correct": 66,
  "total": 100,
  "accuracy_by_label": {
    "almost": {
      "precision": 0.3333333333333333,
      "recall": 0.3333333333333333,
      "correct": 2,
      "total": 6
    },
    "correct": {
      "precision": 0.775,
      "recall": 0.8857142857142857,
      "correct": 31,
      "total": 35
    },
    "incorrect": {
      "precision": 0.9411764705882353,
      "recall": 0.45714285714285713,
      "correct": 16,
      "total": 35
    },
    "partial": {
      "precision": 0.4594594594594595,
      "recall": 0.7083333333333334,
      "correct": 17,
      "total": 24
    }
  }
}