{
  "overall_accuracy": 0.65,
  "normalized_mean_absolute_error": 0.19285714285714287,
  "total_correct": 65,
  "total": 100,
  "accuracy_by_label": {
    "almost": {
      "precision": 0.1111111111111111,
      "recall": 0.16666666666666666,
      "correct": 1,
      "total": 6
    },
    "correct": {
      "precision": 0.68,
      "recall": 0.9714285714285714,
      "correct": 34,
      "total": 35
    },
    "incorrect": {
      "precision": 0.8148148148148148,
      "recall": 0.6285714285714286,
      "correct": 22,
      "total": 35
    },
    "partial": {
      "precision": 0.5714285714285714,
      "recall": 0.3333333333333333,
      "correct": 8,
      "total": 24
    }
  }
}