{
  "overall_accuracy": 0.27,
  "normalized_mean_absolute_error": 0.34714285714285714,
  "total_correct": 27,
  "total": 100,
  "accuracy_by_label": {
    "almost": {
      "precision": 0.02,
      "recall": 0.16666666666666666,
      "correct": 1,
      "total": 6
    },
    "correct": {
      "precision": 0.7857142857142857,
      "recall": 0.3142857142857143,
      "correct": 11,
      "total": 35
    },
    "incorrect": {
      "precision": 0.8333333333333334,
      "recall": 0.14285714285714285,
      "correct": 5,
      "total": 35
    },
    "partial": {
      "precision": 0.3333333333333333,
      "recall": 0.4166666666666667,
      "correct": 10,
      "total": 24
    }
  }
}