{
  "overall_accuracy": 0.23,
  "normalized_mean_absolute_error": 0.4014285714285714,
  "total_correct": 23,
  "total": 100,
  "accuracy_by_label": {
    "almost": {
      "precision": 0.08823529411764706,
      "recall": 0.5,
      "correct": 3,
      "total": 6
    },
    "correct": {
      "precision": 0.3333333333333333,
      "recall": 0.02857142857142857,
      "correct": 1,
      "total": 35
    },
    "incorrect": {
      "precision": 0.0,
      "recall": 0.0,
      "correct": 0,
      "total": 35
    },
    "partial": {
      "precision": 0.30158730158730157,
      "recall": 0.7916666666666666,
      "correct": 19,
      "total": 24
    }
  }
}