{
  "overall_accuracy": 0.16,
  "normalized_mean_absolute_error": 0.8028571428571428,
  "total_correct": 16,
  "total": 100,
  "accuracy_by_label": {
    "almost": {
      "precision": 0.0,
      "recall": 0.0,
      "correct": 0,
      "total": 6
    },
    "correct": {
      "precision": 0.7647058823529411,
      "recall": 0.37142857142857144,
      "correct": 13,
      "total": 35
    },
    "incorrect": {
      "precision": 0.6666666666666666,
      "recall": 0.05714285714285714,
      "correct": 2,
      "total": 35
    },
    "partial": {
      "precision": 0.3333333333333333,
      "recall": 0.041666666666666664,
      "correct": 1,
      "total": 24
    }
  }
}