{
  "overall_accuracy": 0.46,
  "normalized_mean_absolute_error": 0.27714285714285714,
  "total_correct": 46,
  "total": 100,
  "accuracy_by_label": {
    "almost": {
      "precision": 0.10526315789473684,
      "recall": 0.3333333333333333,
      "correct": 2,
      "total": 6
    },
    "correct": {
      "precision": 0.7,
      "recall": 0.4,
      "correct": 14,
      "total": 35
    },
    "incorrect": {
      "precision": 0.7027027027027027,
      "recall": 0.7428571428571429,
      "correct": 26,
      "total": 35
    },
    "partial": {
      "precision": 0.21052631578947367,
      "recall": 0.16666666666666666,
      "correct": 4,
      "total": 24
    }
  }
}