{
  "overall_accuracy": 0.66,
  "normalized_mean_absolute_error": 0.13857142857142857,
  "total_correct": 66,
  "total": 100,
  "accuracy_by_label": {
    "almost": {
      "precision": 0.4,
      "recall": 0.3333333333333333,
      "correct": 2,
      "total": 6
    },
    "correct": {
      "precision": 0.75,
      "recall": 0.9428571428571428,
      "correct": 33,
      "total": 35
    },
    "incorrect": {
      "precision": 0.8235294117647058,
      "recall": 0.4,
      "correct": 14,
      "total": 35
    },
    "partial": {
      "precision": 0.5,
      "recall": 0.7083333333333334,
      "correct": 17,
      "total": 24
    }
  }
}