{
  "overall_accuracy": 0.63,
  "normalized_mean_absolute_error": 0.13142857142857142,
  "total_correct": 63,
  "total": 100,
  "accuracy_by_label": {
    "almost": {
      "precision": 0.3076923076923077,
      "recall": 0.6666666666666666,
      "correct": 4,
      "total": 6
    },
    "correct": {
      "precision": 0.8,
      "recall": 0.8,
      "correct": 28,
      "total": 35
    },
    "incorrect": {
      "precision": 0.9285714285714286,
      "recall": 0.37142857142857144,
      "correct": 13,
      "total": 35
    },
    "partial": {
      "precision": 0.47368421052631576,
      "recall": 0.75,
      "correct": 18,
      "total": 24
    }
  }
}