{
  "overall_accuracy": 0.45,
  "normalized_mean_absolute_error": 0.21428571428571427,
  "total_correct": 45,
  "total": 100,
  "accuracy_by_label": {
    "almost": {
      "precision": 0.16666666666666666,
      "recall": 0.2,
      "correct": 1,
      "total": 5
    },
    "correct": {
      "precision": 0.6923076923076923,
      "recall": 0.7714285714285715,
      "correct": 27,
      "total": 35
    },
    "incorrect": {
      "precision": 0.3333333333333333,
      "recall": 0.2857142857142857,
      "correct": 10,
      "total": 35
    },
    "partial": {
      "precision": 0.28,
      "recall": 0.28,
      "correct": 7,
      "total": 25
    }
  }
}