{
  "overall_accuracy": 0.63,
  "normalized_mean_absolute_error": 0.16285714285714284,
  "total_correct": 63,
  "total": 100,
  "accuracy_by_label": {
    "almost": {
      "precision": 0.0,
      "recall": 0.0,
      "correct": 0,
      "total": 6
    },
    "correct": {
      "precision": 0.6875,
      "recall": 0.9428571428571428,
      "correct": 33,
      "total": 35
    },
    "incorrect": {
      "precision": 0.8095238095238095,
      "recall": 0.4857142857142857,
      "correct": 17,
      "total": 35
    },
    "partial": {
      "precision": 0.41935483870967744,
      "recall": 0.5416666666666666,
      "correct": 13,
      "total": 24
    }
  }
}