{
  "overall_accuracy": 0.42,
  "normalized_mean_absolute_error": 0.3514285714285714,
  "total_correct": 42,
  "total": 100,
  "accuracy_by_label": {
    "almost": {
      "precision": 0.3333333333333333,
      "recall": 0.2,
      "correct": 1,
      "total": 5
    },
    "correct": {
      "precision": 0.75,
      "recall": 0.2571428571428571,
      "correct": 9,
      "total": 35
    },
    "incorrect": {
      "precision": 0.36065573770491804,
      "recall": 0.6285714285714286,
      "correct": 22,
      "total": 35
    },
    "partial": {
      "precision": 0.4166666666666667,
      "recall": 0.4,
      "correct": 10,
      "total": 25
    }
  }
}