{
  "overall_accuracy": 0.5,
  "normalized_mean_absolute_error": 0.18285714285714286,
  "total_correct": 50,
  "total": 100,
  "accuracy_by_label": {
    "almost": {
      "precision": 0.0,
      "recall": 0.0,
      "correct": 0,
      "total": 5
    },
    "correct": {
      "precision": 0.6666666666666666,
      "recall": 0.9142857142857143,
      "correct": 32,
      "total": 35
    },
    "incorrect": {
      "precision": 0.43333333333333335,
      "recall": 0.37142857142857144,
      "correct": 13,
      "total": 35
    },
    "partial": {
      "precision": 0.22727272727272727,
      "recall": 0.2,
      "correct": 5,
      "total": 25
    }
  }
}