{
  "overall_accuracy": 0.28,
  "normalized_mean_absolute_error": 0.5642857142857143,
  "total_correct": 28,
  "total": 100,
  "accuracy_by_label": {
    "almost": {
      "precision": 0.1,
      "recall": 0.2,
      "correct": 1,
      "total": 5
    },
    "correct": {
      "precision": 0.7619047619047619,
      "recall": 0.45714285714285713,
      "correct": 16,
      "total": 35
    },
    "incorrect": {
      "precision": 0.5,
      "recall": 0.05714285714285714,
      "correct": 2,
      "total": 35
    },
    "partial": {
      "precision": 0.34615384615384615,
      "recall": 0.36,
      "correct": 9,
      "total": 25
    }
  }
}