{
  "overall_accuracy": 0.36,
  "normalized_mean_absolute_error": 0.33571428571428574,
  "total_correct": 36,
  "total": 100,
  "accuracy_by_label": {
    "almost": {
      "precision": 0.125,
      "recall": 0.3333333333333333,
      "correct": 2,
      "total": 6
    },
    "correct": {
      "precision": 0.6428571428571429,
      "recall": 0.2571428571428571,
      "correct": 9,
      "total": 35
    },
    "incorrect": {
      "precision": 0.65,
      "recall": 0.37142857142857144,
      "correct": 13,
      "total": 35
    },
    "partial": {
      "precision": 0.24,
      "recall": 0.5,
      "correct": 12,
      "total": 24
    }
  }
}