{
  "overall_accuracy": 0.22,
  "normalized_mean_absolute_error": 0.5742857142857142,
  "total_correct": 22,
  "total": 100,
  "accuracy_by_label": {
    "almost": {
      "precision": 0.11764705882352941,
      "recall": 0.4,
      "correct": 2,
      "total": 5
    },
    "correct": {
      "precision": 0.6666666666666666,
      "recall": 0.22857142857142856,
      "correct": 8,
      "total": 35
    },
    "incorrect": {
      "precision": 0.4,
      "recall": 0.11428571428571428,
      "correct": 4,
      "total": 35
    },
    "partial": {
      "precision": 0.2962962962962963,
      "recall": 0.32,
      "correct": 8,
      "total": 25
    }
  }
}