{
  "overall_accuracy": 0.61,
  "normalized_mean_absolute_error": 0.17285714285714285,
  "total_correct": 61,
  "total": 100,
  "accuracy_by_label": {
    "almost": {
      "precision": 0.3333333333333333,
      "recall": 0.3333333333333333,
      "correct": 2,
      "total": 6
    },
    "correct": {
      "precision": 0.7333333333333333,
      "recall": 0.9428571428571428,
      "correct": 33,
      "total": 35
    },
    "incorrect": {
      "precision": 0.7647058823529411,
      "recall": 0.37142857142857144,
      "correct": 13,
      "total": 35
    },
    "partial": {
      "precision": 0.41935483870967744,
      "recall": 0.5416666666666666,
      "correct": 13,
      "total": 24
    }
  }
}