{
  "overall_accuracy": 0.35,
  "normalized_mean_absolute_error": 0.5128571428571428,
  "total_correct": 35,
  "total": 100,
  "accuracy_by_label": {
    "almost": {
      "precision": 0.0,
      "recall": 0.0,
      "correct": 0,
      "total": 5
    },
    "correct": {
      "precision": 0.6842105263157895,
      "recall": 0.7428571428571429,
      "correct": 26,
      "total": 35
    },
    "incorrect": {
      "precision": 0.2222222222222222,
      "recall": 0.05714285714285714,
      "correct": 2,
      "total": 35
    },
    "partial": {
      "precision": 0.5384615384615384,
      "recall": 0.28,
      "correct": 7,
      "total": 25
    }
  }
}