{
  "overall_accuracy": 0.54,
  "normalized_mean_absolute_error": 0.2414285714285714,
  "total_correct": 54,
  "total": 100,
  "accuracy_by_label": {
    "almost": {
      "precision": 0.0,
      "recall": 0.0,
      "correct": 0,
      "total": 5
    },
    "correct": {
      "precision": 0.5882352941176471,
      "recall": 0.8571428571428571,
      "correct": 30,
      "total": 35
    },
    "incorrect": {
      "precision": 0.5945945945945946,
      "recall": 0.6285714285714286,
      "correct": 22,
      "total": 35
    },
    "partial": {
      "precision": 0.16666666666666666,
      "recall": 0.08,
      "correct": 2,
      "total": 25
    }
  }
}