{
  "overall_accuracy": 0.6,
  "normalized_mean_absolute_error": 0.16,
  "total_correct": 60,
  "total": 100,
  "accuracy_by_label": {
    "almost": {
      "precision": 0.0,
      "recall": 0.0,
      "correct": 0,
      "total": 6
    },
    "correct": {
      "precision": 0.7111111111111111,
      "recall": 0.9142857142857143,
      "correct": 32,
      "total": 35
    },
    "incorrect": {
      "precision": 0.8461538461538461,
      "recall": 0.3142857142857143,
      "correct": 11,
      "total": 35
    },
    "partial": {
      "precision": 0.40476190476190477,
      "recall": 0.7083333333333334,
      "correct": 17,
      "total": 24
    }
  }
}