{
  "overall_accuracy": 0.61,
  "normalized_mean_absolute_error": 0.19142857142857145,
  "total_correct": 61,
  "total": 100,
  "accuracy_by_label": {
    "almost": {
      "precision": 0.0,
      "recall": 0.0,
      "correct": 0,
      "total": 6
    },
    "correct": {
      "precision": 0.6382978723404256,
      "recall": 0.8571428571428571,
      "correct": 30,
      "total": 35
    },
    "incorrect": {
      "precision": 0.7096774193548387,
      "recall": 0.6285714285714286,
      "correct": 22,
      "total": 35
    },
    "partial": {
      "precision": 0.4090909090909091,
      "recall": 0.375,
      "correct": 9,
      "total": 24
    }
  }
}