{
  "overall_accuracy": 0.63,
  "normalized_mean_absolute_error": 0.21571428571428572,
  "total_correct": 63,
  "total": 100,
  "accuracy_by_label": {
    "almost": {
      "precision": 0.14285714285714285,
      "recall": 0.16666666666666666,
      "correct": 1,
      "total": 6
    },
    "correct": {
      "precision": 0.6808510638297872,
      "recall": 0.9142857142857143,
      "correct": 32,
      "total": 35
    },
    "incorrect": {
      "precision": 0.7931034482758621,
      "recall": 0.6571428571428571,
      "correct": 23,
      "total": 35
    },
    "partial": {
      "precision": 0.4117647058823529,
      "recall": 0.2916666666666667,
      "correct": 7,
      "total": 24
    }
  }
}