{
  "overall_accuracy": 0.41,
  "normalized_mean_absolute_error": 0.23428571428571426,
  "total_correct": 41,
  "total": 100,
  "accuracy_by_label": {
    "almost": {
      "precision": 0.043478260869565216,
      "recall": 0.2,
      "correct": 1,
      "total": 5
    },
    "correct": {
      "precision": 0.7,
      "recall": 0.6,
      "correct": 21,
      "total": 35
    },
    "incorrect": {
      "precision": 0.4782608695652174,
      "recall": 0.3142857142857143,
      "correct": 11,
      "total": 35
    },
    "partial": {
      "precision": 0.3333333333333333,
      "recall": 0.32,
      "correct": 8,
      "total": 25
    }
  }
}