{
  "overall_accuracy": 0.54,
  "normalized_mean_absolute_error": 0.17285714285714285,
  "total_correct": 54,
  "total": 100,
  "accuracy_by_label": {
    "almost": {
      "precision": 0.5,
      "recall": 0.2,
      "correct": 1,
      "total": 5
    },
    "correct": {
      "precision": 0.7272727272727273,
      "recall": 0.9142857142857143,
      "correct": 32,
      "total": 35
    },
    "incorrect": {
      "precision": 0.46153846153846156,
      "recall": 0.17142857142857143,
      "correct": 6,
      "total": 35
    },
    "partial": {
      "precision": 0.36585365853658536,
      "recall": 0.6,
      "correct": 15,
      "total": 25
    }
  }
}