{
  "overall_accuracy": 0.55,
  "normalized_mean_absolute_error": 0.17714285714285713,
  "total_correct": 55,
  "total": 100,
  "accuracy_by_label": {
    "almost": {
      "precision": 0.0,
      "recall": 0.0,
      "correct": 0,
      "total": 5
    },
    "correct": {
      "precision": 0.7111111111111111,
      "recall": 0.9142857142857143,
      "correct": 32,
      "total": 35
    },
    "incorrect": {
      "precision": 0.5277777777777778,
      "recall": 0.5428571428571428,
      "correct": 19,
      "total": 35
    },
    "partial": {
      "precision": 0.23529411764705882,
      "recall": 0.16,
      "correct": 4,
      "total": 25
    }
  }
}