{
  "overall_accuracy": 0.26,
  "normalized_mean_absolute_error": 0.5842857142857143,
  "total_correct": 26,
  "total": 100,
  "accuracy_by_label": {
    "almost": {
      "precision": 0.0625,
      "recall": 0.16666666666666666,
      "correct": 1,
      "total": 6
    },
    "correct": {
      "precision": 0.7727272727272727,
      "recall": 0.4857142857142857,
      "correct": 17,
      "total": 35
    },
    "incorrect": {
      "precision": 1.0,
      "recall": 0.02857142857142857,
      "correct": 1,
      "total": 35
    },
    "partial": {
      "precision": 0.3181818181818182,
      "recall": 0.2916666666666667,
      "correct": 7,
      "total": 24
    }
  }
}