{
  "overall_accuracy": 0.63,
  "normalized_mean_absolute_error": 0.14714285714285716,
  "total_correct": 63,
  "total": 100,
  "accuracy_by_label": {
    "almost": {
      "precision": 0.16666666666666666,
      "recall": 0.2,
      "correct": 1,
      "total": 5
    },
    "correct": {
      "precision": 0.8285714285714286,
      "recall": 0.8285714285714286,
      "correct": 29,
      "total": 35
    },
    "incorrect": {
      "precision": 0.6363636363636364,
      "recall": 0.6,
      "correct": 21,
      "total": 35
    },
    "partial": {
      "precision": 0.46153846153846156,
      "recall": 0.48,
      "correct": 12,
      "total": 25
    }
  }
}