{
  "overall_accuracy": 0.62,
  "normalized_mean_absolute_error": 0.23285714285714285,
  "total_correct": 62,
  "total": 100,
  "accuracy_by_label": {
    "almost": {
      "precision": 0.3333333333333333,
      "recall": 0.16666666666666666,
      "correct": 1,
      "total": 6
    },
    "correct": {
      "precision": 0.6111111111111112,
      "recall": 0.9428571428571428,
      "correct": 33,
      "total": 35
    },
    "incorrect": {
      "precision": 0.7333333333333333,
      "recall": 0.6285714285714286,
      "correct": 22,
      "total": 35
    },
    "partial": {
      "precision": 0.5454545454545454,
      "recall": 0.25,
      "correct": 6,
      "total": 24
    }
  }
}