{
  "overall_accuracy": 0.32,
  "normalized_mean_absolute_error": 0.5428571428571428,
  "total_correct": 32,
  "total": 100,
  "accuracy_by_label": {
    "almost": {
      "precision": 0.0,
      "recall": 0.0,
      "correct": 0,
      "total": 5
    },
    "correct": {
      "precision": 0.7297297297297297,
      "recall": 0.7714285714285715,
      "correct": 27,
      "total": 35
    },
    "incorrect": {
      "precision": 0.42857142857142855,
      "recall": 0.08571428571428572,
      "correct": 3,
      "total": 35
    },
    "partial": {
      "precision": 0.16666666666666666,
      "recall": 0.08,
      "correct": 2,
      "total": 25
    }
  }
}