{
  "overall_accuracy": 0.68,
  "normalized_mean_absolute_error": 0.14857142857142858,
  "total_correct": 68,
  "total": 100,
  "accuracy_by_label": {
    "almost": {
      "precision": 0.0,
      "recall": 0.0,
      "correct": 0,
      "total": 6
    },
    "correct": {
      "precision": 0.775,
      "recall": 0.8857142857142857,
      "correct": 31,
      "total": 35
    },
    "incorrect": {
      "precision": 0.7435897435897436,
      "recall": 0.8285714285714286,
      "correct": 29,
      "total": 35
    },
    "partial": {
      "precision": 0.47058823529411764,
      "recall": 0.3333333333333333,
      "correct": 8,
      "total": 24
    }
  }
}