{
  "overall_accuracy": 0.37,
  "normalized_mean_absolute_error": 0.42714285714285716,
  "total_correct": 37,
  "total": 100,
  "accuracy_by_label": {
    "almost": {
      "precision": 0.043478260869565216,
      "recall": 0.4,
      "correct": 2,
      "total": 5
    },
    "correct": {
      "precision": 0.7045454545454546,
      "recall": 0.8857142857142857,
      "correct": 31,
      "total": 35
    },
    "incorrect": {
      "precision": 1.0,
      "recall": 0.08571428571428572,
      "correct": 3,
      "total": 35
    },
    "partial": {
      "precision": 0.14285714285714285,
      "recall": 0.04,
      "correct": 1,
      "total": 25
    }
  }
}