{
  "overall_accuracy": 0.61,
  "normalized_mean_absolute_error": 0.16428571428571428,
  "total_correct": 61,
  "total": 100,
  "accuracy_by_label": {
    "almost": {
      "precision": 0.0,
      "recall": 0.0,
      "correct": 0,
      "total": 5
    },
    "correct": {
      "precision": 0.7380952380952381,
      "recall": 0.8857142857142857,
      "correct": 31,
      "total": 35
    },
    "incorrect": {
      "precision": 0.5609756097560976,
      "recall": 0.6571428571428571,
      "correct": 23,
      "total": 35
    },
    "partial": {
      "precision": 0.5384615384615384,
      "recall": 0.28,
      "correct": 7,
      "total": 25
    }
  }
}