{
  "overall_accuracy": 0.64,
  "normalized_mean_absolute_error": 0.15142857142857144,
  "total_correct": 64,
  "total": 100,
  "accuracy_by_label": {
    "almost": {
      "precision": 0.0,
      "recall": 0.0,
      "correct": 0,
      "total": 6
    },
    "correct": {
      "precision": 0.7441860465116279,
      "recall": 0.9142857142857143,
      "correct": 32,
      "total": 35
    },
    "incorrect": {
      "precision": 0.782608695652174,
      "recall": 0.5142857142857142,
      "correct": 18,
      "total": 35
    },
    "partial": {
      "precision": 0.4117647058823529,
      "recall": 0.5833333333333334,
      "correct": 14,
      "total": 24
    }
  }
}