{
  "overall_accuracy": 0.48,
  "normalized_mean_absolute_error": 0.20714285714285713,
  "total_correct": 48,
  "total": 100,
  "accuracy_by_label": {
    "almost": {
      "precision": 0.0,
      "recall": 0.0,
      "correct": 0,
      "total": 5
    },
    "correct": {
      "precision": 0.6530612244897959,
      "recall": 0.9142857142857143,
      "correct": 32,
      "total": 35
    },
    "incorrect": {
      "precision": 0.391304347826087,
      "recall": 0.2571428571428571,
      "correct": 9,
      "total": 35
    },
    "partial": {
      "precision": 0.2692307692307692,
      "recall": 0.28,
      "correct": 7,
      "total": 25
    }
  }
}