{
  "overall_accuracy": 0.57,
  "normalized_mean_absolute_error": 0.17142857142857143,
  "total_correct": 57,
  "total": 100,
  "accuracy_by_label": {
    "almost": {
      "precision": 0.0,
      "recall": 0.0,
      "correct": 0,
      "total": 5
    },
    "correct": {
      "precision": 0.6976744186046512,
      "recall": 0.8571428571428571,
      "correct": 30,
      "total": 35
    },
    "incorrect": {
      "precision": 0.5526315789473685,
      "recall": 0.6,
      "correct": 21,
      "total": 35
    },
    "partial": {
      "precision": 0.35294117647058826,
      "recall": 0.24,
      "correct": 6,
      "total": 25
    }
  }
}