{
  "overall_accuracy": 0.64,
  "normalized_mean_absolute_error": 0.11142857142857143,
  "total_correct": 64,
  "total": 100,
  "accuracy_by_label": {
    "almost": {
      "precision": 0.0,
      "recall": 0.0,
      "correct": 0,
      "total": 5
    },
    "correct": {
      "precision": 0.8333333333333334,
      "recall": 0.8571428571428571,
      "correct": 30,
      "total": 35
    },
    "incorrect": {
      "precision": 0.6176470588235294,
      "recall": 0.6,
      "correct": 21,
      "total": 35
    },
    "partial": {
      "precision": 0.43333333333333335,
      "recall": 0.52,
      "correct": 13,
      "total": 25
    }
  }
}