{
  "overall_accuracy": 0.34,
  "normalized_mean_absolute_error": 0.5085714285714286,
  "total_correct": 34,
  "total": 100,
  "accuracy_by_label": {
    "almost": {
      "precision": 0.07142857142857142,
      "recall": 0.2,
      "correct": 1,
      "total": 5
    },
    "correct": {
      "precision": 0.7419354838709677,
      "recall": 0.6571428571428571,
      "correct": 23,
      "total": 35
    },
    "incorrect": {
      "precision": 0.5,
      "recall": 0.08571428571428572,
      "correct": 3,
      "total": 35
    },
    "partial": {
      "precision": 0.4666666666666667,
      "recall": 0.28,
      "correct": 7,
      "total": 25
    }
  }
}