{
  "overall_accuracy": 0.26,
  "normalized_mean_absolute_error": 0.5385714285714286,
  "total_correct": 26,
  "total": 100,
  "accuracy_by_label": {
    "almost": {
      "precision": 0.16666666666666666,
      "recall": 0.5,
      "correct": 3,
      "total": 6
    },
    "correct": {
      "precision": 0.7,
      "recall": 0.4,
      "correct": 14,
      "total": 35
    },
    "incorrect": {
      "precision": 0.25,
      "recall": 0.02857142857142857,
      "correct": 1,
      "total": 35
    },
    "partial": {
      "precision": 0.3076923076923077,
      "recall": 0.3333333333333333,
      "correct": 8,
      "total": 24
    }
  }
}