{
  "overall_accuracy": 0.27,
  "normalized_mean_absolute_error": 0.5585714285714286,
  "total_correct": 27,
  "total": 100,
  "accuracy_by_label": {
    "almost": {
      "precision": 0.14285714285714285,
      "recall": 0.5,
      "correct": 3,
      "total": 6
    },
    "correct": {
      "precision": 0.7368421052631579,
      "recall": 0.4,
      "correct": 14,
      "total": 35
    },
    "incorrect": {
      "precision": 0.7142857142857143,
      "recall": 0.14285714285714285,
      "correct": 5,
      "total": 35
    },
    "partial": {
      "precision": 0.3125,
      "recall": 0.20833333333333334,
      "correct": 5,
      "total": 24
    }
  }
}