{
  "overall_accuracy": 0.46,
  "normalized_mean_absolute_error": 0.2757142857142857,
  "total_correct": 46,
  "total": 100,
  "accuracy_by_label": {
    "almost": {
      "precision": 0.3333333333333333,
      "recall": 0.2,
      "correct": 1,
      "total": 5
    },
    "correct": {
      "precision": 0.675,
      "recall": 0.7714285714285715,
      "correct": 27,
      "total": 35
    },
    "incorrect": {
      "precision": 0.48148148148148145,
      "recall": 0.37142857142857144,
      "correct": 13,
      "total": 35
    },
    "partial": {
      "precision": 0.25,
      "recall": 0.2,
      "correct": 5,
      "total": 25
    }
  }
}