{
  "overall_accuracy": 0.57,
  "normalized_mean_absolute_error": 0.1285714285714286,
  "total_correct": 57,
  "total": 100,
  "accuracy_by_label": {
    "almost": {
      "precision": 0.2,
      "recall": 0.2,
      "correct": 1,
      "total": 5
    },
    "correct": {
      "precision": 0.8857142857142857,
      "recall": 0.8857142857142857,
      "correct": 31,
      "total": 35
    },
    "incorrect": {
      "precision": 0.6,
      "recall": 0.2571428571428571,
      "correct": 9,
      "total": 35
    },
    "partial": {
      "precision": 0.35555555555555557,
      "recall": 0.64,
      "correct": 16,
      "total": 25
    }
  }
}