{
  "overall_accuracy": 0.47,
  "normalized_mean_absolute_error": 0.17285714285714285,
  "total_correct": 47,
  "total": 100,
  "accuracy_by_label": {
    "almost": {
      "precision": 0.0,
      "recall": 0.0,
      "correct": 0,
      "total": 5
    },
    "correct": {
      "precision": 0.8064516129032258,
      "recall": 0.7142857142857143,
      "correct": 25,
      "total": 35
    },
    "incorrect": {
      "precision": 0.5,
      "recall": 0.34285714285714286,
      "correct": 12,
      "total": 35
    },
    "partial": {
      "precision": 0.2631578947368421,
      "recall": 0.4,
      "correct": 10,
      "total": 25
    }
  }
}