{
  "overall_accuracy": 0.55,
  "normalized_mean_absolute_error": 0.20857142857142857,
  "total_correct": 55,
  "total": 100,
  "accuracy_by_label": {
    "almost": {
      "precision": 0.0,
      "recall": 0.0,
      "correct": 0,
      "total": 6
    },
    "correct": {
      "precision": 0.5964912280701754,
      "recall": 0.9714285714285714,
      "correct": 34,
      "total": 35
    },
    "incorrect": {
      "precision": 0.8333333333333334,
      "recall": 0.2857142857142857,
      "correct": 10,
      "total": 35
    },
    "partial": {
      "precision": 0.36666666666666664,
      "recall": 0.4583333333333333,
      "correct": 11,
      "total": 24
    }
  }
}