{
  "overall_accuracy": 0.56,
  "normalized_mean_absolute_error": 0.22428571428571428,
  "total_correct": 56,
  "total": 100,
  "accuracy_by_label": {
    "almost": {
      "precision": 0.0,
      "recall": 0.0,
      "correct": 0,
      "total": 5
    },
    "correct": {
      "precision": 0.5918367346938775,
      "recall": 0.8285714285714286,
      "correct": 29,
      "total": 35
    },
    "incorrect": {
      "precision": 0.6153846153846154,
      "recall": 0.6857142857142857,
      "correct": 24,
      "total": 35
    },
    "partial": {
      "precision": 0.25,
      "recall": 0.12,
      "correct": 3,
      "total": 25
    }
  }
}