{
  "overall_accuracy": 0.53,
  "normalized_mean_absolute_error": 0.18571428571428572,
  "total_correct": 53,
  "total": 100,
  "accuracy_by_label": {
    "almost": {
      "precision": 0.2857142857142857,
      "recall": 0.4,
      "correct": 2,
      "total": 5
    },
    "correct": {
      "precision": 0.7073170731707317,
      "recall": 0.8285714285714286,
      "correct": 29,
      "total": 35
    },
    "incorrect": {
      "precision": 0.7142857142857143,
      "recall": 0.14285714285714285,
      "correct": 5,
      "total": 35
    },
    "partial": {
      "precision": 0.37777777777777777,
      "recall": 0.68,
      "correct": 17,
      "total": 25
    }
  }
}