{
  "overall_accuracy": 0.52,
  "normalized_mean_absolute_error": 0.24714285714285714,
  "total_correct": 52,
  "total": 100,
  "accuracy_by_label": {
    "almost": {
      "precision": 0.5,
      "recall": 0.2,
      "correct": 1,
      "total": 5
    },
    "correct": {
      "precision": 0.6875,
      "recall": 0.6285714285714286,
      "correct": 22,
      "total": 35
    },
    "incorrect": {
      "precision": 0.41379310344827586,
      "recall": 0.34285714285714286,
      "correct": 12,
      "total": 35
    },
    "partial": {
      "precision": 0.4594594594594595,
      "recall": 0.68,
      "correct": 17,
      "total": 25
    }
  }
}