{
  "overall_accuracy": 0.56,
  "normalized_mean_absolute_error": 0.15857142857142859,
  "total_correct": 56,
  "total": 100,
  "accuracy_by_label": {
    "almost": {
      "precision": 0.21052631578947367,
      "recall": 0.6666666666666666,
      "correct": 4,
      "total": 6
    },
    "correct": {
      "precision": 0.8125,
      "recall": 0.7428571428571429,
      "correct": 26,
      "total": 35
    },
    "incorrect": {
      "precision": 1.0,
      "recall": 0.2571428571428571,
      "correct": 9,
      "total": 35
    },
    "partial": {
      "precision": 0.425,
      "recall": 0.7083333333333334,
      "correct": 17,
      "total": 24
    }
  }
}