{
  "overall_accuracy": 0.45,
  "normalized_mean_absolute_error": 0.2914285714285714,
  "total_correct": 45,
  "total": 100,
  "accuracy_by_label": {
    "almost": {
      "precision": 0.06666666666666667,
      "recall": 0.4,
      "correct": 2,
      "total": 5
    },
    "correct": {
      "precision": 0.7777777777777778,
      "recall": 0.8,
      "correct": 28,
      "total": 35
    },
    "incorrect": {
      "precision": 0.4411764705882353,
      "recall": 0.42857142857142855,
      "correct": 15,
      "total": 35
    },
    "partial": {
      "precision": 0.0,
      "recall": 0.0,
      "correct": 0,
      "total": 25
    }
  }
}