{
  "overall_accuracy": 0.23,
  "normalized_mean_absolute_error": 0.5685714285714286,
  "total_correct": 23,
  "total": 100,
  "accuracy_by_label": {
    "almost": {
      "precision": 0.13636363636363635,
      "recall": 0.5,
      "correct": 3,
      "total": 6
    },
    "correct": {
      "precision": 0.6842105263157895,
      "recall": 0.37142857142857144,
      "correct": 13,
      "total": 35
    },
    "incorrect": {
      "precision": 0.75,
      "recall": 0.08571428571428572,
      "correct": 3,
      "total": 35
    },
    "partial": {
      "precision": 0.18181818181818182,
      "recall": 0.16666666666666666,
      "correct": 4,
      "total": 24
    }
  }
}