{
  "overall_accuracy": 0.13,
  "normalized_mean_absolute_error": 0.7914285714285715,
  "total_correct": 13,
  "total": 100,
  "accuracy_by_label": {
    "almost": {
      "precision": 0.16666666666666666,
      "recall": 0.16666666666666666,
      "correct": 1,
      "total": 6
    },
    "correct": {
      "precision": 0.6923076923076923,
      "recall": 0.2571428571428571,
      "correct": 9,
      "total": 35
    },
    "incorrect": {
      "precision": 0.0,
      "recall": 0.0,
      "correct": 0,
      "total": 35
    },
    "partial": {
      "precision": 0.42857142857142855,
      "recall": 0.125,
      "correct": 3,
      "total": 24
    }
  }
}