{
  "overall_accuracy": 0.39,
  "normalized_mean_absolute_error": 0.4542857142857143,
  "total_correct": 39,
  "total": 100,
  "accuracy_by_label": {
    "almost": {
      "precision": 0.1111111111111111,
      "recall": 0.2,
      "correct": 1,
      "total": 5
    },
    "correct": {
      "precision": 0.7567567567567568,
      "recall": 0.8,
      "correct": 28,
      "total": 35
    },
    "incorrect": {
      "precision": 0.2857142857142857,
      "recall": 0.05714285714285714,
      "correct": 2,
      "total": 35
    },
    "partial": {
      "precision": 0.4444444444444444,
      "recall": 0.32,
      "correct": 8,
      "total": 25
    }
  }
}