{
  "overall_accuracy": 0.61,
  "normalized_mean_absolute_error": 0.20428571428571426,
  "total_correct": 61,
  "total": 100,
  "accuracy_by_label": {
    "almost": {
      "precision": 0.1111111111111111,
      "recall": 0.16666666666666666,
      "correct": 1,
      "total": 6
    },
    "correct": {
      "precision": 0.6976744186046512,
      "recall": 0.8571428571428571,
      "correct": 30,
      "total": 35
    },
    "incorrect": {
      "precision": 0.7272727272727273,
      "recall": 0.6857142857142857,
      "correct": 24,
      "total": 35
    },
    "partial": {
      "precision": 0.4,
      "recall": 0.25,
      "correct": 6,
      "total": 24
    }
  }
}