{
  "overall_accuracy": 0.46,
  "normalized_mean_absolute_error": 0.4042857142857143,
  "total_correct": 46,
  "total": 100,
  "accuracy_by_label": {
    "almost": {
      "precision": 0.0,
      "recall": 0.0,
      "correct": 0,
      "total": 6
    },
    "correct": {
      "precision": 0.775,
      "recall": 0.8857142857142857,
      "correct": 31,
      "total": 35
    },
    "incorrect": {
      "precision": 1.0,
      "recall": 0.3142857142857143,
      "correct": 11,
      "total": 35
    },
    "partial": {
      "precision": 0.21052631578947367,
      "recall": 0.16666666666666666,
      "correct": 4,
      "total": 24
    }
  }
}