{
  "overall_accuracy": 0.41,
  "normalized_mean_absolute_error": 0.4471428571428571,
  "total_correct": 41,
  "total": 100,
  "accuracy_by_label": {
    "almost": {
      "precision": 0.2222222222222222,
      "recall": 0.3333333333333333,
      "correct": 2,
      "total": 6
    },
    "correct": {
      "precision": 0.6976744186046512,
      "recall": 0.8571428571428571,
      "correct": 30,
      "total": 35
    },
    "incorrect": {
      "precision": 0.7142857142857143,
      "recall": 0.14285714285714285,
      "correct": 5,
      "total": 35
    },
    "partial": {
      "precision": 0.4,
      "recall": 0.16666666666666666,
      "correct": 4,
      "total": 24
    }
  }
}