{
  "overall_accuracy": 0.51,
  "normalized_mean_absolute_error": 0.16999999999999998,
  "total_correct": 51,
  "total": 100,
  "accuracy_by_label": {
    "almost": {
      "precision": 0.0,
      "recall": 0.0,
      "correct": 0,
      "total": 5
    },
    "correct": {
      "precision": 0.7209302325581395,
      "recall": 0.8857142857142857,
      "correct": 31,
      "total": 35
    },
    "incorrect": {
      "precision": 0.4444444444444444,
      "recall": 0.34285714285714286,
      "correct": 12,
      "total": 35
    },
    "partial": {
      "precision": 0.2857142857142857,
      "recall": 0.32,
      "correct": 8,
      "total": 25
    }
  }
}