{
  "overall_accuracy": 0.53,
  "normalized_mean_absolute_error": 0.23714285714285713,
  "total_correct": 53,
  "total": 100,
  "accuracy_by_label": {
    "almost": {
      "precision": 0.0,
      "recall": 0.0,
      "correct": 0,
      "total": 5
    },
    "correct": {
      "precision": 0.6304347826086957,
      "recall": 0.8285714285714286,
      "correct": 29,
      "total": 35
    },
    "incorrect": {
      "precision": 0.5263157894736842,
      "recall": 0.5714285714285714,
      "correct": 20,
      "total": 35
    },
    "partial": {
      "precision": 0.2857142857142857,
      "recall": 0.16,
      "correct": 4,
      "total": 25
    }
  }
}