{
  "overall_accuracy": 0.5,
  "normalized_mean_absolute_error": 0.20142857142857143,
  "total_correct": 50,
  "total": 100,
  "accuracy_by_label": {
    "almost": {
      "precision": 0.0,
      "recall": 0.0,
      "correct": 0,
      "total": 5
    },
    "correct": {
      "precision": 0.62,
      "recall": 0.8857142857142857,
      "correct": 31,
      "total": 35
    },
    "incorrect": {
      "precision": 0.45714285714285713,
      "recall": 0.45714285714285713,
      "correct": 16,
      "total": 35
    },
    "partial": {
      "precision": 0.23076923076923078,
      "recall": 0.12,
      "correct": 3,
      "total": 25
    }
  }
}