{
  "overall_accuracy": 0.63,
  "normalized_mean_absolute_error": 0.2714285714285714,
  "total_correct": 63,
  "total": 100,
  "accuracy_by_label": {
    "almost": {
      "precision": 1.0,
      "recall": 0.16666666666666666,
      "correct": 1,
      "total": 6
    },
    "correct": {
      "precision": 0.6888888888888889,
      "recall": 0.8857142857142857,
      "correct": 31,
      "total": 35
    },
    "incorrect": {
      "precision": 0.7894736842105263,
      "recall": 0.8571428571428571,
      "correct": 30,
      "total": 35
    },
    "partial": {
      "precision": 1.0,
      "recall": 0.041666666666666664,
      "correct": 1,
      "total": 24
    }
  }
}