{
  "overall_accuracy": 0.59,
  "normalized_mean_absolute_error": 0.20714285714285713,
  "total_correct": 59,
  "total": 100,
  "accuracy_by_label": {
    "almost": {
      "precision": 0.0,
      "recall": 0.0,
      "correct": 0,
      "total": 6
    },
    "correct": {
      "precision": 0.6153846153846154,
      "recall": 0.9142857142857143,
      "correct": 32,
      "total": 35
    },
    "incorrect": {
      "precision": 0.8823529411764706,
      "recall": 0.42857142857142855,
      "correct": 15,
      "total": 35
    },
    "partial": {
      "precision": 0.4,
      "recall": 0.5,
      "correct": 12,
      "total": 24
    }
  }
}