{
  "overall_accuracy": 0.64,
  "normalized_mean_absolute_error": 0.17714285714285713,
  "total_correct": 64,
  "total": 100,
  "accuracy_by_label": {
    "almost": {
      "precision": 0.25,
      "recall": 0.16666666666666666,
      "correct": 1,
      "total": 6
    },
    "correct": {
      "precision": 0.68,
      "recall": 0.9714285714285714,
      "correct": 34,
      "total": 35
    },
    "incorrect": {
      "precision": 0.696969696969697,
      "recall": 0.6571428571428571,
      "correct": 23,
      "total": 35
    },
    "partial": {
      "precision": 0.46153846153846156,
      "recall": 0.25,
      "correct": 6,
      "total": 24
    }
  }
}