{
  "overall_accuracy": 0.34,
  "normalized_mean_absolute_error": 0.5257142857142857,
  "total_correct": 34,
  "total": 100,
  "accuracy_by_label": {
    "almost": {
      "precision": 0.125,
      "recall": 0.16666666666666666,
      "correct": 1,
      "total": 6
    },
    "correct": {
      "precision": 0.6774193548387096,
      "recall": 0.6,
      "correct": 21,
      "total": 35
    },
    "incorrect": {
      "precision": 0.6666666666666666,
      "recall": 0.2857142857142857,
      "correct": 10,
      "total": 35
    },
    "partial": {
      "precision": 0.3333333333333333,
      "recall": 0.08333333333333333,
      "correct": 2,
      "total": 24
    }
  }
}