{
  "overall_accuracy": 0.66,
  "normalized_mean_absolute_error": 0.13857142857142857,
  "total_correct": 66,
  "total": 100,
  "accuracy_by_label": {
    "almost": {
      "precision": 0.0,
      "recall": 0.0,
      "correct": 0,
      "total": 6
    },
    "correct": {
      "precision": 0.7021276595744681,
      "recall": 0.9428571428571428,
      "correct": 33,
      "total": 35
    },
    "incorrect": {
      "precision": 0.8181818181818182,
      "recall": 0.5142857142857142,
      "correct": 18,
      "total": 35
    },
    "partial": {
      "precision": 0.4838709677419355,
      "recall": 0.625,
      "correct": 15,
      "total": 24
    }
  }
}