{
  "overall_accuracy": 0.64,
  "normalized_mean_absolute_error": 0.13714285714285715,
  "total_correct": 64,
  "total": 100,
  "accuracy_by_label": {
    "almost": {
      "precision": 0.3076923076923077,
      "recall": 0.6666666666666666,
      "correct": 4,
      "total": 6
    },
    "correct": {
      "precision": 0.8235294117647058,
      "recall": 0.8,
      "correct": 28,
      "total": 35
    },
    "incorrect": {
      "precision": 0.8333333333333334,
      "recall": 0.42857142857142855,
      "correct": 15,
      "total": 35
    },
    "partial": {
      "precision": 0.4857142857142857,
      "recall": 0.7083333333333334,
      "correct": 17,
      "total": 24
    }
  }
}