{
  "overall_accuracy": 0.39,
  "normalized_mean_absolute_error": 0.3657142857142857,
  "total_correct": 39,
  "total": 100,
  "accuracy_by_label": {
    "almost": {
      "precision": 1.0,
      "recall": 0.16666666666666666,
      "correct": 1,
      "total": 6
    },
    "correct": {
      "precision": 0.0,
      "recall": 0.0,
      "correct": 0,
      "total": 35
    },
    "incorrect": {
      "precision": 0.9375,
      "recall": 0.42857142857142855,
      "correct": 15,
      "total": 35
    },
    "partial": {
      "precision": 0.27710843373493976,
      "recall": 0.9583333333333334,
      "correct": 23,
      "total": 24
    }
  }
}