{
  "overall_accuracy": 0.6,
  "normalized_mean_absolute_error": 0.19142857142857145,
  "total_correct": 60,
  "total": 100,
  "accuracy_by_label": {
    "almost": {
      "precision": 0.0,
      "recall": 0.0,
      "correct": 0,
      "total": 6
    },
    "correct": {
      "precision": 0.673469387755102,
      "recall": 0.9428571428571428,
      "correct": 33,
      "total": 35
    },
    "incorrect": {
      "precision": 0.6451612903225806,
      "recall": 0.5714285714285714,
      "correct": 20,
      "total": 35
    },
    "partial": {
      "precision": 0.35,
      "recall": 0.2916666666666667,
      "correct": 7,
      "total": 24
    }
  }
}