{
  "overall_accuracy": 0.57,
  "normalized_mean_absolute_error": 0.3271428571428571,
  "total_correct": 57,
  "total": 100,
  "accuracy_by_label": {
    "almost": {
      "precision": 0.0,
      "recall": 0.0,
      "correct": 0,
      "total": 6
    },
    "correct": {
      "precision": 0.717391304347826,
      "recall": 0.9428571428571428,
      "correct": 33,
      "total": 35
    },
    "incorrect": {
      "precision": 0.7741935483870968,
      "recall": 0.6857142857142857,
      "correct": 24,
      "total": 35
    },
    "partial": {
      "precision": 0.0,
      "recall": 0.0,
      "correct": 0,
      "total": 24
    }
  }
}