{
  "overall_accuracy": 0.29,
  "normalized_mean_absolute_error": 0.5557142857142857,
  "total_correct": 29,
  "total": 100,
  "accuracy_by_label": {
    "almost": {
      "precision": 0.23076923076923078,
      "recall": 0.6,
      "correct": 3,
      "total": 5
    },
    "correct": {
      "precision": 0.8947368421052632,
      "recall": 0.4857142857142857,
      "correct": 17,
      "total": 35
    },
    "incorrect": {
      "precision": 0.1111111111111111,
      "recall": 0.02857142857142857,
      "correct": 1,
      "total": 35
    },
    "partial": {
      "precision": 0.32,
      "recall": 0.32,
      "correct": 8,
      "total": 25
    }
  }
}