{
  "overall_accuracy": 0.62,
  "normalized_mean_absolute_error": 0.14714285714285716,
  "total_correct": 62,
  "total": 100,
  "accuracy_by_label": {
    "almost": {
      "precision": 0.0,
      "recall": 0.0,
      "correct": 0,
      "total": 5
    },
    "correct": {
      "precision": 0.7333333333333333,
      "recall": 0.9428571428571428,
      "correct": 33,
      "total": 35
    },
    "incorrect": {
      "precision": 0.5833333333333334,
      "recall": 0.6,
      "correct": 21,
      "total": 35
    },
    "partial": {
      "precision": 0.4444444444444444,
      "recall": 0.32,
      "correct": 8,
      "total": 25
    }
  }
}