{
  "overall_accuracy": 0.69,
  "normalized_mean_absolute_error": 0.12714285714285714,
  "total_correct": 69,
  "total": 100,
  "accuracy_by_label": {
    "almost": {
      "precision": 0.3333333333333333,
      "recall": 0.2,
      "correct": 1,
      "total": 5
    },
    "correct": {
      "precision": 0.8157894736842105,
      "recall": 0.8857142857142857,
      "correct": 31,
      "total": 35
    },
    "incorrect": {
      "precision": 0.6428571428571429,
      "recall": 0.7714285714285715,
      "correct": 27,
      "total": 35
    },
    "partial": {
      "precision": 0.5882352941176471,
      "recall": 0.4,
      "correct": 10,
      "total": 25
    }
  }
}