{
  "overall_accuracy": 0.42,
  "normalized_mean_absolute_error": 0.48857142857142855,
  "total_correct": 42,
  "total": 100,
  "accuracy_by_label": {
    "almost": {
      "precision": 0.0,
      "recall": 0.0,
      "correct": 0,
      "total": 6
    },
    "correct": {
      "precision": 0.7692307692307693,
      "recall": 0.8571428571428571,
      "correct": 30,
      "total": 35
    },
    "incorrect": {
      "precision": 1.0,
      "recall": 0.22857142857142856,
      "correct": 8,
      "total": 35
    },
    "partial": {
      "precision": 0.2857142857142857,
      "recall": 0.16666666666666666,
      "correct": 4,
      "total": 24
    }
  }
}