{
  "overall_accuracy": 0.69,
  "normalized_mean_absolute_error": 0.12571428571428572,
  "total_correct": 69,
  "total": 100,
  "accuracy_by_label": {
    "almost": {
      "precision": 0.36363636363636365,
      "recall": 0.6666666666666666,
      "correct": 4,
      "total": 6
    },
    "correct": {
      "precision": 0.9285714285714286,
      "recall": 0.7428571428571429,
      "correct": 26,
      "total": 35
    },
    "incorrect": {
      "precision": 0.8,
      "recall": 0.6857142857142857,
      "correct": 24,
      "total": 35
    },
    "partial": {
      "precision": 0.4838709677419355,
      "recall": 0.625,
      "correct": 15,
      "total": 24
    }
  }
}