{
  "overall_accuracy": 0.45,
  "normalized_mean_absolute_error": 0.3514285714285714,
  "total_correct": 45,
  "total": 100,
  "accuracy_by_label": {
    "almost": {
      "precision": 0.0,
      "recall": 0.0,
      "correct": 0,
      "total": 5
    },
    "correct": {
      "precision": 0.5081967213114754,
      "recall": 0.8857142857142857,
      "correct": 31,
      "total": 35
    },
    "incorrect": {
      "precision": 0.45,
      "recall": 0.2571428571428571,
      "correct": 9,
      "total": 35
    },
    "partial": {
      "precision": 0.29411764705882354,
      "recall": 0.2,
      "correct": 5,
      "total": 25
    }
  }
}