{
  "overall_accuracy": 0.64,
  "normalized_mean_absolute_error": 0.13857142857142857,
  "total_correct": 64,
  "total": 100,
  "accuracy_by_label": {
    "almost": {
      "precision": 0.0,
      "recall": 0.0,
      "correct": 0,
      "total": 5
    },
    "correct": {
      "precision": 0.8108108108108109,
      "recall": 0.8571428571428571,
      "correct": 30,
      "total": 35
    },
    "incorrect": {
      "precision": 0.631578947368421,
      "recall": 0.6857142857142857,
      "correct": 24,
      "total": 35
    },
    "partial": {
      "precision": 0.45454545454545453,
      "recall": 0.4,
      "correct": 10,
      "total": 25
    }
  }
}