{
  "overall_accuracy": 0.56,
  "normalized_mean_absolute_error": 0.21285714285714286,
  "total_correct": 56,
  "total": 100,
  "accuracy_by_label": {
    "almost": {
      "precision": 0.0,
      "recall": 0.0,
      "correct": 0,
      "total": 6
    },
    "correct": {
      "precision": 0.7073170731707317,
      "recall": 0.8285714285714286,
      "correct": 29,
      "total": 35
    },
    "incorrect": {
      "precision": 1.0,
      "recall": 0.2857142857142857,
      "correct": 10,
      "total": 35
    },
    "partial": {
      "precision": 0.3541666666666667,
      "recall": 0.7083333333333334,
      "correct": 17,
      "total": 24
    }
  }
}