{
  "overall_accuracy": 0.61,
  "normalized_mean_absolute_error": 0.18285714285714286,
  "total_correct": 61,
  "total": 100,
  "accuracy_by_label": {
    "almost": {
      "precision": 0.25,
      "recall": 0.3333333333333333,
      "correct": 2,
      "total": 6
    },
    "correct": {
      "precision": 0.7441860465116279,
      "recall": 0.9142857142857143,
      "correct": 32,
      "total": 35
    },
    "incorrect": {
      "precision": 0.8235294117647058,
      "recall": 0.4,
      "correct": 14,
      "total": 35
    },
    "partial": {
      "precision": 0.40625,
      "recall": 0.5416666666666666,
      "correct": 13,
      "total": 24
    }
  }
}