{
  "overall_accuracy": 0.56,
  "normalized_mean_absolute_error": 0.21,
  "total_correct": 56,
  "total": 100,
  "accuracy_by_label": {
    "almost": {
      "precision": 0.0,
      "recall": 0.0,
      "correct": 0,
      "total": 5
    },
    "correct": {
      "precision": 0.7142857142857143,
      "recall": 0.8571428571428571,
      "correct": 30,
      "total": 35
    },
    "incorrect": {
      "precision": 0.5641025641025641,
      "recall": 0.6285714285714286,
      "correct": 22,
      "total": 35
    },
    "partial": {
      "precision": 0.3076923076923077,
      "recall": 0.16,
      "correct": 4,
      "total": 25
    }
  }
}