{
  "overall_accuracy": 0.53,
  "normalized_mean_absolute_error": 0.20285714285714285,
  "total_correct": 53,
  "total": 100,
  "accuracy_by_label": {
    "almost": {
      "precision": 0.0,
      "recall": 0.0,
      "correct": 0,
      "total": 5
    },
    "correct": {
      "precision": 0.6274509803921569,
      "recall": 0.9142857142857143,
      "correct": 32,
      "total": 35
    },
    "incorrect": {
      "precision": 0.5,
      "recall": 0.5142857142857142,
      "correct": 18,
      "total": 35
    },
    "partial": {
      "precision": 0.23076923076923078,
      "recall": 0.12,
      "correct": 3,
      "total": 25
    }
  }
}