{
  "overall_accuracy": 0.21,
  "normalized_mean_absolute_error": 0.58,
  "total_correct": 21,
  "total": 100,
  "accuracy_by_label": {
    "almost": {
      "precision": 0.0625,
      "recall": 0.16666666666666666,
      "correct": 1,
      "total": 6
    },
    "correct": {
      "precision": 0.7647058823529411,
      "recall": 0.37142857142857144,
      "correct": 13,
      "total": 35
    },
    "incorrect": {
      "precision": 0.42857142857142855,
      "recall": 0.08571428571428572,
      "correct": 3,
      "total": 35
    },
    "partial": {
      "precision": 0.16666666666666666,
      "recall": 0.16666666666666666,
      "correct": 4,
      "total": 24
    }
  }
}