{
  "overall_accuracy": 0.52,
  "normalized_mean_absolute_error": 0.19714285714285712,
  "total_correct": 52,
  "total": 100,
  "accuracy_by_label": {
    "almost": {
      "precision": 0.0,
      "recall": 0.0,
      "correct": 0,
      "total": 5
    },
    "correct": {
      "precision": 0.6739130434782609,
      "recall": 0.8857142857142857,
      "correct": 31,
      "total": 35
    },
    "incorrect": {
      "precision": 0.5217391304347826,
      "recall": 0.34285714285714286,
      "correct": 12,
      "total": 35
    },
    "partial": {
      "precision": 0.32142857142857145,
      "recall": 0.36,
      "correct": 9,
      "total": 25
    }
  }
}