{
  "overall_accuracy": 0.59,
  "normalized_mean_absolute_error": 0.26142857142857145,
  "total_correct": 59,
  "total": 100,
  "accuracy_by_label": {
    "almost": {
      "precision": 0.0,
      "recall": 0.0,
      "correct": 0,
      "total": 6
    },
    "correct": {
      "precision": 0.5238095238095238,
      "recall": 0.9428571428571428,
      "correct": 33,
      "total": 35
    },
    "incorrect": {
      "precision": 0.7777777777777778,
      "recall": 0.6,
      "correct": 21,
      "total": 35
    },
    "partial": {
      "precision": 0.5555555555555556,
      "recall": 0.20833333333333334,
      "correct": 5,
      "total": 24
    }
  }
}