{
  "overall_accuracy": 0.57,
  "normalized_mean_absolute_error": 0.25857142857142856,
  "total_correct": 57,
  "total": 100,
  "accuracy_by_label": {
    "almost": {
      "precision": 0.0,
      "recall": 0.0,
      "correct": 0,
      "total": 6
    },
    "correct": {
      "precision": 0.6956521739130435,
      "recall": 0.9142857142857143,
      "correct": 32,
      "total": 35
    },
    "incorrect": {
      "precision": 0.72,
      "recall": 0.5142857142857142,
      "correct": 18,
      "total": 35
    },
    "partial": {
      "precision": 0.3888888888888889,
      "recall": 0.2916666666666667,
      "correct": 7,
      "total": 24
    }
  }
}