{
  "overall_accuracy": 0.52,
  "normalized_mean_absolute_error": 0.18285714285714286,
  "total_correct": 52,
  "total": 100,
  "accuracy_by_label": {
    "almost": {
      "precision": 0.19047619047619047,
      "recall": 0.6666666666666666,
      "correct": 4,
      "total": 6
    },
    "correct": {
      "precision": 0.8275862068965517,
      "recall": 0.6857142857142857,
      "correct": 24,
      "total": 35
    },
    "incorrect": {
      "precision": 0.9,
      "recall": 0.2571428571428571,
      "correct": 9,
      "total": 35
    },
    "partial": {
      "precision": 0.375,
      "recall": 0.625,
      "correct": 15,
      "total": 24
    }
  }
}