{
  "overall_accuracy": 0.46,
  "normalized_mean_absolute_error": 0.17285714285714285,
  "total_correct": 46,
  "total": 100,
  "accuracy_by_label": {
    "almost": {
      "precision": 0.125,
      "recall": 0.2,
      "correct": 1,
      "total": 5
    },
    "correct": {
      "precision": 0.7428571428571429,
      "recall": 0.7428571428571429,
      "correct": 26,
      "total": 35
    },
    "incorrect": {
      "precision": 0.38461538461538464,
      "recall": 0.14285714285714285,
      "correct": 5,
      "total": 35
    },
    "partial": {
      "precision": 0.3181818181818182,
      "recall": 0.56,
      "correct": 14,
      "total": 25
    }
  }
}