{
  "overall_accuracy": 0.56,
  "normalized_mean_absolute_error": 0.1657142857142857,
  "total_correct": 56,
  "total": 100,
  "accuracy_by_label": {
    "almost": {
      "precision": 0.25,
      "recall": 0.8333333333333334,
      "correct": 5,
      "total": 6
    },
    "correct": {
      "precision": 0.84375,
      "recall": 0.7714285714285715,
      "correct": 27,
      "total": 35
    },
    "incorrect": {
      "precision": 0.7692307692307693,
      "recall": 0.2857142857142857,
      "correct": 10,
      "total": 35
    },
    "partial": {
      "precision": 0.4,
      "recall": 0.5833333333333334,
      "correct": 14,
      "total": 24
    }
  }
}