{
  "overall_accuracy": 0.39,
  "normalized_mean_absolute_error": 0.4957142857142857,
  "total_correct": 39,
  "total": 100,
  "accuracy_by_label": {
    "almost": {
      "precision": 0.18181818181818182,
      "recall": 0.3333333333333333,
      "correct": 2,
      "total": 6
    },
    "correct": {
      "precision": 0.625,
      "recall": 0.7142857142857143,
      "correct": 25,
      "total": 35
    },
    "incorrect": {
      "precision": 1.0,
      "recall": 0.2,
      "correct": 7,
      "total": 35
    },
    "partial": {
      "precision": 0.45454545454545453,
      "recall": 0.20833333333333334,
      "correct": 5,
      "total": 24
    }
  }
}