{
  "overall_accuracy": 0.62,
  "normalized_mean_absolute_error": 0.19714285714285712,
  "total_correct": 62,
  "total": 100,
  "accuracy_by_label": {
    "almost": {
      "precision": 0.42857142857142855,
      "recall": 0.5,
      "correct": 3,
      "total": 6
    },
    "correct": {
      "precision": 0.7380952380952381,
      "recall": 0.8857142857142857,
      "correct": 31,
      "total": 35
    },
    "incorrect": {
      "precision": 0.9285714285714286,
      "recall": 0.37142857142857144,
      "correct": 13,
      "total": 35
    },
    "partial": {
      "precision": 0.45454545454545453,
      "recall": 0.625,
      "correct": 15,
      "total": 24
    }
  }
}