{
  "overall_accuracy": 0.54,
  "normalized_mean_absolute_error": 0.17142857142857143,
  "total_correct": 54,
  "total": 100,
  "accuracy_by_label": {
    "almost": {
      "precision": 0.16666666666666666,
      "recall": 0.5,
      "correct": 3,
      "total": 6
    },
    "correct": {
      "precision": 0.8,
      "recall": 0.8,
      "correct": 28,
      "total": 35
    },
    "incorrect": {
      "precision": 1.0,
      "recall": 0.2571428571428571,
      "correct": 9,
      "total": 35
    },
    "partial": {
      "precision": 0.3684210526315789,
      "recall": 0.5833333333333334,
      "correct": 14,
      "total": 24
    }
  }
}