{
  "overall_accuracy": 0.66,
  "normalized_mean_absolute_error": 0.15857142857142859,
  "total_correct": 66,
  "total": 100,
  "accuracy_by_label": {
    "almost": {
      "precision": 0.2,
      "recall": 0.16666666666666666,
      "correct": 1,
      "total": 6
    },
    "correct": {
      "precision": 0.8235294117647058,
      "recall": 0.8,
      "correct": 28,
      "total": 35
    },
    "incorrect": {
      "precision": 0.7428571428571429,
      "recall": 0.7428571428571429,
      "correct": 26,
      "total": 35
    },
    "partial": {
      "precision": 0.4230769230769231,
      "recall": 0.4583333333333333,
      "correct": 11,
      "total": 24
    }
  }
}