{
  "overall_accuracy": 0.52,
  "normalized_mean_absolute_error": 0.15571428571428572,
  "total_correct": 52,
  "total": 100,
  "accuracy_by_label": {
    "almost": {
      "precision": 0.0,
      "recall": 0.0,
      "correct": 0,
      "total": 5
    },
    "correct": {
      "precision": 0.7380952380952381,
      "recall": 0.8857142857142857,
      "correct": 31,
      "total": 35
    },
    "incorrect": {
      "precision": 0.5555555555555556,
      "recall": 0.14285714285714285,
      "correct": 5,
      "total": 35
    },
    "partial": {
      "precision": 0.35555555555555557,
      "recall": 0.64,
      "correct": 16,
      "total": 25
    }
  }
}