{
  "overall_accuracy": 0.65,
  "normalized_mean_absolute_error": 0.18142857142857144,
  "total_correct": 65,
  "total": 100,
  "accuracy_by_label": {
    "almost": {
      "precision": 0.0,
      "recall": 0.0,
      "correct": 0,
      "total": 5
    },
    "correct": {
      "precision": 0.7380952380952381,
      "recall": 0.8857142857142857,
      "correct": 31,
      "total": 35
    },
    "incorrect": {
      "precision": 0.6052631578947368,
      "recall": 0.6571428571428571,
      "correct": 23,
      "total": 35
    },
    "partial": {
      "precision": 0.7333333333333333,
      "recall": 0.44,
      "correct": 11,
      "total": 25
    }
  }
}