{
  "overall_accuracy": 0.67,
  "normalized_mean_absolute_error": 0.14142857142857143,
  "total_correct": 67,
  "total": 100,
  "accuracy_by_label": {
    "almost": {
      "precision": 0.4444444444444444,
      "recall": 0.6666666666666666,
      "correct": 4,
      "total": 6
    },
    "correct": {
      "precision": 0.7804878048780488,
      "recall": 0.9142857142857143,
      "correct": 32,
      "total": 35
    },
    "incorrect": {
      "precision": 0.8095238095238095,
      "recall": 0.4857142857142857,
      "correct": 17,
      "total": 35
    },
    "partial": {
      "precision": 0.4827586206896552,
      "recall": 0.5833333333333334,
      "correct": 14,
      "total": 24
    }
  }
}