{
  "overall_accuracy": 0.66,
  "normalized_mean_absolute_error": 0.18142857142857144,
  "total_correct": 66,
  "total": 100,
  "accuracy_by_label": {
    "almost": {
      "precision": 0.0,
      "recall": 0.0,
      "correct": 0,
      "total": 6
    },
    "correct": {
      "precision": 0.6470588235294118,
      "recall": 0.9428571428571428,
      "correct": 33,
      "total": 35
    },
    "incorrect": {
      "precision": 0.78125,
      "recall": 0.7142857142857143,
      "correct": 25,
      "total": 35
    },
    "partial": {
      "precision": 0.47058823529411764,
      "recall": 0.3333333333333333,
      "correct": 8,
      "total": 24
    }
  }
}