{
  "overall_accuracy": 0.6,
  "normalized_mean_absolute_error": 0.21571428571428572,
  "total_correct": 60,
  "total": 100,
  "accuracy_by_label": {
    "almost": {
      "precision": 0.42857142857142855,
      "recall": 0.5,
      "correct": 3,
      "total": 6
    },
    "correct": {
      "precision": 0.7297297297297297,
      "recall": 0.7714285714285715,
      "correct": 27,
      "total": 35
    },
    "incorrect": {
      "precision": 0.8095238095238095,
      "recall": 0.4857142857142857,
      "correct": 17,
      "total": 35
    },
    "partial": {
      "precision": 0.43333333333333335,
      "recall": 0.5416666666666666,
      "correct": 13,
      "total": 24
    }
  }
}