{
  "overall_accuracy": 0.42,
  "normalized_mean_absolute_error": 0.4685714285714285,
  "total_correct": 42,
  "total": 100,
  "accuracy_by_label": {
    "almost": {
      "precision": 0.3333333333333333,
      "recall": 0.2,
      "correct": 1,
      "total": 5
    },
    "correct": {
      "precision": 0.40476190476190477,
      "recall": 0.9714285714285714,
      "correct": 34,
      "total": 35
    },
    "incorrect": {
      "precision": 1.0,
      "recall": 0.08571428571428572,
      "correct": 3,
      "total": 35
    },
    "partial": {
      "precision": 0.4,
      "recall": 0.16,
      "correct": 4,
      "total": 25
    }
  }
}