{
  "overall_accuracy": 0.53,
  "normalized_mean_absolute_error": 0.31428571428571433,
  "total_correct": 53,
  "total": 100,
  "accuracy_by_label": {
    "almost": {
      "precision": 0.16666666666666666,
      "recall": 0.16666666666666666,
      "correct": 1,
      "total": 6
    },
    "correct": {
      "precision": 0.75,
      "recall": 0.42857142857142855,
      "correct": 15,
      "total": 35
    },
    "incorrect": {
      "precision": 0.45098039215686275,
      "recall": 0.6571428571428571,
      "correct": 23,
      "total": 35
    },
    "partial": {
      "precision": 0.6086956521739131,
      "recall": 0.5833333333333334,
      "correct": 14,
      "total": 24
    }
  }
}