{
  "overall_accuracy": 0.16,
  "normalized_mean_absolute_error": 0.3985714285714286,
  "total_correct": 16,
  "total": 100,
  "accuracy_by_label": {
    "almost": {
      "precision": 0.04285714285714286,
      "recall": 0.5,
      "correct": 3,
      "total": 6
    },
    "correct": {
      "precision": 0.0,
      "recall": 0.0,
      "correct": 0,
      "total": 35
    },
    "incorrect": {
      "precision": 1.0,
      "recall": 0.17142857142857143,
      "correct": 6,
      "total": 35
    },
    "partial": {
      "precision": 0.2916666666666667,
      "recall": 0.2916666666666667,
      "correct": 7,
      "total": 24
    }
  }
}