{
  "overall_accuracy": 0.66,
  "normalized_mean_absolute_error": 0.15571428571428572,
  "total_correct": 66,
  "total": 100,
  "accuracy_by_label": {
    "almost": {
      "precision": 0.25,
      "recall": 0.16666666666666666,
      "correct": 1,
      "total": 6
    },
    "correct": {
      "precision": 0.717391304347826,
      "recall": 0.9428571428571428,
      "correct": 33,
      "total": 35
    },
    "incorrect": {
      "precision": 0.7105263157894737,
      "recall": 0.7714285714285715,
      "correct": 27,
      "total": 35
    },
    "partial": {
      "precision": 0.4166666666666667,
      "recall": 0.20833333333333334,
      "correct": 5,
      "total": 24
    }
  }
}