{
  "overall_accuracy": 0.61,
  "normalized_mean_absolute_error": 0.22714285714285715,
  "total_correct": 61,
  "total": 100,
  "accuracy_by_label": {
    "almost": {
      "precision": 0.3333333333333333,
      "recall": 0.16666666666666666,
      "correct": 1,
      "total": 6
    },
    "correct": {
      "precision": 0.5789473684210527,
      "recall": 0.9428571428571428,
      "correct": 33,
      "total": 35
    },
    "incorrect": {
      "precision": 0.7575757575757576,
      "recall": 0.7142857142857143,
      "correct": 25,
      "total": 35
    },
    "partial": {
      "precision": 0.2857142857142857,
      "recall": 0.08333333333333333,
      "correct": 2,
      "total": 24
    }
  }
}