{
  "overall_accuracy": 0.53,
  "normalized_mean_absolute_error": 0.23857142857142857,
  "total_correct": 53,
  "total": 100,
  "accuracy_by_label": {
    "almost": {
      "precision": 0.0,
      "recall": 0.0,
      "correct": 0,
      "total": 5
    },
    "correct": {
      "precision": 0.6041666666666666,
      "recall": 0.8285714285714286,
      "correct": 29,
      "total": 35
    },
    "incorrect": {
      "precision": 0.5483870967741935,
      "recall": 0.4857142857142857,
      "correct": 17,
      "total": 35
    },
    "partial": {
      "precision": 0.3333333333333333,
      "recall": 0.28,
      "correct": 7,
      "total": 25
    }
  }
}