{
  "overall_accuracy": 0.64,
  "normalized_mean_absolute_error": 0.15857142857142859,
  "total_correct": 64,
  "total": 100,
  "accuracy_by_label": {
    "almost": {
      "precision": 0.0,
      "recall": 0.0,
      "correct": 0,
      "total": 6
    },
    "correct": {
      "precision": 0.6888888888888889,
      "recall": 0.8857142857142857,
      "correct": 31,
      "total": 35
    },
    "incorrect": {
      "precision": 0.6363636363636364,
      "recall": 0.8,
      "correct": 28,
      "total": 35
    },
    "partial": {
      "precision": 0.45454545454545453,
      "recall": 0.20833333333333334,
      "correct": 5,
      "total": 24
    }
  }
}