{
  "overall_accuracy": 0.58,
  "normalized_mean_absolute_error": 0.18714285714285714,
  "total_correct": 58,
  "total": 100,
  "accuracy_by_label": {
    "almost": {
      "precision": 0.0,
      "recall": 0.0,
      "correct": 0,
      "total": 6
    },
    "correct": {
      "precision": 0.6181818181818182,
      "recall": 0.9714285714285714,
      "correct": 34,
      "total": 35
    },
    "incorrect": {
      "precision": 0.8666666666666667,
      "recall": 0.37142857142857144,
      "correct": 13,
      "total": 35
    },
    "partial": {
      "precision": 0.3793103448275862,
      "recall": 0.4583333333333333,
      "correct": 11,
      "total": 24
    }
  }
}