{
  "overall_accuracy": 0.46,
  "normalized_mean_absolute_error": 0.25857142857142856,
  "total_correct": 46,
  "total": 100,
  "accuracy_by_label": {
    "almost": {
      "precision": 0.0,
      "recall": 0.0,
      "correct": 0,
      "total": 5
    },
    "correct": {
      "precision": 0.7560975609756098,
      "recall": 0.8857142857142857,
      "correct": 31,
      "total": 35
    },
    "incorrect": {
      "precision": 0.5882352941176471,
      "recall": 0.2857142857142857,
      "correct": 10,
      "total": 35
    },
    "partial": {
      "precision": 0.22727272727272727,
      "recall": 0.2,
      "correct": 5,
      "total": 25
    }
  }
}