{
  "overall_accuracy": 0.61,
  "normalized_mean_absolute_error": 0.19571428571428573,
  "total_correct": 61,
  "total": 100,
  "accuracy_by_label": {
    "almost": {
      "precision": 0.25,
      "recall": 0.16666666666666666,
      "correct": 1,
      "total": 6
    },
    "correct": {
      "precision": 0.6296296296296297,
      "recall": 0.9714285714285714,
      "correct": 34,
      "total": 35
    },
    "incorrect": {
      "precision": 0.7916666666666666,
      "recall": 0.5428571428571428,
      "correct": 19,
      "total": 35
    },
    "partial": {
      "precision": 0.3888888888888889,
      "recall": 0.2916666666666667,
      "correct": 7,
      "total": 24
    }
  }
}