{
  "overall_accuracy": 0.59,
  "normalized_mean_absolute_error": 0.19,
  "total_correct": 59,
  "total": 100,
  "accuracy_by_label": {
    "almost": {
      "precision": 0.0,
      "recall": 0.0,
      "correct": 0,
      "total": 5
    },
    "correct": {
      "precision": 0.6470588235294118,
      "recall": 0.9428571428571428,
      "correct": 33,
      "total": 35
    },
    "incorrect": {
      "precision": 0.5945945945945946,
      "recall": 0.6285714285714286,
      "correct": 22,
      "total": 35
    },
    "partial": {
      "precision": 0.3333333333333333,
      "recall": 0.16,
      "correct": 4,
      "total": 25
    }
  }
}