{
  "overall_accuracy": 0.64,
  "normalized_mean_absolute_error": 0.14714285714285716,
  "total_correct": 64,
  "total": 100,
  "accuracy_by_label": {
    "almost": {
      "precision": 0.4,
      "recall": 0.3333333333333333,
      "correct": 2,
      "total": 6
    },
    "correct": {
      "precision": 0.8823529411764706,
      "recall": 0.8571428571428571,
      "correct": 30,
      "total": 35
    },
    "incorrect": {
      "precision": 0.9230769230769231,
      "recall": 0.34285714285714286,
      "correct": 12,
      "total": 35
    },
    "partial": {
      "precision": 0.4166666666666667,
      "recall": 0.8333333333333334,
      "correct": 20,
      "total": 24
    }
  }
}