{
  "overall_accuracy": 0.34,
  "normalized_mean_absolute_error": 0.5185714285714286,
  "total_correct": 34,
  "total": 100,
  "accuracy_by_label": {
    "almost": {
      "precision": 0.1,
      "recall": 0.2,
      "correct": 1,
      "total": 5
    },
    "correct": {
      "precision": 0.7666666666666667,
      "recall": 0.6571428571428571,
      "correct": 23,
      "total": 35
    },
    "incorrect": {
      "precision": 0.5,
      "recall": 0.11428571428571428,
      "correct": 4,
      "total": 35
    },
    "partial": {
      "precision": 0.42857142857142855,
      "recall": 0.24,
      "correct": 6,
      "total": 25
    }
  }
}