{
  "overall_accuracy": 0.5,
  "normalized_mean_absolute_error": 0.20428571428571426,
  "total_correct": 50,
  "total": 100,
  "accuracy_by_label": {
    "almost": {
      "precision": 0.125,
      "recall": 0.5,
      "correct": 3,
      "total": 6
    },
    "correct": {
      "precision": 0.8275862068965517,
      "recall": 0.6857142857142857,
      "correct": 24,
      "total": 35
    },
    "incorrect": {
      "precision": 1.0,
      "recall": 0.22857142857142856,
      "correct": 8,
      "total": 35
    },
    "partial": {
      "precision": 0.38461538461538464,
      "recall": 0.625,
      "correct": 15,
      "total": 24
    }
  }
}