{
  "overall_accuracy": 0.49,
  "normalized_mean_absolute_error": 0.18857142857142858,
  "total_correct": 49,
  "total": 100,
  "accuracy_by_label": {
    "almost": {
      "precision": 0.0,
      "recall": 0.0,
      "correct": 0,
      "total": 5
    },
    "correct": {
      "precision": 0.6808510638297872,
      "recall": 0.9142857142857143,
      "correct": 32,
      "total": 35
    },
    "incorrect": {
      "precision": 0.43333333333333335,
      "recall": 0.37142857142857144,
      "correct": 13,
      "total": 35
    },
    "partial": {
      "precision": 0.17391304347826086,
      "recall": 0.16,
      "correct": 4,
      "total": 25
    }
  }
}