{
  "overall_accuracy": 0.38,
  "normalized_mean_absolute_error": 0.46714285714285714,
  "total_correct": 38,
  "total": 100,
  "accuracy_by_label": {
    "almost": {
      "precision": 0.125,
      "recall": 0.16666666666666666,
      "correct": 1,
      "total": 6
    },
    "correct": {
      "precision": 0.6444444444444445,
      "recall": 0.8285714285714286,
      "correct": 29,
      "total": 35
    },
    "incorrect": {
      "precision": 0.6666666666666666,
      "recall": 0.11428571428571428,
      "correct": 4,
      "total": 35
    },
    "partial": {
      "precision": 0.36363636363636365,
      "recall": 0.16666666666666666,
      "correct": 4,
      "total": 24
    }
  }
}