{
  "overall_accuracy": 0.32,
  "normalized_mean_absolute_error": 0.5228571428571429,
  "total_correct": 32,
  "total": 100,
  "accuracy_by_label": {
    "almost": {
      "precision": 0.0,
      "recall": 0.0,
      "correct": 0,
      "total": 5
    },
    "correct": {
      "precision": 0.6578947368421053,
      "recall": 0.7142857142857143,
      "correct": 25,
      "total": 35
    },
    "incorrect": {
      "precision": 0.375,
      "recall": 0.08571428571428572,
      "correct": 3,
      "total": 35
    },
    "partial": {
      "precision": 0.26666666666666666,
      "recall": 0.16,
      "correct": 4,
      "total": 25
    }
  }
}