{
  "overall_accuracy": 0.53,
  "normalized_mean_absolute_error": 0.23142857142857146,
  "total_correct": 53,
  "total": 100,
  "accuracy_by_label": {
    "almost": {
      "precision": 0.0,
      "recall": 0.0,
      "correct": 0,
      "total": 5
    },
    "correct": {
      "precision": 0.6078431372549019,
      "recall": 0.8857142857142857,
      "correct": 31,
      "total": 35
    },
    "incorrect": {
      "precision": 0.5294117647058824,
      "recall": 0.5142857142857142,
      "correct": 18,
      "total": 35
    },
    "partial": {
      "precision": 0.26666666666666666,
      "recall": 0.16,
      "correct": 4,
      "total": 25
    }
  }
}