{
  "overall_accuracy": 0.47,
  "normalized_mean_absolute_error": 0.17857142857142858,
  "total_correct": 47,
  "total": 100,
  "accuracy_by_label": {
    "almost": {
      "precision": 0.0,
      "recall": 0.0,
      "correct": 0,
      "total": 5
    },
    "correct": {
      "precision": 0.7894736842105263,
      "recall": 0.8571428571428571,
      "correct": 30,
      "total": 35
    },
    "incorrect": {
      "precision": 0.37037037037037035,
      "recall": 0.2857142857142857,
      "correct": 10,
      "total": 35
    },
    "partial": {
      "precision": 0.22580645161290322,
      "recall": 0.28,
      "correct": 7,
      "total": 25
    }
  }
}