{
  "overall_accuracy": 0.47,
  "normalized_mean_absolute_error": 0.39142857142857146,
  "total_correct": 47,
  "total": 100,
  "accuracy_by_label": {
    "almost": {
      "precision": 0.0,
      "recall": 0.0,
      "correct": 0,
      "total": 5
    },
    "correct": {
      "precision": 0.4533333333333333,
      "recall": 0.9714285714285714,
      "correct": 34,
      "total": 35
    },
    "incorrect": {
      "precision": 0.7142857142857143,
      "recall": 0.14285714285714285,
      "correct": 5,
      "total": 35
    },
    "partial": {
      "precision": 0.47058823529411764,
      "recall": 0.32,
      "correct": 8,
      "total": 25
    }
  }
}