{
  "overall_accuracy": 0.68,
  "normalized_mean_absolute_error": 0.18,
  "total_correct": 68,
  "total": 100,
  "accuracy_by_label": {
    "almost": {
      "precision": 0.4,
      "recall": 0.3333333333333333,
      "correct": 2,
      "total": 6
    },
    "correct": {
      "precision": 0.66,
      "recall": 0.9428571428571428,
      "correct": 33,
      "total": 35
    },
    "incorrect": {
      "precision": 0.7647058823529411,
      "recall": 0.7428571428571429,
      "correct": 26,
      "total": 35
    },
    "partial": {
      "precision": 0.6363636363636364,
      "recall": 0.2916666666666667,
      "correct": 7,
      "total": 24
    }
  }
}