{
  "overall_accuracy": 0.21,
  "normalized_mean_absolute_error": 0.6142857142857142,
  "total_correct": 21,
  "total": 100,
  "accuracy_by_label": {
    "almost": {
      "precision": 0.05555555555555555,
      "recall": 0.2,
      "correct": 1,
      "total": 5
    },
    "correct": {
      "precision": 0.8181818181818182,
      "recall": 0.2571428571428571,
      "correct": 9,
      "total": 35
    },
    "incorrect": {
      "precision": 0.0,
      "recall": 0.0,
      "correct": 0,
      "total": 35
    },
    "partial": {
      "precision": 0.3548387096774194,
      "recall": 0.44,
      "correct": 11,
      "total": 25
    }
  }
}