{
  "overall_accuracy": 0.44,
  "normalized_mean_absolute_error": 0.33285714285714285,
  "total_correct": 44,
  "total": 100,
  "accuracy_by_label": {
    "almost": {
      "precision": 0.0,
      "recall": 0.0,
      "correct": 0,
      "total": 6
    },
    "correct": {
      "precision": 0.4782608695652174,
      "recall": 0.9428571428571428,
      "correct": 33,
      "total": 35
    },
    "incorrect": {
      "precision": 0.0,
      "recall": 0.0,
      "correct": 0,
      "total": 35
    },
    "partial": {
      "precision": 0.3548387096774194,
      "recall": 0.4583333333333333,
      "correct": 11,
      "total": 24
    }
  }
}