{
  "overall_accuracy": 0.44,
  "normalized_mean_absolute_error": 0.4014285714285714,
  "total_correct": 44,
  "total": 100,
  "accuracy_by_label": {
    "almost": {
      "precision": 0.0,
      "recall": 0.0,
      "correct": 0,
      "total": 5
    },
    "correct": {
      "precision": 0.7714285714285715,
      "recall": 0.7714285714285715,
      "correct": 27,
      "total": 35
    },
    "incorrect": {
      "precision": 0.5789473684210527,
      "recall": 0.3142857142857143,
      "correct": 11,
      "total": 35
    },
    "partial": {
      "precision": 0.375,
      "recall": 0.24,
      "correct": 6,
      "total": 25
    }
  }
}