{
  "overall_accuracy": 0.5,
  "normalized_mean_absolute_error": 0.1542857142857143,
  "total_correct": 50,
  "total": 100,
  "accuracy_by_label": {
    "almost": {
      "precision": 0.3333333333333333,
      "recall": 0.2,
      "correct": 1,
      "total": 5
    },
    "correct": {
      "precision": 0.775,
      "recall": 0.8857142857142857,
      "correct": 31,
      "total": 35
    },
    "incorrect": {
      "precision": 0.41379310344827586,
      "recall": 0.34285714285714286,
      "correct": 12,
      "total": 35
    },
    "partial": {
      "precision": 0.21428571428571427,
      "recall": 0.24,
      "correct": 6,
      "total": 25
    }
  }
}