{
  "overall_accuracy": 0.22,
  "normalized_mean_absolute_error": 0.5857142857142856,
  "total_correct": 22,
  "total": 100,
  "accuracy_by_label": {
    "almost": {
      "precision": 0.125,
      "recall": 0.5,
      "correct": 3,
      "total": 6
    },
    "correct": {
      "precision": 0.8125,
      "recall": 0.37142857142857144,
      "correct": 13,
      "total": 35
    },
    "incorrect": {
      "precision": 0.4,
      "recall": 0.05714285714285714,
      "correct": 2,
      "total": 35
    },
    "partial": {
      "precision": 0.18181818181818182,
      "recall": 0.16666666666666666,
      "correct": 4,
      "total": 24
    }
  }
}