{
  "overall_accuracy": 0.54,
  "normalized_mean_absolute_error": 0.22428571428571428,
  "total_correct": 54,
  "total": 100,
  "accuracy_by_label": {
    "almost": {
      "precision": 0.0,
      "recall": 0.0,
      "correct": 0,
      "total": 5
    },
    "correct": {
      "precision": 0.6041666666666666,
      "recall": 0.8285714285714286,
      "correct": 29,
      "total": 35
    },
    "incorrect": {
      "precision": 0.5405405405405406,
      "recall": 0.5714285714285714,
      "correct": 20,
      "total": 35
    },
    "partial": {
      "precision": 0.3333333333333333,
      "recall": 0.2,
      "correct": 5,
      "total": 25
    }
  }
}