{
  "overall_accuracy": 0.15,
  "normalized_mean_absolute_error": 0.6571428571428571,
  "total_correct": 15,
  "total": 100,
  "accuracy_by_label": {
    "almost": {
      "precision": 0.08333333333333333,
      "recall": 0.2,
      "correct": 1,
      "total": 5
    },
    "correct": {
      "precision": 0.5714285714285714,
      "recall": 0.11428571428571428,
      "correct": 4,
      "total": 35
    },
    "incorrect": {
      "precision": 0.3333333333333333,
      "recall": 0.2,
      "correct": 7,
      "total": 35
    },
    "partial": {
      "precision": 0.3333333333333333,
      "recall": 0.12,
      "correct": 3,
      "total": 25
    }
  }
}