{
  "overall_accuracy": 0.58,
  "normalized_mean_absolute_error": 0.30142857142857143,
  "total_correct": 58,
  "total": 100,
  "accuracy_by_label": {
    "almost": {
      "precision": 0.0,
      "recall": 0.0,
      "correct": 0,
      "total": 6
    },
    "correct": {
      "precision": 0.6808510638297872,
      "recall": 0.9142857142857143,
      "correct": 32,
      "total": 35
    },
    "incorrect": {
      "precision": 0.7352941176470589,
      "recall": 0.7142857142857143,
      "correct": 25,
      "total": 35
    },
    "partial": {
      "precision": 1.0,
      "recall": 0.041666666666666664,
      "correct": 1,
      "total": 24
    }
  }
}