{
  "overall_accuracy": 0.59,
  "normalized_mean_absolute_error": 0.22285714285714286,
  "total_correct": 59,
  "total": 100,
  "accuracy_by_label": {
    "almost": {
      "precision": 0.0,
      "recall": 0.0,
      "correct": 0,
      "total": 5
    },
    "correct": {
      "precision": 0.6808510638297872,
      "recall": 0.9142857142857143,
      "correct": 32,
      "total": 35
    },
    "incorrect": {
      "precision": 0.9166666666666666,
      "recall": 0.3142857142857143,
      "correct": 11,
      "total": 35
    },
    "partial": {
      "precision": 0.45714285714285713,
      "recall": 0.64,
      "correct": 16,
      "total": 25
    }
  }
}