{
  "overall_accuracy": 0.39,
  "normalized_mean_absolute_error": 0.5,
  "total_correct": 39,
  "total": 100,
  "accuracy_by_label": {
    "almost": {
      "precision": 0.42857142857142855,
      "recall": 0.5,
      "correct": 3,
      "total": 6
    },
    "correct": {
      "precision": 0.7105263157894737,
      "recall": 0.7714285714285715,
      "correct": 27,
      "total": 35
    },
    "incorrect": {
      "precision": 0.6666666666666666,
      "recall": 0.05714285714285714,
      "correct": 2,
      "total": 35
    },
    "partial": {
      "precision": 0.4117647058823529,
      "recall": 0.2916666666666667,
      "correct": 7,
      "total": 24
    }
  }
}