{
  "overall_accuracy": 0.5,
  "normalized_mean_absolute_error": 0.33428571428571424,
  "total_correct": 50,
  "total": 100,
  "accuracy_by_label": {
    "almost": {
      "precision": 0.0,
      "recall": 0.0,
      "correct": 0,
      "total": 5
    },
    "correct": {
      "precision": 0.49230769230769234,
      "recall": 0.9142857142857143,
      "correct": 32,
      "total": 35
    },
    "incorrect": {
      "precision": 0.53125,
      "recall": 0.4857142857142857,
      "correct": 17,
      "total": 35
    },
    "partial": {
      "precision": 0.3333333333333333,
      "recall": 0.04,
      "correct": 1,
      "total": 25
    }
  }
}