{
  "overall_accuracy": 0.62,
  "normalized_mean_absolute_error": 0.15142857142857144,
  "total_correct": 62,
  "total": 100,
  "accuracy_by_label": {
    "almost": {
      "precision": 0.5714285714285714,
      "recall": 0.6666666666666666,
      "correct": 4,
      "total": 6
    },
    "correct": {
      "precision": 0.7333333333333333,
      "recall": 0.9428571428571428,
      "correct": 33,
      "total": 35
    },
    "incorrect": {
      "precision": 0.9,
      "recall": 0.2571428571428571,
      "correct": 9,
      "total": 35
    },
    "partial": {
      "precision": 0.42105263157894735,
      "recall": 0.6666666666666666,
      "correct": 16,
      "total": 24
    }
  }
}