{
  "overall_accuracy": 0.42,
  "normalized_mean_absolute_error": 0.3514285714285714,
  "total_correct": 42,
  "total": 100,
  "accuracy_by_label": {
    "almost": {
      "precision": 0.5,
      "recall": 0.2,
      "correct": 1,
      "total": 5
    },
    "correct": {
      "precision": 0.7692307692307693,
      "recall": 0.2857142857142857,
      "correct": 10,
      "total": 35
    },
    "incorrect": {
      "precision": 0.359375,
      "recall": 0.6571428571428571,
      "correct": 23,
      "total": 35
    },
    "partial": {
      "precision": 0.38095238095238093,
      "recall": 0.32,
      "correct": 8,
      "total": 25
    }
  }
}