{
  "overall_accuracy": 0.63,
  "normalized_mean_absolute_error": 0.22571428571428573,
  "total_correct": 63,
  "total": 100,
  "accuracy_by_label": {
    "almost": {
      "precision": 0.3333333333333333,
      "recall": 0.16666666666666666,
      "correct": 1,
      "total": 6
    },
    "correct": {
      "precision": 0.8,
      "recall": 0.8,
      "correct": 28,
      "total": 35
    },
    "incorrect": {
      "precision": 0.6842105263157895,
      "recall": 0.7428571428571429,
      "correct": 26,
      "total": 35
    },
    "partial": {
      "precision": 0.47058823529411764,
      "recall": 0.3333333333333333,
      "correct": 8,
      "total": 24
    }
  }
}