{
  "overall_accuracy": 0.43,
  "normalized_mean_absolute_error": 0.20142857142857143,
  "total_correct": 43,
  "total": 100,
  "accuracy_by_label": {
    "almost": {
      "precision": 0.10344827586206896,
      "recall": 0.5,
      "correct": 3,
      "total": 6
    },
    "correct": {
      "precision": 0.7727272727272727,
      "recall": 0.4857142857142857,
      "correct": 17,
      "total": 35
    },
    "incorrect": {
      "precision": 1.0,
      "recall": 0.2,
      "correct": 7,
      "total": 35
    },
    "partial": {
      "precision": 0.38095238095238093,
      "recall": 0.6666666666666666,
      "correct": 16,
      "total": 24
    }
  }
}