{
  "overall_accuracy": 0.53,
  "normalized_mean_absolute_error": 0.17285714285714285,
  "total_correct": 53,
  "total": 100,
  "accuracy_by_label": {
    "almost": {
      "precision": 0.0,
      "recall": 0.0,
      "correct": 0,
      "total": 5
    },
    "correct": {
      "precision": 0.7272727272727273,
      "recall": 0.9142857142857143,
      "correct": 32,
      "total": 35
    },
    "incorrect": {
      "precision": 0.4827586206896552,
      "recall": 0.4,
      "correct": 14,
      "total": 35
    },
    "partial": {
      "precision": 0.25925925925925924,
      "recall": 0.28,
      "correct": 7,
      "total": 25
    }
  }
}