{
  "overall_accuracy": 0.6,
  "normalized_mean_absolute_error": 0.2414285714285714,
  "total_correct": 60,
  "total": 100,
  "accuracy_by_label": {
    "almost": {
      "precision": 0.0,
      "recall": 0.0,
      "correct": 0,
      "total": 6
    },
    "correct": {
      "precision": 0.5666666666666667,
      "recall": 0.9714285714285714,
      "correct": 34,
      "total": 35
    },
    "incorrect": {
      "precision": 0.7692307692307693,
      "recall": 0.5714285714285714,
      "correct": 20,
      "total": 35
    },
    "partial": {
      "precision": 0.46153846153846156,
      "recall": 0.25,
      "correct": 6,
      "total": 24
    }
  }
}