{
  "overall_accuracy": 0.52,
  "normalized_mean_absolute_error": 0.15571428571428572,
  "total_correct": 52,
  "total": 100,
  "accuracy_by_label": {
    "almost": {
      "precision": 0.0,
      "recall": 0.0,
      "correct": 0,
      "total": 5
    },
    "correct": {
      "precision": 0.7777777777777778,
      "recall": 0.8,
      "correct": 28,
      "total": 35
    },
    "incorrect": {
      "precision": 0.5217391304347826,
      "recall": 0.34285714285714286,
      "correct": 12,
      "total": 35
    },
    "partial": {
      "precision": 0.34285714285714286,
      "recall": 0.48,
      "correct": 12,
      "total": 25
    }
  }
}