{
  "overall_accuracy": 0.43,
  "normalized_mean_absolute_error": 0.3685714285714286,
  "total_correct": 43,
  "total": 100,
  "accuracy_by_label": {
    "almost": {
      "precision": 0.0,
      "recall": 0.0,
      "correct": 0,
      "total": 5
    },
    "correct": {
      "precision": 0.7741935483870968,
      "recall": 0.6857142857142857,
      "correct": 24,
      "total": 35
    },
    "incorrect": {
      "precision": 0.5217391304347826,
      "recall": 0.34285714285714286,
      "correct": 12,
      "total": 35
    },
    "partial": {
      "precision": 0.3888888888888889,
      "recall": 0.28,
      "correct": 7,
      "total": 25
    }
  }
}