{
  "overall_accuracy": 0.57,
  "normalized_mean_absolute_error": 0.14857142857142858,
  "total_correct": 57,
  "total": 100,
  "accuracy_by_label": {
    "almost": {
      "precision": 0.0,
      "recall": 0.0,
      "correct": 0,
      "total": 5
    },
    "correct": {
      "precision": 0.7619047619047619,
      "recall": 0.9142857142857143,
      "correct": 32,
      "total": 35
    },
    "incorrect": {
      "precision": 0.6428571428571429,
      "recall": 0.2571428571428571,
      "correct": 9,
      "total": 35
    },
    "partial": {
      "precision": 0.4,
      "recall": 0.64,
      "correct": 16,
      "total": 25
    }
  }
}