{
  "overall_accuracy": 0.41,
  "normalized_mean_absolute_error": 0.3814285714285714,
  "total_correct": 41,
  "total": 100,
  "accuracy_by_label": {
    "almost": {
      "precision": 0.0,
      "recall": 0.0,
      "correct": 0,
      "total": 5
    },
    "correct": {
      "precision": 0.6829268292682927,
      "recall": 0.8,
      "correct": 28,
      "total": 35
    },
    "incorrect": {
      "precision": 0.4166666666666667,
      "recall": 0.2857142857142857,
      "correct": 10,
      "total": 35
    },
    "partial": {
      "precision": 0.2727272727272727,
      "recall": 0.12,
      "correct": 3,
      "total": 25
    }
  }
}