{
  "overall_accuracy": 0.5,
  "normalized_mean_absolute_error": 0.18285714285714286,
  "total_correct": 50,
  "total": 100,
  "accuracy_by_label": {
    "almost": {
      "precision": 0.0,
      "recall": 0.0,
      "correct": 0,
      "total": 5
    },
    "correct": {
      "precision": 0.7317073170731707,
      "recall": 0.8571428571428571,
      "correct": 30,
      "total": 35
    },
    "incorrect": {
      "precision": 0.46153846153846156,
      "recall": 0.34285714285714286,
      "correct": 12,
      "total": 35
    },
    "partial": {
      "precision": 0.24242424242424243,
      "recall": 0.32,
      "correct": 8,
      "total": 25
    }
  }
}