{
  "overall_accuracy": 0.52,
  "normalized_mean_absolute_error": 0.19857142857142857,
  "total_correct": 52,
  "total": 100,
  "accuracy_by_label": {
    "almost": {
      "precision": 0.17391304347826086,
      "recall": 0.6666666666666666,
      "correct": 4,
      "total": 6
    },
    "correct": {
      "precision": 0.6774193548387096,
      "recall": 0.6,
      "correct": 21,
      "total": 35
    },
    "incorrect": {
      "precision": 0.9411764705882353,
      "recall": 0.45714285714285713,
      "correct": 16,
      "total": 35
    },
    "partial": {
      "precision": 0.3793103448275862,
      "recall": 0.4583333333333333,
      "correct": 11,
      "total": 24
    }
  }
}