{
  "overall_accuracy": 0.37,
  "normalized_mean_absolute_error": 0.5042857142857142,
  "total_correct": 37,
  "total": 100,
  "accuracy_by_label": {
    "almost": {
      "precision": 0.0,
      "recall": 0.0,
      "correct": 0,
      "total": 6
    },
    "correct": {
      "precision": 0.7045454545454546,
      "recall": 0.8857142857142857,
      "correct": 31,
      "total": 35
    },
    "incorrect": {
      "precision": 1.0,
      "recall": 0.08571428571428572,
      "correct": 3,
      "total": 35
    },
    "partial": {
      "precision": 0.23076923076923078,
      "recall": 0.125,
      "correct": 3,
      "total": 24
    }
  }
}