{
  "overall_accuracy": 0.27,
  "normalized_mean_absolute_error": 0.22285714285714286,
  "total_correct": 27,
  "total": 100,
  "accuracy_by_label": {
    "almost": {
      "precision": 0.08928571428571429,
      "recall": 0.8333333333333334,
      "correct": 5,
      "total": 6
    },
    "correct": {
      "precision": 0.0,
      "recall": 0.0,
      "correct": 0,
      "total": 35
    },
    "incorrect": {
      "precision": 1.0,
      "recall": 0.2571428571428571,
      "correct": 9,
      "total": 35
    },
    "partial": {
      "precision": 0.37142857142857144,
      "recall": 0.5416666666666666,
      "correct": 13,
      "total": 24
    }
  }
}