{
  "overall_accuracy": 0.56,
  "normalized_mean_absolute_error": 0.21714285714285714,
  "total_correct": 56,
  "total": 100,
  "accuracy_by_label": {
    "almost": {
      "precision": 0.0,
      "recall": 0.0,
      "correct": 0,
      "total": 5
    },
    "correct": {
      "precision": 0.6521739130434783,
      "recall": 0.8571428571428571,
      "correct": 30,
      "total": 35
    },
    "incorrect": {
      "precision": 0.5555555555555556,
      "recall": 0.5714285714285714,
      "correct": 20,
      "total": 35
    },
    "partial": {
      "precision": 0.375,
      "recall": 0.24,
      "correct": 6,
      "total": 25
    }
  }
}