{
  "overall_accuracy": 0.6,
  "normalized_mean_absolute_error": 0.13285714285714287,
  "total_correct": 60,
  "total": 100,
  "accuracy_by_label": {
    "almost": {
      "precision": 0.0,
      "recall": 0.0,
      "correct": 0,
      "total": 5
    },
    "correct": {
      "precision": 0.7619047619047619,
      "recall": 0.9142857142857143,
      "correct": 32,
      "total": 35
    },
    "incorrect": {
      "precision": 0.6470588235294118,
      "recall": 0.3142857142857143,
      "correct": 11,
      "total": 35
    },
    "partial": {
      "precision": 0.4146341463414634,
      "recall": 0.68,
      "correct": 17,
      "total": 25
    }
  }
}