{
  "overall_accuracy": 0.6,
  "normalized_mean_absolute_error": 0.16714285714285712,
  "total_correct": 60,
  "total": 100,
  "accuracy_by_label": {
    "almost": {
      "precision": 0.3333333333333333,
      "recall": 0.3333333333333333,
      "correct": 2,
      "total": 6
    },
    "correct": {
      "precision": 0.725,
      "recall": 0.8285714285714286,
      "correct": 29,
      "total": 35
    },
    "incorrect": {
      "precision": 0.8125,
      "recall": 0.37142857142857144,
      "correct": 13,
      "total": 35
    },
    "partial": {
      "precision": 0.42105263157894735,
      "recall": 0.6666666666666666,
      "correct": 16,
      "total": 24
    }
  }
}