{
  "overall_accuracy": 0.62,
  "normalized_mean_absolute_error": 0.13142857142857142,
  "total_correct": 62,
  "total": 100,
  "accuracy_by_label": {
    "almost": {
      "precision": 0.0,
      "recall": 0.0,
      "correct": 0,
      "total": 5
    },
    "correct": {
      "precision": 0.7619047619047619,
      "recall": 0.9142857142857143,
      "correct": 32,
      "total": 35
    },
    "incorrect": {
      "precision": 0.6071428571428571,
      "recall": 0.4857142857142857,
      "correct": 17,
      "total": 35
    },
    "partial": {
      "precision": 0.43333333333333335,
      "recall": 0.52,
      "correct": 13,
      "total": 25
    }
  }
}