{
  "overall_accuracy": 0.57,
  "normalized_mean_absolute_error": 0.20428571428571426,
  "total_correct": 57,
  "total": 100,
  "accuracy_by_label": {
    "almost": {
      "precision": 0.0,
      "recall": 0.0,
      "correct": 0,
      "total": 5
    },
    "correct": {
      "precision": 0.64,
      "recall": 0.9142857142857143,
      "correct": 32,
      "total": 35
    },
    "incorrect": {
      "precision": 0.5405405405405406,
      "recall": 0.5714285714285714,
      "correct": 20,
      "total": 35
    },
    "partial": {
      "precision": 0.38461538461538464,
      "recall": 0.2,
      "correct": 5,
      "total": 25
    }
  }
}