{
  "overall_accuracy": 0.65,
  "normalized_mean_absolute_error": 0.13428571428571429,
  "total_correct": 65,
  "total": 100,
  "accuracy_by_label": {
    "almost": {
      "precision": 0.1,
      "recall": 0.2,
      "correct": 1,
      "total": 5
    },
    "correct": {
      "precision": 0.8529411764705882,
      "recall": 0.8285714285714286,
      "correct": 29,
      "total": 35
    },
    "incorrect": {
      "precision": 0.6578947368421053,
      "recall": 0.7142857142857143,
      "correct": 25,
      "total": 35
    },
    "partial": {
      "precision": 0.5555555555555556,
      "recall": 0.4,
      "correct": 10,
      "total": 25
    }
  }
}