{
  "overall_accuracy": 0.61,
  "normalized_mean_absolute_error": 0.26999999999999996,
  "total_correct": 61,
  "total": 100,
  "accuracy_by_label": {
    "almost": {
      "precision": 0.0,
      "recall": 0.0,
      "correct": 0,
      "total": 6
    },
    "correct": {
      "precision": 0.66,
      "recall": 0.9428571428571428,
      "correct": 33,
      "total": 35
    },
    "incorrect": {
      "precision": 0.7941176470588235,
      "recall": 0.7714285714285715,
      "correct": 27,
      "total": 35
    },
    "partial": {
      "precision": 1.0,
      "recall": 0.041666666666666664,
      "correct": 1,
      "total": 24
    }
  }
}