{
  "overall_accuracy": 0.44,
  "normalized_mean_absolute_error": 0.4842857142857143,
  "total_correct": 44,
  "total": 100,
  "accuracy_by_label": {
    "almost": {
      "precision": 0.0,
      "recall": 0.0,
      "correct": 0,
      "total": 6
    },
    "correct": {
      "precision": 0.7692307692307693,
      "recall": 0.8571428571428571,
      "correct": 30,
      "total": 35
    },
    "incorrect": {
      "precision": 1.0,
      "recall": 0.2,
      "correct": 7,
      "total": 35
    },
    "partial": {
      "precision": 0.5384615384615384,
      "recall": 0.2916666666666667,
      "correct": 7,
      "total": 24
    }
  }
}