{
  "overall_accuracy": 0.48,
  "normalized_mean_absolute_error": 0.18857142857142858,
  "total_correct": 48,
  "total": 100,
  "accuracy_by_label": {
    "almost": {
      "precision": 1.0,
      "recall": 0.2,
      "correct": 1,
      "total": 5
    },
    "correct": {
      "precision": 0.7045454545454546,
      "recall": 0.8857142857142857,
      "correct": 31,
      "total": 35
    },
    "incorrect": {
      "precision": 0.38095238095238093,
      "recall": 0.22857142857142856,
      "correct": 8,
      "total": 35
    },
    "partial": {
      "precision": 0.23529411764705882,
      "recall": 0.32,
      "correct": 8,
      "total": 25
    }
  }
}