{
  "overall_accuracy": 0.25,
  "normalized_mean_absolute_error": 0.55,
  "total_correct": 25,
  "total": 100,
  "accuracy_by_label": {
    "almost": {
      "precision": 0.07142857142857142,
      "recall": 0.2,
      "correct": 1,
      "total": 5
    },
    "correct": {
      "precision": 0.6666666666666666,
      "recall": 0.2857142857142857,
      "correct": 10,
      "total": 35
    },
    "incorrect": {
      "precision": 0.38461538461538464,
      "recall": 0.14285714285714285,
      "correct": 5,
      "total": 35
    },
    "partial": {
      "precision": 0.32142857142857145,
      "recall": 0.36,
      "correct": 9,
      "total": 25
    }
  }
}