{
  "overall_accuracy": 0.64,
  "normalized_mean_absolute_error": 0.21428571428571427,
  "total_correct": 64,
  "total": 100,
  "accuracy_by_label": {
    "almost": {
      "precision": 0.0,
      "recall": 0.0,
      "correct": 0,
      "total": 6
    },
    "correct": {
      "precision": 0.5862068965517241,
      "recall": 0.9714285714285714,
      "correct": 34,
      "total": 35
    },
    "incorrect": {
      "precision": 0.7777777777777778,
      "recall": 0.8,
      "correct": 28,
      "total": 35
    },
    "partial": {
      "precision": 0.6666666666666666,
      "recall": 0.08333333333333333,
      "correct": 2,
      "total": 24
    }
  }
}