{
  "overall_accuracy": 0.54,
  "normalized_mean_absolute_error": 0.18571428571428572,
  "total_correct": 54,
  "total": 100,
  "accuracy_by_label": {
    "almost": {
      "precision": 0.16666666666666666,
      "recall": 0.2,
      "correct": 1,
      "total": 5
    },
    "correct": {
      "precision": 0.7380952380952381,
      "recall": 0.8857142857142857,
      "correct": 31,
      "total": 35
    },
    "incorrect": {
      "precision": 0.5,
      "recall": 0.34285714285714286,
      "correct": 12,
      "total": 35
    },
    "partial": {
      "precision": 0.35714285714285715,
      "recall": 0.4,
      "correct": 10,
      "total": 25
    }
  }
}