{
  "overall_accuracy": 0.47,
  "normalized_mean_absolute_error": 0.1742857142857143,
  "total_correct": 47,
  "total": 100,
  "accuracy_by_label": {
    "almost": {
      "precision": 0.13636363636363635,
      "recall": 0.5,
      "correct": 3,
      "total": 6
    },
    "correct": {
      "precision": 0.8636363636363636,
      "recall": 0.5428571428571428,
      "correct": 19,
      "total": 35
    },
    "incorrect": {
      "precision": 1.0,
      "recall": 0.2,
      "correct": 7,
      "total": 35
    },
    "partial": {
      "precision": 0.3673469387755102,
      "recall": 0.75,
      "correct": 18,
      "total": 24
    }
  }
}