{
  "overall_accuracy": 0.45,
  "normalized_mean_absolute_error": 0.4414285714285714,
  "total_correct": 45,
  "total": 100,
  "accuracy_by_label": {
    "almost": {
      "precision": 0.0,
      "recall": 0.0,
      "correct": 0,
      "total": 6
    },
    "correct": {
      "precision": 0.8,
      "recall": 0.9142857142857143,
      "correct": 32,
      "total": 35
    },
    "incorrect": {
      "precision": 1.0,
      "recall": 0.2571428571428571,
      "correct": 9,
      "total": 35
    },
    "partial": {
      "precision": 0.23529411764705882,
      "recall": 0.16666666666666666,
      "correct": 4,
      "total": 24
    }
  }
}