{
  "overall_accuracy": 0.55,
  "normalized_mean_absolute_error": 0.16285714285714284,
  "total_correct": 55,
  "total": 100,
  "accuracy_by_label": {
    "almost": {
      "precision": 0.0,
      "recall": 0.0,
      "correct": 0,
      "total": 5
    },
    "correct": {
      "precision": 0.7692307692307693,
      "recall": 0.8571428571428571,
      "correct": 30,
      "total": 35
    },
    "incorrect": {
      "precision": 0.5,
      "recall": 0.5142857142857142,
      "correct": 18,
      "total": 35
    },
    "partial": {
      "precision": 0.30434782608695654,
      "recall": 0.28,
      "correct": 7,
      "total": 25
    }
  }
}