{
  "overall_accuracy": 0.56,
  "normalized_mean_absolute_error": 0.2542857142857143,
  "total_correct": 56,
  "total": 100,
  "accuracy_by_label": {
    "almost": {
      "precision": 0.0,
      "recall": 0.0,
      "correct": 0,
      "total": 5
    },
    "correct": {
      "precision": 0.5660377358490566,
      "recall": 0.8571428571428571,
      "correct": 30,
      "total": 35
    },
    "incorrect": {
      "precision": 0.631578947368421,
      "recall": 0.6857142857142857,
      "correct": 24,
      "total": 35
    },
    "partial": {
      "precision": 0.2857142857142857,
      "recall": 0.08,
      "correct": 2,
      "total": 25
    }
  }
}