{
  "overall_accuracy": 0.64,
  "normalized_mean_absolute_error": 0.13428571428571429,
  "total_correct": 64,
  "total": 100,
  "accuracy_by_label": {
    "almost": {
      "precision": 0.5,
      "recall": 0.4,
      "correct": 2,
      "total": 5
    },
    "correct": {
      "precision": 0.8108108108108109,
      "recall": 0.8571428571428571,
      "correct": 30,
      "total": 35
    },
    "incorrect": {
      "precision": 0.6,
      "recall": 0.6857142857142857,
      "correct": 24,
      "total": 35
    },
    "partial": {
      "precision": 0.42105263157894735,
      "recall": 0.32,
      "correct": 8,
      "total": 25
    }
  }
}