{
  "overall_accuracy": 0.33,
  "normalized_mean_absolute_error": 0.3871428571428571,
  "total_correct": 33,
  "total": 100,
  "accuracy_by_label": {
    "almost": {
      "precision": 0.06521739130434782,
      "recall": 0.5,
      "correct": 3,
      "total": 6
    },
    "correct": {
      "precision": 0.7567567567567568,
      "recall": 0.8,
      "correct": 28,
      "total": 35
    },
    "incorrect": {
      "precision": 0.0,
      "recall": 0.0,
      "correct": 0,
      "total": 35
    },
    "partial": {
      "precision": 0.11764705882352941,
      "recall": 0.08333333333333333,
      "correct": 2,
      "total": 24
    }
  }
}