{
  "overall_accuracy": 0.07,
  "normalized_mean_absolute_error": 0.7671428571428571,
  "total_correct": 7,
  "total": 100,
  "accuracy_by_label": {
    "almost": {
      "precision": 0.10526315789473684,
      "recall": 0.3333333333333333,
      "correct": 2,
      "total": 6
    },
    "correct": {
      "precision": 0.0,
      "recall": 0.0,
      "correct": 0,
      "total": 35
    },
    "incorrect": {
      "precision": 0.0,
      "recall": 0.0,
      "correct": 0,
      "total": 35
    },
    "partial": {
      "precision": 0.20833333333333334,
      "recall": 0.20833333333333334,
      "correct": 5,
      "total": 24
    }
  }
}