{
  "overall_accuracy": 0.34,
  "normalized_mean_absolute_error": 0.5228571428571429,
  "total_correct": 34,
  "total": 100,
  "accuracy_by_label": {
    "almost": {
      "precision": 0.09090909090909091,
      "recall": 0.16666666666666666,
      "correct": 1,
      "total": 6
    },
    "correct": {
      "precision": 0.7241379310344828,
      "recall": 0.6,
      "correct": 21,
      "total": 35
    },
    "incorrect": {
      "precision": 0.8,
      "recall": 0.22857142857142856,
      "correct": 8,
      "total": 35
    },
    "partial": {
      "precision": 0.36363636363636365,
      "recall": 0.16666666666666666,
      "correct": 4,
      "total": 24
    }
  }
}