{
  "overall_accuracy": 0.62,
  "normalized_mean_absolute_error": 0.16999999999999998,
  "total_correct": 62,
  "total": 100,
  "accuracy_by_label": {
    "almost": {
      "precision": 0.0,
      "recall": 0.0,
      "correct": 0,
      "total": 6
    },
    "correct": {
      "precision": 0.6666666666666666,
      "recall": 0.9714285714285714,
      "correct": 34,
      "total": 35
    },
    "incorrect": {
      "precision": 0.6944444444444444,
      "recall": 0.7142857142857143,
      "correct": 25,
      "total": 35
    },
    "partial": {
      "precision": 0.23076923076923078,
      "recall": 0.125,
      "correct": 3,
      "total": 24
    }
  }
}