{
  "overall_accuracy": 0.59,
  "normalized_mean_absolute_error": 0.20142857142857143,
  "total_correct": 59,
  "total": 100,
  "accuracy_by_label": {
    "almost": {
      "precision": 0.0,
      "recall": 0.0,
      "correct": 0,
      "total": 6
    },
    "correct": {
      "precision": 0.7045454545454546,
      "recall": 0.8857142857142857,
      "correct": 31,
      "total": 35
    },
    "incorrect": {
      "precision": 0.8235294117647058,
      "recall": 0.4,
      "correct": 14,
      "total": 35
    },
    "partial": {
      "precision": 0.3684210526315789,
      "recall": 0.5833333333333334,
      "correct": 14,
      "total": 24
    }
  }
}