{
  "overall_accuracy": 0.53,
  "normalized_mean_absolute_error": 0.18142857142857144,
  "total_correct": 53,
  "total": 100,
  "accuracy_by_label": {
    "almost": {
      "precision": 0.0,
      "recall": 0.0,
      "correct": 0,
      "total": 5
    },
    "correct": {
      "precision": 0.7692307692307693,
      "recall": 0.8571428571428571,
      "correct": 30,
      "total": 35
    },
    "incorrect": {
      "precision": 0.5454545454545454,
      "recall": 0.17142857142857143,
      "correct": 6,
      "total": 35
    },
    "partial": {
      "precision": 0.3695652173913043,
      "recall": 0.68,
      "correct": 17,
      "total": 25
    }
  }
}