{
  "overall_accuracy": 0.52,
  "normalized_mean_absolute_error": 0.25142857142857145,
  "total_correct": 52,
  "total": 100,
  "accuracy_by_label": {
    "almost": {
      "precision": 0.0,
      "recall": 0.0,
      "correct": 0,
      "total": 5
    },
    "correct": {
      "precision": 0.6037735849056604,
      "recall": 0.9142857142857143,
      "correct": 32,
      "total": 35
    },
    "incorrect": {
      "precision": 0.5454545454545454,
      "recall": 0.5142857142857142,
      "correct": 18,
      "total": 35
    },
    "partial": {
      "precision": 0.2222222222222222,
      "recall": 0.08,
      "correct": 2,
      "total": 25
    }
  }
}