{
  "overall_accuracy": 0.57,
  "normalized_mean_absolute_error": 0.22285714285714286,
  "total_correct": 57,
  "total": 100,
  "accuracy_by_label": {
    "almost": {
      "precision": 0.0,
      "recall": 0.0,
      "correct": 0,
      "total": 5
    },
    "correct": {
      "precision": 0.7142857142857143,
      "recall": 0.8571428571428571,
      "correct": 30,
      "total": 35
    },
    "incorrect": {
      "precision": 0.625,
      "recall": 0.5714285714285714,
      "correct": 20,
      "total": 35
    },
    "partial": {
      "precision": 0.4117647058823529,
      "recall": 0.28,
      "correct": 7,
      "total": 25
    }
  }
}