{
  "overall_accuracy": 0.31,
  "normalized_mean_absolute_error": 0.35714285714285715,
  "total_correct": 31,
  "total": 100,
  "accuracy_by_label": {
    "almost": {
      "precision": 0.07692307692307693,
      "recall": 0.16666666666666666,
      "correct": 1,
      "total": 6
    },
    "correct": {
      "precision": 0.5,
      "recall": 0.02857142857142857,
      "correct": 1,
      "total": 35
    },
    "incorrect": {
      "precision": 1.0,
      "recall": 0.2857142857142857,
      "correct": 10,
      "total": 35
    },
    "partial": {
      "precision": 0.25333333333333335,
      "recall": 0.7916666666666666,
      "correct": 19,
      "total": 24
    }
  }
}