{
  "overall_accuracy": 0.57,
  "normalized_mean_absolute_error": 0.2057142857142857,
  "total_correct": 57,
  "total": 100,
  "accuracy_by_label": {
    "almost": {
      "precision": 0.0,
      "recall": 0.0,
      "correct": 0,
      "total": 5
    },
    "correct": {
      "precision": 0.673469387755102,
      "recall": 0.9428571428571428,
      "correct": 33,
      "total": 35
    },
    "incorrect": {
      "precision": 0.5555555555555556,
      "recall": 0.5714285714285714,
      "correct": 20,
      "total": 35
    },
    "partial": {
      "precision": 0.36363636363636365,
      "recall": 0.16,
      "correct": 4,
      "total": 25
    }
  }
}