{
  "overall_accuracy": 0.48,
  "normalized_mean_absolute_error": 0.17714285714285713,
  "total_correct": 48,
  "total": 100,
  "accuracy_by_label": {
    "almost": {
      "precision": 0.0,
      "recall": 0.0,
      "correct": 0,
      "total": 5
    },
    "correct": {
      "precision": 0.6666666666666666,
      "recall": 0.9142857142857143,
      "correct": 32,
      "total": 35
    },
    "incorrect": {
      "precision": 0.38095238095238093,
      "recall": 0.22857142857142856,
      "correct": 8,
      "total": 35
    },
    "partial": {
      "precision": 0.26666666666666666,
      "recall": 0.32,
      "correct": 8,
      "total": 25
    }
  }
}