{
  "overall_accuracy": 0.56,
  "normalized_mean_absolute_error": 0.2571428571428572,
  "total_correct": 56,
  "total": 100,
  "accuracy_by_label": {
    "almost": {
      "precision": 0.125,
      "recall": 0.16666666666666666,
      "correct": 1,
      "total": 6
    },
    "correct": {
      "precision": 0.6382978723404256,
      "recall": 0.8571428571428571,
      "correct": 30,
      "total": 35
    },
    "incorrect": {
      "precision": 0.782608695652174,
      "recall": 0.5142857142857142,
      "correct": 18,
      "total": 35
    },
    "partial": {
      "precision": 0.4117647058823529,
      "recall": 0.2916666666666667,
      "correct": 7,
      "total": 24
    }
  }
}