{
  "overall_accuracy": 0.66,
  "normalized_mean_absolute_error": 0.16857142857142857,
  "total_correct": 66,
  "total": 100,
  "accuracy_by_label": {
    "almost": {
      "precision": 0.0,
      "recall": 0.0,
      "correct": 0,
      "total": 6
    },
    "correct": {
      "precision": 0.6595744680851063,
      "recall": 0.8857142857142857,
      "correct": 31,
      "total": 35
    },
    "incorrect": {
      "precision": 0.6976744186046512,
      "recall": 0.8571428571428571,
      "correct": 30,
      "total": 35
    },
    "partial": {
      "precision": 0.5,
      "recall": 0.20833333333333334,
      "correct": 5,
      "total": 24
    }
  }
}