{
  "overall_accuracy": 0.58,
  "normalized_mean_absolute_error": 0.15857142857142859,
  "total_correct": 58,
  "total": 100,
  "accuracy_by_label": {
    "almost": {
      "precision": 0.1111111111111111,
      "recall": 0.16666666666666666,
      "correct": 1,
      "total": 6
    },
    "correct": {
      "precision": 0.8484848484848485,
      "recall": 0.8,
      "correct": 28,
      "total": 35
    },
    "incorrect": {
      "precision": 0.9230769230769231,
      "recall": 0.34285714285714286,
      "correct": 12,
      "total": 35
    },
    "partial": {
      "precision": 0.37777777777777777,
      "recall": 0.7083333333333334,
      "correct": 17,
      "total": 24
    }
  }
}