{
  "overall_accuracy": 0.66,
  "normalized_mean_absolute_error": 0.15142857142857144,
  "total_correct": 66,
  "total": 100,
  "accuracy_by_label": {
    "almost": {
      "precision": 0.0,
      "recall": 0.0,
      "correct": 0,
      "total": 6
    },
    "correct": {
      "precision": 0.6666666666666666,
      "recall": 0.9714285714285714,
      "correct": 34,
      "total": 35
    },
    "incorrect": {
      "precision": 0.7428571428571429,
      "recall": 0.7428571428571429,
      "correct": 26,
      "total": 35
    },
    "partial": {
      "precision": 0.42857142857142855,
      "recall": 0.25,
      "correct": 6,
      "total": 24
    }
  }
}