{
  "overall_accuracy": 0.08,
  "normalized_mean_absolute_error": 0.4642857142857143,
  "total_correct": 8,
  "total": 100,
  "accuracy_by_label": {
    "almost": {
      "precision": 0.054945054945054944,
      "recall": 0.8333333333333334,
      "correct": 5,
      "total": 6
    },
    "correct": {
      "precision": 0.0,
      "recall": 0.0,
      "correct": 0,
      "total": 35
    },
    "incorrect": {
      "precision": 0.6666666666666666,
      "recall": 0.05714285714285714,
      "correct": 2,
      "total": 35
    },
    "partial": {
      "precision": 0.2,
      "recall": 0.041666666666666664,
      "correct": 1,
      "total": 24
    }
  }
}