{
  "overall_accuracy": 0.56,
  "normalized_mean_absolute_error": 0.1742857142857143,
  "total_correct": 56,
  "total": 100,
  "accuracy_by_label": {
    "almost": {
      "precision": 0.17647058823529413,
      "recall": 0.5,
      "correct": 3,
      "total": 6
    },
    "correct": {
      "precision": 0.7058823529411765,
      "recall": 0.6857142857142857,
      "correct": 24,
      "total": 35
    },
    "incorrect": {
      "precision": 0.85,
      "recall": 0.4857142857142857,
      "correct": 17,
      "total": 35
    },
    "partial": {
      "precision": 0.41379310344827586,
      "recall": 0.5,
      "correct": 12,
      "total": 24
    }
  }
}