{
  "overall_accuracy": 0.49,
  "normalized_mean_absolute_error": 0.18714285714285714,
  "total_correct": 49,
  "total": 100,
  "accuracy_by_label": {
    "almost": {
      "precision": 0.0,
      "recall": 0.0,
      "correct": 0,
      "total": 5
    },
    "correct": {
      "precision": 0.7111111111111111,
      "recall": 0.9142857142857143,
      "correct": 32,
      "total": 35
    },
    "incorrect": {
      "precision": 0.4074074074074074,
      "recall": 0.3142857142857143,
      "correct": 11,
      "total": 35
    },
    "partial": {
      "precision": 0.21428571428571427,
      "recall": 0.24,
      "correct": 6,
      "total": 25
    }
  }
}