{
  "overall_accuracy": 0.6,
  "normalized_mean_absolute_error": 0.16714285714285712,
  "total_correct": 60,
  "total": 100,
  "accuracy_by_label": {
    "almost": {
      "precision": 1.0,
      "recall": 0.2,
      "correct": 1,
      "total": 5
    },
    "correct": {
      "precision": 0.7560975609756098,
      "recall": 0.8857142857142857,
      "correct": 31,
      "total": 35
    },
    "incorrect": {
      "precision": 0.5925925925925926,
      "recall": 0.45714285714285713,
      "correct": 16,
      "total": 35
    },
    "partial": {
      "precision": 0.42857142857142855,
      "recall": 0.48,
      "correct": 12,
      "total": 25
    }
  }
}