{
  "overall_accuracy": 0.51,
  "normalized_mean_absolute_error": 0.24285714285714285,
  "total_correct": 51,
  "total": 100,
  "accuracy_by_label": {
    "almost": {
      "precision": 0.0,
      "recall": 0.0,
      "correct": 0,
      "total": 5
    },
    "correct": {
      "precision": 0.5833333333333334,
      "recall": 0.8,
      "correct": 28,
      "total": 35
    },
    "incorrect": {
      "precision": 0.5263157894736842,
      "recall": 0.5714285714285714,
      "correct": 20,
      "total": 35
    },
    "partial": {
      "precision": 0.21428571428571427,
      "recall": 0.12,
      "correct": 3,
      "total": 25
    }
  }
}