{
  "overall_accuracy": 0.55,
  "normalized_mean_absolute_error": 0.2957142857142857,
  "total_correct": 55,
  "total": 100,
  "accuracy_by_label": {
    "almost": {
      "precision": 0.0,
      "recall": 0.0,
      "correct": 0,
      "total": 5
    },
    "correct": {
      "precision": 0.7272727272727273,
      "recall": 0.9142857142857143,
      "correct": 32,
      "total": 35
    },
    "incorrect": {
      "precision": 0.6052631578947368,
      "recall": 0.6571428571428571,
      "correct": 23,
      "total": 35
    },
    "partial": {
      "precision": 0.0,
      "recall": 0.0,
      "correct": 0,
      "total": 25
    }
  }
}