{
  "overall_accuracy": 0.33,
  "normalized_mean_absolute_error": 0.24714285714285714,
  "total_correct": 33,
  "total": 100,
  "accuracy_by_label": {
    "almost": {
      "precision": 0.043478260869565216,
      "recall": 0.2,
      "correct": 1,
      "total": 5
    },
    "correct": {
      "precision": 1.0,
      "recall": 0.08571428571428572,
      "correct": 3,
      "total": 35
    },
    "incorrect": {
      "precision": 0.9,
      "recall": 0.2571428571428571,
      "correct": 9,
      "total": 35
    },
    "partial": {
      "precision": 0.3389830508474576,
      "recall": 0.8,
      "correct": 20,
      "total": 25
    }
  }
}