{
  "overall_accuracy": 0.42,
  "normalized_mean_absolute_error": 0.37857142857142856,
  "total_correct": 42,
  "total": 100,
  "accuracy_by_label": {
    "almost": {
      "precision": 0.05263157894736842,
      "recall": 0.16666666666666666,
      "correct": 1,
      "total": 6
    },
    "correct": {
      "precision": 0.7407407407407407,
      "recall": 0.5714285714285714,
      "correct": 20,
      "total": 35
    },
    "incorrect": {
      "precision": 0.8235294117647058,
      "recall": 0.4,
      "correct": 14,
      "total": 35
    },
    "partial": {
      "precision": 0.3888888888888889,
      "recall": 0.2916666666666667,
      "correct": 7,
      "total": 24
    }
  }
}