{
  "overall_accuracy": 0.35,
  "normalized_mean_absolute_error": 0.51,
  "total_correct": 35,
  "total": 100,
  "accuracy_by_label": {
    "almost": {
      "precision": 0.1,
      "recall": 0.16666666666666666,
      "correct": 1,
      "total": 6
    },
    "correct": {
      "precision": 0.6842105263157895,
      "recall": 0.7428571428571429,
      "correct": 26,
      "total": 35
    },
    "incorrect": {
      "precision": 0.6666666666666666,
      "recall": 0.11428571428571428,
      "correct": 4,
      "total": 35
    },
    "partial": {
      "precision": 0.3333333333333333,
      "recall": 0.16666666666666666,
      "correct": 4,
      "total": 24
    }
  }
}