{
  "overall_accuracy": 0.37,
  "normalized_mean_absolute_error": 0.3271428571428571,
  "total_correct": 37,
  "total": 100,
  "accuracy_by_label": {
    "almost": {
      "precision": 0.14285714285714285,
      "recall": 0.2,
      "correct": 1,
      "total": 5
    },
    "correct": {
      "precision": 0.6923076923076923,
      "recall": 0.2571428571428571,
      "correct": 9,
      "total": 35
    },
    "incorrect": {
      "precision": 0.4375,
      "recall": 0.4,
      "correct": 14,
      "total": 35
    },
    "partial": {
      "precision": 0.2708333333333333,
      "recall": 0.52,
      "correct": 13,
      "total": 25
    }
  }
}