{
  "overall_accuracy": 0.22,
  "normalized_mean_absolute_error": 0.5528571428571428,
  "total_correct": 22,
  "total": 100,
  "accuracy_by_label": {
    "almost": {
      "precision": 0.15789473684210525,
      "recall": 0.6,
      "correct": 3,
      "total": 5
    },
    "correct": {
      "precision": 0.75,
      "recall": 0.2571428571428571,
      "correct": 9,
      "total": 35
    },
    "incorrect": {
      "precision": 0.2222222222222222,
      "recall": 0.05714285714285714,
      "correct": 2,
      "total": 35
    },
    "partial": {
      "precision": 0.2962962962962963,
      "recall": 0.32,
      "correct": 8,
      "total": 25
    }
  }
}