{
  "overall_accuracy": 0.47,
  "normalized_mean_absolute_error": 0.27999999999999997,
  "total_correct": 47,
  "total": 100,
  "accuracy_by_label": {
    "almost": {
      "precision": 0.06666666666666667,
      "recall": 0.16666666666666666,
      "correct": 1,
      "total": 6
    },
    "correct": {
      "precision": 0.75,
      "recall": 0.42857142857142855,
      "correct": 15,
      "total": 35
    },
    "incorrect": {
      "precision": 0.7105263157894737,
      "recall": 0.7714285714285715,
      "correct": 27,
      "total": 35
    },
    "partial": {
      "precision": 0.16,
      "recall": 0.16666666666666666,
      "correct": 4,
      "total": 24
    }
  }
}