{
  "overall_accuracy": 0.63,
  "normalized_mean_absolute_error": 0.13142857142857142,
  "total_correct": 63,
  "total": 100,
  "accuracy_by_label": {
    "almost": {
      "precision": 0.0,
      "recall": 0.0,
      "correct": 0,
      "total": 5
    },
    "correct": {
      "precision": 0.7272727272727273,
      "recall": 0.9142857142857143,
      "correct": 32,
      "total": 35
    },
    "incorrect": {
      "precision": 0.6333333333333333,
      "recall": 0.5428571428571428,
      "correct": 19,
      "total": 35
    },
    "partial": {
      "precision": 0.46153846153846156,
      "recall": 0.48,
      "correct": 12,
      "total": 25
    }
  }
}