{
  "overall_accuracy": 0.46,
  "normalized_mean_absolute_error": 0.30142857142857143,
  "total_correct": 46,
  "total": 100,
  "accuracy_by_label": {
    "almost": {
      "precision": 0.0,
      "recall": 0.0,
      "correct": 0,
      "total": 6
    },
    "correct": {
      "precision": 0.6521739130434783,
      "recall": 0.42857142857142855,
      "correct": 15,
      "total": 35
    },
    "incorrect": {
      "precision": 0.9285714285714286,
      "recall": 0.37142857142857144,
      "correct": 13,
      "total": 35
    },
    "partial": {
      "precision": 0.2857142857142857,
      "recall": 0.75,
      "correct": 18,
      "total": 24
    }
  }
}