{
  "overall_accuracy": 0.49,
  "normalized_mean_absolute_error": 0.2785714285714286,
  "total_correct": 49,
  "total": 100,
  "accuracy_by_label": {
    "almost": {
      "precision": 0.0,
      "recall": 0.0,
      "correct": 0,
      "total": 5
    },
    "correct": {
      "precision": 0.55,
      "recall": 0.9428571428571428,
      "correct": 33,
      "total": 35
    },
    "incorrect": {
      "precision": 0.4838709677419355,
      "recall": 0.42857142857142855,
      "correct": 15,
      "total": 35
    },
    "partial": {
      "precision": 0.1111111111111111,
      "recall": 0.04,
      "correct": 1,
      "total": 25
    }
  }
}