{
  "overall_accuracy": 0.54,
  "normalized_mean_absolute_error": 0.15857142857142859,
  "total_correct": 54,
  "total": 100,
  "accuracy_by_label": {
    "almost": {
      "precision": 0.14285714285714285,
      "recall": 0.3333333333333333,
      "correct": 2,
      "total": 6
    },
    "correct": {
      "precision": 0.8518518518518519,
      "recall": 0.6571428571428571,
      "correct": 23,
      "total": 35
    },
    "incorrect": {
      "precision": 0.8571428571428571,
      "recall": 0.34285714285714286,
      "correct": 12,
      "total": 35
    },
    "partial": {
      "precision": 0.37777777777777777,
      "recall": 0.7083333333333334,
      "correct": 17,
      "total": 24
    }
  }
}