{
  "overall_accuracy": 0.44,
  "normalized_mean_absolute_error": 0.43714285714285717,
  "total_correct": 44,
  "total": 100,
  "accuracy_by_label": {
    "almost": {
      "precision": 0.0,
      "recall": 0.0,
      "correct": 0,
      "total": 6
    },
    "correct": {
      "precision": 0.7142857142857143,
      "recall": 0.8571428571428571,
      "correct": 30,
      "total": 35
    },
    "incorrect": {
      "precision": 0.8888888888888888,
      "recall": 0.22857142857142856,
      "correct": 8,
      "total": 35
    },
    "partial": {
      "precision": 0.3333333333333333,
      "recall": 0.25,
      "correct": 6,
      "total": 24
    }
  }
}