{
  "overall_accuracy": 0.28,
  "normalized_mean_absolute_error": 0.5671428571428572,
  "total_correct": 28,
  "total": 100,
  "accuracy_by_label": {
    "almost": {
      "precision": 0.17647058823529413,
      "recall": 0.5,
      "correct": 3,
      "total": 6
    },
    "correct": {
      "precision": 0.8095238095238095,
      "recall": 0.4857142857142857,
      "correct": 17,
      "total": 35
    },
    "incorrect": {
      "precision": 0.5,
      "recall": 0.02857142857142857,
      "correct": 1,
      "total": 35
    },
    "partial": {
      "precision": 0.3333333333333333,
      "recall": 0.2916666666666667,
      "correct": 7,
      "total": 24
    }
  }
}