{
  "overall_accuracy": 0.28,
  "normalized_mean_absolute_error": 0.5228571428571429,
  "total_correct": 28,
  "total": 100,
  "accuracy_by_label": {
    "almost": {
      "precision": 0.0,
      "recall": 0.0,
      "correct": 0,
      "total": 5
    },
    "correct": {
      "precision": 0.71875,
      "recall": 0.6571428571428571,
      "correct": 23,
      "total": 35
    },
    "incorrect": {
      "precision": 0.16666666666666666,
      "recall": 0.02857142857142857,
      "correct": 1,
      "total": 35
    },
    "partial": {
      "precision": 0.2222222222222222,
      "recall": 0.16,
      "correct": 4,
      "total": 25
    }
  }
}