{
  "overall_accuracy": 0.46,
  "normalized_mean_absolute_error": 0.20142857142857143,
  "total_correct": 46,
  "total": 100,
  "accuracy_by_label": {
    "almost": {
      "precision": 0.16666666666666666,
      "recall": 0.6666666666666666,
      "correct": 4,
      "total": 6
    },
    "correct": {
      "precision": 0.8461538461538461,
      "recall": 0.6285714285714286,
      "correct": 22,
      "total": 35
    },
    "incorrect": {
      "precision": 1.0,
      "recall": 0.17142857142857143,
      "correct": 6,
      "total": 35
    },
    "partial": {
      "precision": 0.3181818181818182,
      "recall": 0.5833333333333334,
      "correct": 14,
      "total": 24
    }
  }
}