{
  "overall_accuracy": 0.53,
  "normalized_mean_absolute_error": 0.2414285714285714,
  "total_correct": 53,
  "total": 100,
  "accuracy_by_label": {
    "almost": {
      "precision": 0.125,
      "recall": 0.3333333333333333,
      "correct": 2,
      "total": 6
    },
    "correct": {
      "precision": 0.7727272727272727,
      "recall": 0.4857142857142857,
      "correct": 17,
      "total": 35
    },
    "incorrect": {
      "precision": 0.7297297297297297,
      "recall": 0.7714285714285715,
      "correct": 27,
      "total": 35
    },
    "partial": {
      "precision": 0.30434782608695654,
      "recall": 0.2916666666666667,
      "correct": 7,
      "total": 24
    }
  }
}