{
  "overall_accuracy": 0.53,
  "normalized_mean_absolute_error": 0.24428571428571427,
  "total_correct": 53,
  "total": 100,
  "accuracy_by_label": {
    "almost": {
      "precision": 0.0,
      "recall": 0.0,
      "correct": 0,
      "total": 5
    },
    "correct": {
      "precision": 0.5918367346938775,
      "recall": 0.8285714285714286,
      "correct": 29,
      "total": 35
    },
    "incorrect": {
      "precision": 0.5641025641025641,
      "recall": 0.6285714285714286,
      "correct": 22,
      "total": 35
    },
    "partial": {
      "precision": 0.16666666666666666,
      "recall": 0.08,
      "correct": 2,
      "total": 25
    }
  }
}