{
  "overall_accuracy": 0.44,
  "normalized_mean_absolute_error": 0.2757142857142857,
  "total_correct": 44,
  "total": 100,
  "accuracy_by_label": {
    "almost": {
      "precision": 0.0,
      "recall": 0.0,
      "correct": 0,
      "total": 5
    },
    "correct": {
      "precision": 0.7058823529411765,
      "recall": 0.6857142857142857,
      "correct": 24,
      "total": 35
    },
    "incorrect": {
      "precision": 0.4722222222222222,
      "recall": 0.4857142857142857,
      "correct": 17,
      "total": 35
    },
    "partial": {
      "precision": 0.1875,
      "recall": 0.12,
      "correct": 3,
      "total": 25
    }
  }
}