{
  "overall_accuracy": 0.29,
  "normalized_mean_absolute_error": 0.5842857142857143,
  "total_correct": 29,
  "total": 100,
  "accuracy_by_label": {
    "almost": {
      "precision": 0.0,
      "recall": 0.0,
      "correct": 0,
      "total": 5
    },
    "correct": {
      "precision": 0.6285714285714286,
      "recall": 0.6285714285714286,
      "correct": 22,
      "total": 35
    },
    "incorrect": {
      "precision": 0.375,
      "recall": 0.08571428571428572,
      "correct": 3,
      "total": 35
    },
    "partial": {
      "precision": 0.3076923076923077,
      "recall": 0.16,
      "correct": 4,
      "total": 25
    }
  }
}