{
  "overall_accuracy": 0.51,
  "normalized_mean_absolute_error": 0.19571428571428573,
  "total_correct": 51,
  "total": 100,
  "accuracy_by_label": {
    "almost": {
      "precision": 0.0,
      "recall": 0.0,
      "correct": 0,
      "total": 5
    },
    "correct": {
      "precision": 0.64,
      "recall": 0.9142857142857143,
      "correct": 32,
      "total": 35
    },
    "incorrect": {
      "precision": 0.47368421052631576,
      "recall": 0.2571428571428571,
      "correct": 9,
      "total": 35
    },
    "partial": {
      "precision": 0.3225806451612903,
      "recall": 0.4,
      "correct": 10,
      "total": 25
    }
  }
}