{
  "overall_accuracy": 0.59,
  "normalized_mean_absolute_error": 0.19142857142857145,
  "total_correct": 59,
  "total": 100,
  "accuracy_by_label": {
    "almost": {
      "precision": 0.0,
      "recall": 0.0,
      "correct": 0,
      "total": 6
    },
    "correct": {
      "precision": 0.6470588235294118,
      "recall": 0.9428571428571428,
      "correct": 33,
      "total": 35
    },
    "incorrect": {
      "precision": 0.7037037037037037,
      "recall": 0.5428571428571428,
      "correct": 19,
      "total": 35
    },
    "partial": {
      "precision": 0.3181818181818182,
      "recall": 0.2916666666666667,
      "correct": 7,
      "total": 24
    }
  }
}