{
  "overall_accuracy": 0.48,
  "normalized_mean_absolute_error": 0.19285714285714287,
  "total_correct": 48,
  "total": 100,
  "accuracy_by_label": {
    "almost": {
      "precision": 0.16666666666666666,
      "recall": 0.2,
      "correct": 1,
      "total": 5
    },
    "correct": {
      "precision": 0.7142857142857143,
      "recall": 0.8571428571428571,
      "correct": 30,
      "total": 35
    },
    "incorrect": {
      "precision": 0.43478260869565216,
      "recall": 0.2857142857142857,
      "correct": 10,
      "total": 35
    },
    "partial": {
      "precision": 0.2413793103448276,
      "recall": 0.28,
      "correct": 7,
      "total": 25
    }
  }
}