{
  "overall_accuracy": 0.5,
  "normalized_mean_absolute_error": 0.33999999999999997,
  "total_correct": 50,
  "total": 100,
  "accuracy_by_label": {
    "almost": {
      "precision": 0.0,
      "recall": 0.0,
      "correct": 0,
      "total": 5
    },
    "correct": {
      "precision": 0.7894736842105263,
      "recall": 0.8571428571428571,
      "correct": 30,
      "total": 35
    },
    "incorrect": {
      "precision": 0.6875,
      "recall": 0.3142857142857143,
      "correct": 11,
      "total": 35
    },
    "partial": {
      "precision": 0.42857142857142855,
      "recall": 0.36,
      "correct": 9,
      "total": 25
    }
  }
}