{
  "overall_accuracy": 0.41,
  "normalized_mean_absolute_error": 0.4642857142857143,
  "total_correct": 41,
  "total": 100,
  "accuracy_by_label": {
    "almost": {
      "precision": 0.0,
      "recall": 0.0,
      "correct": 0,
      "total": 5
    },
    "correct": {
      "precision": 0.6829268292682927,
      "recall": 0.8,
      "correct": 28,
      "total": 35
    },
    "incorrect": {
      "precision": 0.6666666666666666,
      "recall": 0.22857142857142856,
      "correct": 8,
      "total": 35
    },
    "partial": {
      "precision": 0.45454545454545453,
      "recall": 0.2,
      "correct": 5,
      "total": 25
    }
  }
}