{
  "overall_accuracy": 0.56,
  "normalized_mean_absolute_error": 0.22142857142857145,
  "total_correct": 56,
  "total": 100,
  "accuracy_by_label": {
    "almost": {
      "precision": 0.0,
      "recall": 0.0,
      "correct": 0,
      "total": 5
    },
    "correct": {
      "precision": 0.6071428571428571,
      "recall": 0.9714285714285714,
      "correct": 34,
      "total": 35
    },
    "incorrect": {
      "precision": 0.5454545454545454,
      "recall": 0.5142857142857142,
      "correct": 18,
      "total": 35
    },
    "partial": {
      "precision": 0.4444444444444444,
      "recall": 0.16,
      "correct": 4,
      "total": 25
    }
  }
}