{
  "overall_accuracy": 0.72,
  "normalized_mean_absolute_error": 0.12428571428571429,
  "total_correct": 72,
  "total": 100,
  "accuracy_by_label": {
    "almost": {
      "precision": 0.3333333333333333,
      "recall": 0.16666666666666666,
      "correct": 1,
      "total": 6
    },
    "correct": {
      "precision": 0.7894736842105263,
      "recall": 0.8571428571428571,
      "correct": 30,
      "total": 35
    },
    "incorrect": {
      "precision": 0.7560975609756098,
      "recall": 0.8857142857142857,
      "correct": 31,
      "total": 35
    },
    "partial": {
      "precision": 0.5555555555555556,
      "recall": 0.4166666666666667,
      "correct": 10,
      "total": 24
    }
  }
}