{
  "overall_accuracy": 0.18,
  "normalized_mean_absolute_error": 0.76,
  "total_correct": 18,
  "total": 100,
  "accuracy_by_label": {
    "almost": {
      "precision": 0.0,
      "recall": 0.0,
      "correct": 0,
      "total": 6
    },
    "correct": {
      "precision": 0.5714285714285714,
      "recall": 0.34285714285714286,
      "correct": 12,
      "total": 35
    },
    "incorrect": {
      "precision": 0.6666666666666666,
      "recall": 0.05714285714285714,
      "correct": 2,
      "total": 35
    },
    "partial": {
      "precision": 0.5714285714285714,
      "recall": 0.16666666666666666,
      "correct": 4,
      "total": 24
    }
  }
}