{
  "overall_accuracy": 0.4,
  "normalized_mean_absolute_error": 0.5157142857142857,
  "total_correct": 40,
  "total": 100,
  "accuracy_by_label": {
    "almost": {
      "precision": 0.3,
      "recall": 0.5,
      "correct": 3,
      "total": 6
    },
    "correct": {
      "precision": 0.6590909090909091,
      "recall": 0.8285714285714286,
      "correct": 29,
      "total": 35
    },
    "incorrect": {
      "precision": 1.0,
      "recall": 0.08571428571428572,
      "correct": 3,
      "total": 35
    },
    "partial": {
      "precision": 0.5555555555555556,
      "recall": 0.20833333333333334,
      "correct": 5,
      "total": 24
    }
  }
}