{
  "overall_accuracy": 0.48,
  "normalized_mean_absolute_error": 0.16999999999999998,
  "total_correct": 48,
  "total": 100,
  "accuracy_by_label": {
    "almost": {
      "precision": 0.15384615384615385,
      "recall": 0.6666666666666666,
      "correct": 4,
      "total": 6
    },
    "correct": {
      "precision": 0.7391304347826086,
      "recall": 0.4857142857142857,
      "correct": 17,
      "total": 35
    },
    "incorrect": {
      "precision": 0.9166666666666666,
      "recall": 0.3142857142857143,
      "correct": 11,
      "total": 35
    },
    "partial": {
      "precision": 0.41025641025641024,
      "recall": 0.6666666666666666,
      "correct": 16,
      "total": 24
    }
  }
}