{
  "overall_accuracy": 0.62,
  "normalized_mean_absolute_error": 0.18714285714285714,
  "total_correct": 62,
  "total": 100,
  "accuracy_by_label": {
    "almost": {
      "precision": 0.0,
      "recall": 0.0,
      "correct": 0,
      "total": 5
    },
    "correct": {
      "precision": 0.6818181818181818,
      "recall": 0.8571428571428571,
      "correct": 30,
      "total": 35
    },
    "incorrect": {
      "precision": 0.6153846153846154,
      "recall": 0.6857142857142857,
      "correct": 24,
      "total": 35
    },
    "partial": {
      "precision": 0.5333333333333333,
      "recall": 0.32,
      "correct": 8,
      "total": 25
    }
  }
}