{
  "overall_accuracy": 0.57,
  "normalized_mean_absolute_error": 0.14714285714285716,
  "total_correct": 57,
  "total": 100,
  "accuracy_by_label": {
    "almost": {
      "precision": 0.058823529411764705,
      "recall": 0.16666666666666666,
      "correct": 1,
      "total": 6
    },
    "correct": {
      "precision": 0.8518518518518519,
      "recall": 0.6571428571428571,
      "correct": 23,
      "total": 35
    },
    "incorrect": {
      "precision": 0.9333333333333333,
      "recall": 0.4,
      "correct": 14,
      "total": 35
    },
    "partial": {
      "precision": 0.4634146341463415,
      "recall": 0.7916666666666666,
      "correct": 19,
      "total": 24
    }
  }
}