{
  "overall_accuracy": 0.64,
  "normalized_mean_absolute_error": 0.15857142857142859,
  "total_correct": 64,
  "total": 100,
  "accuracy_by_label": {
    "almost": {
      "precision": 0.0,
      "recall": 0.0,
      "correct": 0,
      "total": 6
    },
    "correct": {
      "precision": 0.6415094339622641,
      "recall": 0.9714285714285714,
      "correct": 34,
      "total": 35
    },
    "incorrect": {
      "precision": 0.85,
      "recall": 0.4857142857142857,
      "correct": 17,
      "total": 35
    },
    "partial": {
      "precision": 0.48148148148148145,
      "recall": 0.5416666666666666,
      "correct": 13,
      "total": 24
    }
  }
}