{
  "overall_accuracy": 0.33,
  "normalized_mean_absolute_error": 0.53,
  "total_correct": 33,
  "total": 100,
  "accuracy_by_label": {
    "almost": {
      "precision": 0.0,
      "recall": 0.0,
      "correct": 0,
      "total": 5
    },
    "correct": {
      "precision": 0.6857142857142857,
      "recall": 0.6857142857142857,
      "correct": 24,
      "total": 35
    },
    "incorrect": {
      "precision": 0.42857142857142855,
      "recall": 0.08571428571428572,
      "correct": 3,
      "total": 35
    },
    "partial": {
      "precision": 0.3333333333333333,
      "recall": 0.24,
      "correct": 6,
      "total": 25
    }
  }
}