{
  "overall_accuracy": 0.58,
  "normalized_mean_absolute_error": 0.25857142857142856,
  "total_correct": 58,
  "total": 100,
  "accuracy_by_label": {
    "almost": {
      "precision": 0.0,
      "recall": 0.0,
      "correct": 0,
      "total": 6
    },
    "correct": {
      "precision": 0.7692307692307693,
      "recall": 0.8571428571428571,
      "correct": 30,
      "total": 35
    },
    "incorrect": {
      "precision": 0.7692307692307693,
      "recall": 0.5714285714285714,
      "correct": 20,
      "total": 35
    },
    "partial": {
      "precision": 0.38095238095238093,
      "recall": 0.3333333333333333,
      "correct": 8,
      "total": 24
    }
  }
}