{
  "overall_accuracy": 0.61,
  "normalized_mean_absolute_error": 0.14285714285714285,
  "total_correct": 61,
  "total": 100,
  "accuracy_by_label": {
    "almost": {
      "precision": 0.0,
      "recall": 0.0,
      "correct": 0,
      "total": 5
    },
    "correct": {
      "precision": 0.7333333333333333,
      "recall": 0.9428571428571428,
      "correct": 33,
      "total": 35
    },
    "incorrect": {
      "precision": 0.5625,
      "recall": 0.5142857142857142,
      "correct": 18,
      "total": 35
    },
    "partial": {
      "precision": 0.43478260869565216,
      "recall": 0.4,
      "correct": 10,
      "total": 25
    }
  }
}