{
  "overall_accuracy": 0.58,
  "normalized_mean_absolute_error": 0.19285714285714287,
  "total_correct": 58,
  "total": 100,
  "accuracy_by_label": {
    "almost": {
      "precision": 0.0,
      "recall": 0.0,
      "correct": 0,
      "total": 6
    },
    "correct": {
      "precision": 0.7272727272727273,
      "recall": 0.9142857142857143,
      "correct": 32,
      "total": 35
    },
    "incorrect": {
      "precision": 1.0,
      "recall": 0.2571428571428571,
      "correct": 9,
      "total": 35
    },
    "partial": {
      "precision": 0.38636363636363635,
      "recall": 0.7083333333333334,
      "correct": 17,
      "total": 24
    }
  }
}