{
  "overall_accuracy": 0.25,
  "normalized_mean_absolute_error": 0.5771428571428572,
  "total_correct": 25,
  "total": 100,
  "accuracy_by_label": {
    "almost": {
      "precision": 0.09090909090909091,
      "recall": 0.2,
      "correct": 1,
      "total": 5
    },
    "correct": {
      "precision": 0.7777777777777778,
      "recall": 0.4,
      "correct": 14,
      "total": 35
    },
    "incorrect": {
      "precision": 0.4,
      "recall": 0.05714285714285714,
      "correct": 2,
      "total": 35
    },
    "partial": {
      "precision": 0.3076923076923077,
      "recall": 0.32,
      "correct": 8,
      "total": 25
    }
  }
}