{
  "overall_accuracy": 0.59,
  "normalized_mean_absolute_error": 0.20428571428571426,
  "total_correct": 59,
  "total": 100,
  "accuracy_by_label": {
    "almost": {
      "precision": 0.0,
      "recall": 0.0,
      "correct": 0,
      "total": 6
    },
    "correct": {
      "precision": 0.6470588235294118,
      "recall": 0.9428571428571428,
      "correct": 33,
      "total": 35
    },
    "incorrect": {
      "precision": 0.7,
      "recall": 0.6,
      "correct": 21,
      "total": 35
    },
    "partial": {
      "precision": 0.2631578947368421,
      "recall": 0.20833333333333334,
      "correct": 5,
      "total": 24
    }
  }
}