{
  "overall_accuracy": 0.32,
  "normalized_mean_absolute_error": 0.5271428571428571,
  "total_correct": 32,
  "total": 100,
  "accuracy_by_label": {
    "almost": {
      "precision": 0.0,
      "recall": 0.0,
      "correct": 0,
      "total": 6
    },
    "correct": {
      "precision": 0.37037037037037035,
      "recall": 0.8571428571428571,
      "correct": 30,
      "total": 35
    },
    "incorrect": {
      "precision": 0.0,
      "recall": 0.0,
      "correct": 0,
      "total": 35
    },
    "partial": {
      "precision": 0.2222222222222222,
      "recall": 0.08333333333333333,
      "correct": 2,
      "total": 24
    }
  }
}