{
  "overall_accuracy": 0.32,
  "normalized_mean_absolute_error": 0.6214285714285713,
  "total_correct": 32,
  "total": 100,
  "accuracy_by_label": {
    "almost": {
      "precision": 0.0,
      "recall": 0.0,
      "correct": 0,
      "total": 6
    },
    "correct": {
      "precision": 0.7073170731707317,
      "recall": 0.8285714285714286,
      "correct": 29,
      "total": 35
    },
    "incorrect": {
      "precision": 0.25,
      "recall": 0.02857142857142857,
      "correct": 1,
      "total": 35
    },
    "partial": {
      "precision": 0.6666666666666666,
      "recall": 0.08333333333333333,
      "correct": 2,
      "total": 24
    }
  }
}