{
  "overall_accuracy": 0.58,
  "normalized_mean_absolute_error": 0.18142857142857144,
  "total_correct": 58,
  "total": 100,
  "accuracy_by_label": {
    "almost": {
      "precision": 0.0,
      "recall": 0.0,
      "correct": 0,
      "total": 6
    },
    "correct": {
      "precision": 0.6415094339622641,
      "recall": 0.9714285714285714,
      "correct": 34,
      "total": 35
    },
    "incorrect": {
      "precision": 0.6333333333333333,
      "recall": 0.5428571428571428,
      "correct": 19,
      "total": 35
    },
    "partial": {
      "precision": 0.29411764705882354,
      "recall": 0.20833333333333334,
      "correct": 5,
      "total": 24
    }
  }
}