{
  "overall_accuracy": 0.38,
  "normalized_mean_absolute_error": 0.49714285714285716,
  "total_correct": 38,
  "total": 100,
  "accuracy_by_label": {
    "almost": {
      "precision": 0.2,
      "recall": 0.3333333333333333,
      "correct": 2,
      "total": 6
    },
    "correct": {
      "precision": 0.7,
      "recall": 0.8,
      "correct": 28,
      "total": 35
    },
    "incorrect": {
      "precision": 0.8571428571428571,
      "recall": 0.17142857142857143,
      "correct": 6,
      "total": 35
    },
    "partial": {
      "precision": 0.2222222222222222,
      "recall": 0.08333333333333333,
      "correct": 2,
      "total": 24
    }
  }
}