{
  "overall_accuracy": 0.59,
  "normalized_mean_absolute_error": 0.23142857142857146,
  "total_correct": 59,
  "total": 100,
  "accuracy_by_label": {
    "almost": {
      "precision": 0.0,
      "recall": 0.0,
      "correct": 0,
      "total": 6
    },
    "correct": {
      "precision": 0.5555555555555556,
      "recall": 0.8571428571428571,
      "correct": 30,
      "total": 35
    },
    "incorrect": {
      "precision": 0.7428571428571429,
      "recall": 0.7428571428571429,
      "correct": 26,
      "total": 35
    },
    "partial": {
      "precision": 0.2727272727272727,
      "recall": 0.125,
      "correct": 3,
      "total": 24
    }
  }
}