{
  "overall_accuracy": 0.59,
  "normalized_mean_absolute_error": 0.17714285714285713,
  "total_correct": 59,
  "total": 100,
  "accuracy_by_label": {
    "almost": {
      "precision": 0.0,
      "recall": 0.0,
      "correct": 0,
      "total": 6
    },
    "correct": {
      "precision": 0.6666666666666666,
      "recall": 0.9714285714285714,
      "correct": 34,
      "total": 35
    },
    "incorrect": {
      "precision": 0.6956521739130435,
      "recall": 0.45714285714285713,
      "correct": 16,
      "total": 35
    },
    "partial": {
      "precision": 0.34615384615384615,
      "recall": 0.375,
      "correct": 9,
      "total": 24
    }
  }
}