{
  "overall_accuracy": 0.62,
  "normalized_mean_absolute_error": 0.1842857142857143,
  "total_correct": 62,
  "total": 100,
  "accuracy_by_label": {
    "almost": {
      "precision": 0.3076923076923077,
      "recall": 0.6666666666666666,
      "correct": 4,
      "total": 6
    },
    "correct": {
      "precision": 0.7804878048780488,
      "recall": 0.9142857142857143,
      "correct": 32,
      "total": 35
    },
    "incorrect": {
      "precision": 0.9333333333333333,
      "recall": 0.4,
      "correct": 14,
      "total": 35
    },
    "partial": {
      "precision": 0.3870967741935484,
      "recall": 0.5,
      "correct": 12,
      "total": 24
    }
  }
}