{
  "overall_accuracy": 0.67,
  "normalized_mean_absolute_error": 0.16714285714285712,
  "total_correct": 67,
  "total": 100,
  "accuracy_by_label": {
    "almost": {
      "precision": 0.25,
      "recall": 0.16666666666666666,
      "correct": 1,
      "total": 6
    },
    "correct": {
      "precision": 0.7567567567567568,
      "recall": 0.8,
      "correct": 28,
      "total": 35
    },
    "incorrect": {
      "precision": 0.64,
      "recall": 0.9142857142857143,
      "correct": 32,
      "total": 35
    },
    "partial": {
      "precision": 0.6666666666666666,
      "recall": 0.25,
      "correct": 6,
      "total": 24
    }
  }
}