{
  "overall_accuracy": 0.52,
  "normalized_mean_absolute_error": 0.17285714285714285,
  "total_correct": 52,
  "total": 100,
  "accuracy_by_label": {
    "almost": {
      "precision": 0.0,
      "recall": 0.0,
      "correct": 0,
      "total": 5
    },
    "correct": {
      "precision": 0.7619047619047619,
      "recall": 0.9142857142857143,
      "correct": 32,
      "total": 35
    },
    "incorrect": {
      "precision": 0.4482758620689655,
      "recall": 0.37142857142857144,
      "correct": 13,
      "total": 35
    },
    "partial": {
      "precision": 0.2413793103448276,
      "recall": 0.28,
      "correct": 7,
      "total": 25
    }
  }
}