{
  "overall_accuracy": 0.47,
  "normalized_mean_absolute_error": 0.20714285714285713,
  "total_correct": 47,
  "total": 100,
  "accuracy_by_label": {
    "almost": {
      "precision": 0.0,
      "recall": 0.0,
      "correct": 0,
      "total": 5
    },
    "correct": {
      "precision": 0.7692307692307693,
      "recall": 0.8571428571428571,
      "correct": 30,
      "total": 35
    },
    "incorrect": {
      "precision": 0.39285714285714285,
      "recall": 0.3142857142857143,
      "correct": 11,
      "total": 35
    },
    "partial": {
      "precision": 0.23076923076923078,
      "recall": 0.24,
      "correct": 6,
      "total": 25
    }
  }
}