{
  "overall_accuracy": 0.58,
  "normalized_mean_absolute_error": 0.17142857142857143,
  "total_correct": 58,
  "total": 100,
  "accuracy_by_label": {
    "almost": {
      "precision": 0.4,
      "recall": 0.3333333333333333,
      "correct": 2,
      "total": 6
    },
    "correct": {
      "precision": 0.6888888888888889,
      "recall": 0.8857142857142857,
      "correct": 31,
      "total": 35
    },
    "incorrect": {
      "precision": 0.6818181818181818,
      "recall": 0.42857142857142855,
      "correct": 15,
      "total": 35
    },
    "partial": {
      "precision": 0.35714285714285715,
      "recall": 0.4166666666666667,
      "correct": 10,
      "total": 24
    }
  }
}