{
  "overall_accuracy": 0.2,
  "normalized_mean_absolute_error": 0.6314285714285715,
  "total_correct": 20,
  "total": 100,
  "accuracy_by_label": {
    "almost": {
      "precision": 0.18181818181818182,
      "recall": 0.6666666666666666,
      "correct": 4,
      "total": 6
    },
    "correct": {
      "precision": 0.6923076923076923,
      "recall": 0.2571428571428571,
      "correct": 9,
      "total": 35
    },
    "incorrect": {
      "precision": 0.5,
      "recall": 0.02857142857142857,
      "correct": 1,
      "total": 35
    },
    "partial": {
      "precision": 0.3,
      "recall": 0.25,
      "correct": 6,
      "total": 24
    }
  }
}