{
  "overall_accuracy": 0.64,
  "normalized_mean_absolute_error": 0.19714285714285712,
  "total_correct": 64,
  "total": 100,
  "accuracy_by_label": {
    "almost": {
      "precision": 0.0,
      "recall": 0.0,
      "correct": 0,
      "total": 6
    },
    "correct": {
      "precision": 0.5892857142857143,
      "recall": 0.9428571428571428,
      "correct": 33,
      "total": 35
    },
    "incorrect": {
      "precision": 0.7428571428571429,
      "recall": 0.7428571428571429,
      "correct": 26,
      "total": 35
    },
    "partial": {
      "precision": 0.5555555555555556,
      "recall": 0.20833333333333334,
      "correct": 5,
      "total": 24
    }
  }
}