{
  "overall_accuracy": 0.36,
  "normalized_mean_absolute_error": 0.47428571428571425,
  "total_correct": 36,
  "total": 100,
  "accuracy_by_label": {
    "almost": {
      "precision": 0.1111111111111111,
      "recall": 0.2,
      "correct": 1,
      "total": 5
    },
    "correct": {
      "precision": 0.7297297297297297,
      "recall": 0.7714285714285715,
      "correct": 27,
      "total": 35
    },
    "incorrect": {
      "precision": 0.2222222222222222,
      "recall": 0.05714285714285714,
      "correct": 2,
      "total": 35
    },
    "partial": {
      "precision": 0.42857142857142855,
      "recall": 0.24,
      "correct": 6,
      "total": 25
    }
  }
}