{
  "overall_accuracy": 0.43,
  "normalized_mean_absolute_error": 0.34714285714285714,
  "total_correct": 43,
  "total": 100,
  "accuracy_by_label": {
    "almost": {
      "precision": 0.05128205128205128,
      "recall": 0.4,
      "correct": 2,
      "total": 5
    },
    "correct": {
      "precision": 0.7894736842105263,
      "recall": 0.8571428571428571,
      "correct": 30,
      "total": 35
    },
    "incorrect": {
      "precision": 0.0,
      "recall": 0.0,
      "correct": 0,
      "total": 35
    },
    "partial": {
      "precision": 0.4782608695652174,
      "recall": 0.44,
      "correct": 11,
      "total": 25
    }
  }
}