{
  "overall_accuracy": 0.7,
  "normalized_mean_absolute_error": 0.14285714285714285,
  "total_correct": 70,
  "total": 100,
  "accuracy_by_label": {
    "almost": {
      "precision": 0.3333333333333333,
      "recall": 0.16666666666666666,
      "correct": 1,
      "total": 6
    },
    "correct": {
      "precision": 0.7619047619047619,
      "recall": 0.9142857142857143,
      "correct": 32,
      "total": 35
    },
    "incorrect": {
      "precision": 0.8,
      "recall": 0.6857142857142857,
      "correct": 24,
      "total": 35
    },
    "partial": {
      "precision": 0.52,
      "recall": 0.5416666666666666,
      "correct": 13,
      "total": 24
    }
  }
}