{
  "overall_accuracy": 0.52,
  "normalized_mean_absolute_error": 0.16857142857142857,
  "total_correct": 52,
  "total": 100,
  "accuracy_by_label": {
    "almost": {
      "precision": 0.0,
      "recall": 0.0,
      "correct": 0,
      "total": 5
    },
    "correct": {
      "precision": 0.7272727272727273,
      "recall": 0.9142857142857143,
      "correct": 32,
      "total": 35
    },
    "incorrect": {
      "precision": 0.42105263157894735,
      "recall": 0.22857142857142856,
      "correct": 8,
      "total": 35
    },
    "partial": {
      "precision": 0.3333333333333333,
      "recall": 0.48,
      "correct": 12,
      "total": 25
    }
  }
}