{
  "overall_accuracy": 0.6,
  "normalized_mean_absolute_error": 0.19142857142857145,
  "total_correct": 60,
  "total": 100,
  "accuracy_by_label": {
    "almost": {
      "precision": 0.0,
      "recall": 0.0,
      "correct": 0,
      "total": 5
    },
    "correct": {
      "precision": 0.7209302325581395,
      "recall": 0.8857142857142857,
      "correct": 31,
      "total": 35
    },
    "incorrect": {
      "precision": 0.6341463414634146,
      "recall": 0.7428571428571429,
      "correct": 26,
      "total": 35
    },
    "partial": {
      "precision": 0.2727272727272727,
      "recall": 0.12,
      "correct": 3,
      "total": 25
    }
  }
}