{
  "overall_accuracy": 0.22,
  "normalized_mean_absolute_error": 0.4571428571428572,
  "total_correct": 22,
  "total": 100,
  "accuracy_by_label": {
    "almost": {
      "precision": 0.09803921568627451,
      "recall": 0.8333333333333334,
      "correct": 5,
      "total": 6
    },
    "correct": {
      "precision": 0.3076923076923077,
      "recall": 0.11428571428571428,
      "correct": 4,
      "total": 35
    },
    "incorrect": {
      "precision": 0.0,
      "recall": 0.0,
      "correct": 0,
      "total": 35
    },
    "partial": {
      "precision": 0.3611111111111111,
      "recall": 0.5416666666666666,
      "correct": 13,
      "total": 24
    }
  }
}