{
  "overall_accuracy": 0.52,
  "normalized_mean_absolute_error": 0.17714285714285713,
  "total_correct": 52,
  "total": 100,
  "accuracy_by_label": {
    "almost": {
      "precision": 0.0,
      "recall": 0.0,
      "correct": 0,
      "total": 5
    },
    "correct": {
      "precision": 0.7272727272727273,
      "recall": 0.9142857142857143,
      "correct": 32,
      "total": 35
    },
    "incorrect": {
      "precision": 0.4411764705882353,
      "recall": 0.42857142857142855,
      "correct": 15,
      "total": 35
    },
    "partial": {
      "precision": 0.22727272727272727,
      "recall": 0.2,
      "correct": 5,
      "total": 25
    }
  }
}