{
  "overall_accuracy": 0.66,
  "normalized_mean_absolute_error": 0.12285714285714286,
  "total_correct": 66,
  "total": 100,
  "accuracy_by_label": {
    "almost": {
      "precision": 0.5,
      "recall": 0.16666666666666666,
      "correct": 1,
      "total": 6
    },
    "correct": {
      "precision": 0.90625,
      "recall": 0.8285714285714286,
      "correct": 29,
      "total": 35
    },
    "incorrect": {
      "precision": 1.0,
      "recall": 0.37142857142857144,
      "correct": 13,
      "total": 35
    },
    "partial": {
      "precision": 0.4339622641509434,
      "recall": 0.9583333333333334,
      "correct": 23,
      "total": 24
    }
  }
}