{
  "overall_accuracy": 0.35,
  "normalized_mean_absolute_error": 0.4642857142857143,
  "total_correct": 35,
  "total": 100,
  "accuracy_by_label": {
    "almost": {
      "precision": 0.07692307692307693,
      "recall": 0.2,
      "correct": 1,
      "total": 5
    },
    "correct": {
      "precision": 0.8461538461538461,
      "recall": 0.6285714285714286,
      "correct": 22,
      "total": 35
    },
    "incorrect": {
      "precision": 0.4,
      "recall": 0.22857142857142856,
      "correct": 8,
      "total": 35
    },
    "partial": {
      "precision": 0.4444444444444444,
      "recall": 0.16,
      "correct": 4,
      "total": 25
    }
  }
}