{
  "overall_accuracy": 0.36,
  "normalized_mean_absolute_error": 0.5042857142857142,
  "total_correct": 36,
  "total": 100,
  "accuracy_by_label": {
    "almost": {
      "precision": 0.16666666666666666,
      "recall": 0.3333333333333333,
      "correct": 2,
      "total": 6
    },
    "correct": {
      "precision": 0.6756756756756757,
      "recall": 0.7142857142857143,
      "correct": 25,
      "total": 35
    },
    "incorrect": {
      "precision": 0.75,
      "recall": 0.08571428571428572,
      "correct": 3,
      "total": 35
    },
    "partial": {
      "precision": 0.4,
      "recall": 0.25,
      "correct": 6,
      "total": 24
    }
  }
}