{
  "overall_accuracy": 0.64,
  "normalized_mean_absolute_error": 0.16999999999999998,
  "total_correct": 64,
  "total": 100,
  "accuracy_by_label": {
    "almost": {
      "precision": 0.0,
      "recall": 0.0,
      "correct": 0,
      "total": 6
    },
    "correct": {
      "precision": 0.6415094339622641,
      "recall": 0.9714285714285714,
      "correct": 34,
      "total": 35
    },
    "incorrect": {
      "precision": 0.7105263157894737,
      "recall": 0.7714285714285715,
      "correct": 27,
      "total": 35
    },
    "partial": {
      "precision": 0.42857142857142855,
      "recall": 0.125,
      "correct": 3,
      "total": 24
    }
  }
}