{
  "overall_accuracy": 0.58,
  "normalized_mean_absolute_error": 0.19857142857142857,
  "total_correct": 58,
  "total": 100,
  "accuracy_by_label": {
    "almost": {
      "precision": 0.0,
      "recall": 0.0,
      "correct": 0,
      "total": 6
    },
    "correct": {
      "precision": 0.6,
      "recall": 0.9428571428571428,
      "correct": 33,
      "total": 35
    },
    "incorrect": {
      "precision": 0.6666666666666666,
      "recall": 0.5714285714285714,
      "correct": 20,
      "total": 35
    },
    "partial": {
      "precision": 0.3333333333333333,
      "recall": 0.20833333333333334,
      "correct": 5,
      "total": 24
    }
  }
}