{
  "overall_accuracy": 0.51,
  "normalized_mean_absolute_error": 0.2557142857142857,
  "total_correct": 51,
  "total": 100,
  "accuracy_by_label": {
    "almost": {
      "precision": 0.0,
      "recall": 0.0,
      "correct": 0,
      "total": 5
    },
    "correct": {
      "precision": 0.6136363636363636,
      "recall": 0.7714285714285715,
      "correct": 27,
      "total": 35
    },
    "incorrect": {
      "precision": 0.5789473684210527,
      "recall": 0.6285714285714286,
      "correct": 22,
      "total": 35
    },
    "partial": {
      "precision": 0.18181818181818182,
      "recall": 0.08,
      "correct": 2,
      "total": 25
    }
  }
}