{
  "overall_accuracy": 0.42,
  "normalized_mean_absolute_error": 0.3028571428571429,
  "total_correct": 42,
  "total": 100,
  "accuracy_by_label": {
    "almost": {
      "precision": 0.16666666666666666,
      "recall": 0.6,
      "correct": 3,
      "total": 5
    },
    "correct": {
      "precision": 0.9090909090909091,
      "recall": 0.2857142857142857,
      "correct": 10,
      "total": 35
    },
    "incorrect": {
      "precision": 0.5348837209302325,
      "recall": 0.6571428571428571,
      "correct": 23,
      "total": 35
    },
    "partial": {
      "precision": 0.2857142857142857,
      "recall": 0.24,
      "correct": 6,
      "total": 25
    }
  }
}