{
  "overall_accuracy": 0.62,
  "normalized_mean_absolute_error": 0.21571428571428572,
  "total_correct": 62,
  "total": 100,
  "accuracy_by_label": {
    "almost": {
      "precision": 0.0,
      "recall": 0.0,
      "correct": 0,
      "total": 6
    },
    "correct": {
      "precision": 0.62,
      "recall": 0.8857142857142857,
      "correct": 31,
      "total": 35
    },
    "incorrect": {
      "precision": 0.8,
      "recall": 0.6857142857142857,
      "correct": 24,
      "total": 35
    },
    "partial": {
      "precision": 0.5384615384615384,
      "recall": 0.2916666666666667,
      "correct": 7,
      "total": 24
    }
  }
}