{
  "overall_accuracy": 0.59,
  "normalized_mean_absolute_error": 0.21428571428571427,
  "total_correct": 59,
  "total": 100,
  "accuracy_by_label": {
    "almost": {
      "precision": 0.0,
      "recall": 0.0,
      "correct": 0,
      "total": 6
    },
    "correct": {
      "precision": 0.6326530612244898,
      "recall": 0.8857142857142857,
      "correct": 31,
      "total": 35
    },
    "incorrect": {
      "precision": 0.6551724137931034,
      "recall": 0.5428571428571428,
      "correct": 19,
      "total": 35
    },
    "partial": {
      "precision": 0.42857142857142855,
      "recall": 0.375,
      "correct": 9,
      "total": 24
    }
  }
}