{
  "overall_accuracy": 0.57,
  "normalized_mean_absolute_error": 0.21428571428571427,
  "total_correct": 57,
  "total": 100,
  "accuracy_by_label": {
    "almost": {
      "precision": 0.0,
      "recall": 0.0,
      "correct": 0,
      "total": 6
    },
    "correct": {
      "precision": 0.6666666666666666,
      "recall": 0.9142857142857143,
      "correct": 32,
      "total": 35
    },
    "incorrect": {
      "precision": 0.71875,
      "recall": 0.6571428571428571,
      "correct": 23,
      "total": 35
    },
    "partial": {
      "precision": 0.18181818181818182,
      "recall": 0.08333333333333333,
      "correct": 2,
      "total": 24
    }
  }
}