{
  "overall_accuracy": 0.05,
  "normalized_mean_absolute_error": 0.9228571428571428,
  "total_correct": 5,
  "total": 100,
  "accuracy_by_label": {
    "almost": {
      "precision": 0.14285714285714285,
      "recall": 0.16666666666666666,
      "correct": 1,
      "total": 6
    },
    "correct": {
      "precision": 0.5,
      "recall": 0.02857142857142857,
      "correct": 1,
      "total": 35
    },
    "incorrect": {
      "precision": 1.0,
      "recall": 0.02857142857142857,
      "correct": 1,
      "total": 35
    },
    "partial": {
      "precision": 1.0,
      "recall": 0.08333333333333333,
      "correct": 2,
      "total": 24
    }
  }
}