{
  "overall_accuracy": 0.55,
  "normalized_mean_absolute_error": 0.16857142857142857,
  "total_correct": 55,
  "total": 100,
  "accuracy_by_label": {
    "almost": {
      "precision": 0.0,
      "recall": 0.0,
      "correct": 0,
      "total": 5
    },
    "correct": {
      "precision": 0.7435897435897436,
      "recall": 0.8285714285714286,
      "correct": 29,
      "total": 35
    },
    "incorrect": {
      "precision": 0.5652173913043478,
      "recall": 0.37142857142857144,
      "correct": 13,
      "total": 35
    },
    "partial": {
      "precision": 0.37142857142857144,
      "recall": 0.52,
      "correct": 13,
      "total": 25
    }
  }
}