{
  "overall_accuracy": 0.52,
  "normalized_mean_absolute_error": 0.3442857142857143,
  "total_correct": 52,
  "total": 100,
  "accuracy_by_label": {
    "almost": {
      "precision": 0.03225806451612903,
      "recall": 0.16666666666666666,
      "correct": 1,
      "total": 6
    },
    "correct": {
      "precision": 0.7111111111111111,
      "recall": 0.9142857142857143,
      "correct": 32,
      "total": 35
    },
    "incorrect": {
      "precision": 0.9411764705882353,
      "recall": 0.45714285714285713,
      "correct": 16,
      "total": 35
    },
    "partial": {
      "precision": 0.42857142857142855,
      "recall": 0.125,
      "correct": 3,
      "total": 24
    }
  }
}