{
  "overall_accuracy": 0.55,
  "normalized_mean_absolute_error": 0.24428571428571427,
  "total_correct": 55,
  "total": 100,
  "accuracy_by_label": {
    "almost": {
      "precision": 0.0,
      "recall": 0.0,
      "correct": 0,
      "total": 6
    },
    "correct": {
      "precision": 0.6744186046511628,
      "recall": 0.8285714285714286,
      "correct": 29,
      "total": 35
    },
    "incorrect": {
      "precision": 0.7619047619047619,
      "recall": 0.45714285714285713,
      "correct": 16,
      "total": 35
    },
    "partial": {
      "precision": 0.38461538461538464,
      "recall": 0.4166666666666667,
      "correct": 10,
      "total": 24
    }
  }
}