{
  "overall_accuracy": 0.59,
  "normalized_mean_absolute_error": 0.15857142857142859,
  "total_correct": 59,
  "total": 100,
  "accuracy_by_label": {
    "almost": {
      "precision": 0.0,
      "recall": 0.0,
      "correct": 0,
      "total": 5
    },
    "correct": {
      "precision": 0.7111111111111111,
      "recall": 0.9142857142857143,
      "correct": 32,
      "total": 35
    },
    "incorrect": {
      "precision": 0.5862068965517241,
      "recall": 0.4857142857142857,
      "correct": 17,
      "total": 35
    },
    "partial": {
      "precision": 0.38461538461538464,
      "recall": 0.4,
      "correct": 10,
      "total": 25
    }
  }
}