{
  "overall_accuracy": 0.53,
  "normalized_mean_absolute_error": 0.21,
  "total_correct": 53,
  "total": 100,
  "accuracy_by_label": {
    "almost": {
      "precision": 0.13043478260869565,
      "recall": 0.5,
      "correct": 3,
      "total": 6
    },
    "correct": {
      "precision": 0.696969696969697,
      "recall": 0.6571428571428571,
      "correct": 23,
      "total": 35
    },
    "incorrect": {
      "precision": 0.9411764705882353,
      "recall": 0.45714285714285713,
      "correct": 16,
      "total": 35
    },
    "partial": {
      "precision": 0.4074074074074074,
      "recall": 0.4583333333333333,
      "correct": 11,
      "total": 24
    }
  }
}