{
  "overall_accuracy": 0.51,
  "normalized_mean_absolute_error": 0.16857142857142857,
  "total_correct": 51,
  "total": 100,
  "accuracy_by_label": {
    "almost": {
      "precision": 0.0,
      "recall": 0.0,
      "correct": 0,
      "total": 5
    },
    "correct": {
      "precision": 0.7441860465116279,
      "recall": 0.9142857142857143,
      "correct": 32,
      "total": 35
    },
    "incorrect": {
      "precision": 0.4411764705882353,
      "recall": 0.42857142857142855,
      "correct": 15,
      "total": 35
    },
    "partial": {
      "precision": 0.17391304347826086,
      "recall": 0.16,
      "correct": 4,
      "total": 25
    }
  }
}