{
  "overall_accuracy": 0.37,
  "normalized_mean_absolute_error": 0.46,
  "total_correct": 37,
  "total": 100,
  "accuracy_by_label": {
    "almost": {
      "precision": 0.09090909090909091,
      "recall": 0.16666666666666666,
      "correct": 1,
      "total": 6
    },
    "correct": {
      "precision": 0.7419354838709677,
      "recall": 0.6571428571428571,
      "correct": 23,
      "total": 35
    },
    "incorrect": {
      "precision": 0.7058823529411765,
      "recall": 0.34285714285714286,
      "correct": 12,
      "total": 35
    },
    "partial": {
      "precision": 0.1,
      "recall": 0.041666666666666664,
      "correct": 1,
      "total": 24
    }
  }
}