{
  "overall_accuracy": 0.67,
  "normalized_mean_absolute_error": 0.1657142857142857,
  "total_correct": 67,
  "total": 100,
  "accuracy_by_label": {
    "almost": {
      "precision": 0.2,
      "recall": 0.2,
      "correct": 1,
      "total": 5
    },
    "correct": {
      "precision": 0.7804878048780488,
      "recall": 0.9142857142857143,
      "correct": 32,
      "total": 35
    },
    "incorrect": {
      "precision": 0.6222222222222222,
      "recall": 0.8,
      "correct": 28,
      "total": 35
    },
    "partial": {
      "precision": 0.6666666666666666,
      "recall": 0.24,
      "correct": 6,
      "total": 25
    }
  }
}