{
  "overall_accuracy": 0.46,
  "normalized_mean_absolute_error": 0.42714285714285716,
  "total_correct": 46,
  "total": 100,
  "accuracy_by_label": {
    "almost": {
      "precision": 0.0,
      "recall": 0.0,
      "correct": 0,
      "total": 6
    },
    "correct": {
      "precision": 0.7804878048780488,
      "recall": 0.9142857142857143,
      "correct": 32,
      "total": 35
    },
    "incorrect": {
      "precision": 0.8333333333333334,
      "recall": 0.2857142857142857,
      "correct": 10,
      "total": 35
    },
    "partial": {
      "precision": 0.2857142857142857,
      "recall": 0.16666666666666666,
      "correct": 4,
      "total": 24
    }
  }
}