{
  "overall_accuracy": 0.61,
  "normalized_mean_absolute_error": 0.15142857142857144,
  "total_correct": 61,
  "total": 100,
  "accuracy_by_label": {
    "almost": {
      "precision": 0.0,
      "recall": 0.0,
      "correct": 0,
      "total": 5
    },
    "correct": {
      "precision": 0.7560975609756098,
      "recall": 0.8857142857142857,
      "correct": 31,
      "total": 35
    },
    "incorrect": {
      "precision": 1.0,
      "recall": 0.22857142857142856,
      "correct": 8,
      "total": 35
    },
    "partial": {
      "precision": 0.43137254901960786,
      "recall": 0.88,
      "correct": 22,
      "total": 25
    }
  }
}