{
  "overall_accuracy": 0.56,
  "normalized_mean_absolute_error": 0.2057142857142857,
  "total_correct": 56,
  "total": 100,
  "accuracy_by_label": {
    "almost": {
      "precision": 0.0,
      "recall": 0.0,
      "correct": 0,
      "total": 6
    },
    "correct": {
      "precision": 0.6181818181818182,
      "recall": 0.9714285714285714,
      "correct": 34,
      "total": 35
    },
    "incorrect": {
      "precision": 0.7,
      "recall": 0.4,
      "correct": 14,
      "total": 35
    },
    "partial": {
      "precision": 0.36363636363636365,
      "recall": 0.3333333333333333,
      "correct": 8,
      "total": 24
    }
  }
}