{
  "overall_accuracy": 0.3,
  "normalized_mean_absolute_error": 0.5471428571428572,
  "total_correct": 30,
  "total": 100,
  "accuracy_by_label": {
    "almost": {
      "precision": 0.16666666666666666,
      "recall": 0.16666666666666666,
      "correct": 1,
      "total": 6
    },
    "correct": {
      "precision": 0.6296296296296297,
      "recall": 0.4857142857142857,
      "correct": 17,
      "total": 35
    },
    "incorrect": {
      "precision": 0.5714285714285714,
      "recall": 0.22857142857142856,
      "correct": 8,
      "total": 35
    },
    "partial": {
      "precision": 0.4,
      "recall": 0.16666666666666666,
      "correct": 4,
      "total": 24
    }
  }
}