{
  "overall_accuracy": 0.5,
  "normalized_mean_absolute_error": 0.20285714285714285,
  "total_correct": 50,
  "total": 100,
  "accuracy_by_label": {
    "almost": {
      "precision": 0.0,
      "recall": 0.0,
      "correct": 0,
      "total": 5
    },
    "correct": {
      "precision": 0.6739130434782609,
      "recall": 0.8857142857142857,
      "correct": 31,
      "total": 35
    },
    "incorrect": {
      "precision": 0.42105263157894735,
      "recall": 0.22857142857142856,
      "correct": 8,
      "total": 35
    },
    "partial": {
      "precision": 0.3235294117647059,
      "recall": 0.44,
      "correct": 11,
      "total": 25
    }
  }
}