{
  "overall_accuracy": 0.63,
  "normalized_mean_absolute_error": 0.20142857142857143,
  "total_correct": 63,
  "total": 100,
  "accuracy_by_label": {
    "almost": {
      "precision": 0.0,
      "recall": 0.0,
      "correct": 0,
      "total": 6
    },
    "correct": {
      "precision": 0.6071428571428571,
      "recall": 0.9714285714285714,
      "correct": 34,
      "total": 35
    },
    "incorrect": {
      "precision": 0.7297297297297297,
      "recall": 0.7714285714285715,
      "correct": 27,
      "total": 35
    },
    "partial": {
      "precision": 0.5,
      "recall": 0.08333333333333333,
      "correct": 2,
      "total": 24
    }
  }
}