{
  "overall_accuracy": 0.6,
  "normalized_mean_absolute_error": 0.19,
  "total_correct": 60,
  "total": 100,
  "accuracy_by_label": {
    "almost": {
      "precision": 0.0,
      "recall": 0.0,
      "correct": 0,
      "total": 6
    },
    "correct": {
      "precision": 0.6382978723404256,
      "recall": 0.8571428571428571,
      "correct": 30,
      "total": 35
    },
    "incorrect": {
      "precision": 0.6578947368421053,
      "recall": 0.7142857142857143,
      "correct": 25,
      "total": 35
    },
    "partial": {
      "precision": 0.4166666666666667,
      "recall": 0.20833333333333334,
      "correct": 5,
      "total": 24
    }
  }
}