{
  "overall_accuracy": 0.62,
  "normalized_mean_absolute_error": 0.17142857142857143,
  "total_correct": 62,
  "total": 100,
  "accuracy_by_label": {
    "almost": {
      "precision": 0.0,
      "recall": 0.0,
      "correct": 0,
      "total": 6
    },
    "correct": {
      "precision": 0.673469387755102,
      "recall": 0.9428571428571428,
      "correct": 33,
      "total": 35
    },
    "incorrect": {
      "precision": 0.9333333333333333,
      "recall": 0.4,
      "correct": 14,
      "total": 35
    },
    "partial": {
      "precision": 0.4166666666666667,
      "recall": 0.625,
      "correct": 15,
      "total": 24
    }
  }
}