{
  "overall_accuracy": 0.49,
  "normalized_mean_absolute_error": 0.19714285714285712,
  "total_correct": 49,
  "total": 100,
  "accuracy_by_label": {
    "almost": {
      "precision": 0.1,
      "recall": 0.3333333333333333,
      "correct": 2,
      "total": 6
    },
    "correct": {
      "precision": 0.6774193548387096,
      "recall": 0.6,
      "correct": 21,
      "total": 35
    },
    "incorrect": {
      "precision": 0.9230769230769231,
      "recall": 0.34285714285714286,
      "correct": 12,
      "total": 35
    },
    "partial": {
      "precision": 0.3888888888888889,
      "recall": 0.5833333333333334,
      "correct": 14,
      "total": 24
    }
  }
}