{
  "overall_accuracy": 0.31,
  "normalized_mean_absolute_error": 0.5328571428571428,
  "total_correct": 31,
  "total": 100,
  "accuracy_by_label": {
    "almost": {
      "precision": 0.1875,
      "recall": 0.6,
      "correct": 3,
      "total": 5
    },
    "correct": {
      "precision": 0.8947368421052632,
      "recall": 0.4857142857142857,
      "correct": 17,
      "total": 35
    },
    "incorrect": {
      "precision": 0.16666666666666666,
      "recall": 0.02857142857142857,
      "correct": 1,
      "total": 35
    },
    "partial": {
      "precision": 0.4,
      "recall": 0.4,
      "correct": 10,
      "total": 25
    }
  }
}