{
  "overall_accuracy": 0.58,
  "normalized_mean_absolute_error": 0.14142857142857143,
  "total_correct": 58,
  "total": 100,
  "accuracy_by_label": {
    "almost": {
      "precision": 0.0,
      "recall": 0.0,
      "correct": 0,
      "total": 5
    },
    "correct": {
      "precision": 0.7948717948717948,
      "recall": 0.8857142857142857,
      "correct": 31,
      "total": 35
    },
    "incorrect": {
      "precision": 0.8,
      "recall": 0.22857142857142856,
      "correct": 8,
      "total": 35
    },
    "partial": {
      "precision": 0.3877551020408163,
      "recall": 0.76,
      "correct": 19,
      "total": 25
    }
  }
}