{
  "overall_accuracy": 0.46,
  "normalized_mean_absolute_error": 0.35285714285714287,
  "total_correct": 46,
  "total": 100,
  "accuracy_by_label": {
    "almost": {
      "precision": 0.0,
      "recall": 0.0,
      "correct": 0,
      "total": 5
    },
    "correct": {
      "precision": 0.463768115942029,
      "recall": 0.9142857142857143,
      "correct": 32,
      "total": 35
    },
    "incorrect": {
      "precision": 0.6,
      "recall": 0.2571428571428571,
      "correct": 9,
      "total": 35
    },
    "partial": {
      "precision": 0.35714285714285715,
      "recall": 0.2,
      "correct": 5,
      "total": 25
    }
  }
}