{
  "overall_accuracy": 0.55,
  "normalized_mean_absolute_error": 0.22714285714285715,
  "total_correct": 55,
  "total": 100,
  "accuracy_by_label": {
    "almost": {
      "precision": 0.0,
      "recall": 0.0,
      "correct": 0,
      "total": 5
    },
    "correct": {
      "precision": 0.6122448979591837,
      "recall": 0.8571428571428571,
      "correct": 30,
      "total": 35
    },
    "incorrect": {
      "precision": 0.5641025641025641,
      "recall": 0.6285714285714286,
      "correct": 22,
      "total": 35
    },
    "partial": {
      "precision": 0.25,
      "recall": 0.12,
      "correct": 3,
      "total": 25
    }
  }
}