{
  "overall_accuracy": 0.61,
  "normalized_mean_absolute_error": 0.18571428571428572,
  "total_correct": 61,
  "total": 100,
  "accuracy_by_label": {
    "almost": {
      "precision": 0.5,
      "recall": 0.6666666666666666,
      "correct": 4,
      "total": 6
    },
    "correct": {
      "precision": 0.7560975609756098,
      "recall": 0.8857142857142857,
      "correct": 31,
      "total": 35
    },
    "incorrect": {
      "precision": 0.8,
      "recall": 0.34285714285714286,
      "correct": 12,
      "total": 35
    },
    "partial": {
      "precision": 0.3888888888888889,
      "recall": 0.5833333333333334,
      "correct": 14,
      "total": 24
    }
  }
}