{
  "overall_accuracy": 0.59,
  "normalized_mean_absolute_error": 0.17285714285714285,
  "total_correct": 59,
  "total": 100,
  "accuracy_by_label": {
    "almost": {
      "precision": 0.0,
      "recall": 0.0,
      "correct": 0,
      "total": 5
    },
    "correct": {
      "precision": 0.7021276595744681,
      "recall": 0.9428571428571428,
      "correct": 33,
      "total": 35
    },
    "incorrect": {
      "precision": 0.6470588235294118,
      "recall": 0.3142857142857143,
      "correct": 11,
      "total": 35
    },
    "partial": {
      "precision": 0.4166666666666667,
      "recall": 0.6,
      "correct": 15,
      "total": 25
    }
  }
}