{
  "overall_accuracy": 0.58,
  "normalized_mean_absolute_error": 0.16428571428571428,
  "total_correct": 58,
  "total": 100,
  "accuracy_by_label": {
    "almost": {
      "precision": 0.0,
      "recall": 0.0,
      "correct": 0,
      "total": 5
    },
    "correct": {
      "precision": 0.6888888888888889,
      "recall": 0.8857142857142857,
      "correct": 31,
      "total": 35
    },
    "incorrect": {
      "precision": 0.5517241379310345,
      "recall": 0.45714285714285713,
      "correct": 16,
      "total": 35
    },
    "partial": {
      "precision": 0.4230769230769231,
      "recall": 0.44,
      "correct": 11,
      "total": 25
    }
  }
}