{
  "overall_accuracy": 0.33,
  "normalized_mean_absolute_error": 0.49000000000000005,
  "total_correct": 33,
  "total": 100,
  "accuracy_by_label": {
    "almost": {
      "precision": 0.0,
      "recall": 0.0,
      "correct": 0,
      "total": 5
    },
    "correct": {
      "precision": 0.71875,
      "recall": 0.6571428571428571,
      "correct": 23,
      "total": 35
    },
    "incorrect": {
      "precision": 0.2857142857142857,
      "recall": 0.05714285714285714,
      "correct": 2,
      "total": 35
    },
    "partial": {
      "precision": 0.36363636363636365,
      "recall": 0.32,
      "correct": 8,
      "total": 25
    }
  }
}