{
  "overall_accuracy": 0.47,
  "normalized_mean_absolute_error": 0.20428571428571426,
  "total_correct": 47,
  "total": 100,
  "accuracy_by_label": {
    "almost": {
      "precision": 0.0,
      "recall": 0.0,
      "correct": 0,
      "total": 5
    },
    "correct": {
      "precision": 0.8285714285714286,
      "recall": 0.8285714285714286,
      "correct": 29,
      "total": 35
    },
    "incorrect": {
      "precision": 0.5,
      "recall": 0.2571428571428571,
      "correct": 9,
      "total": 35
    },
    "partial": {
      "precision": 0.24324324324324326,
      "recall": 0.36,
      "correct": 9,
      "total": 25
    }
  }
}