{
  "overall_accuracy": 0.56,
  "normalized_mean_absolute_error": 0.1542857142857143,
  "total_correct": 56,
  "total": 100,
  "accuracy_by_label": {
    "almost": {
      "precision": 0.3333333333333333,
      "recall": 0.2,
      "correct": 1,
      "total": 5
    },
    "correct": {
      "precision": 0.7441860465116279,
      "recall": 0.9142857142857143,
      "correct": 32,
      "total": 35
    },
    "incorrect": {
      "precision": 0.52,
      "recall": 0.37142857142857144,
      "correct": 13,
      "total": 35
    },
    "partial": {
      "precision": 0.3448275862068966,
      "recall": 0.4,
      "correct": 10,
      "total": 25
    }
  }
}