{
  "overall_accuracy": 0.64,
  "normalized_mean_absolute_error": 0.17285714285714285,
  "total_correct": 64,
  "total": 100,
  "accuracy_by_label": {
    "almost": {
      "precision": 0.0,
      "recall": 0.0,
      "correct": 0,
      "total": 6
    },
    "correct": {
      "precision": 0.6274509803921569,
      "recall": 0.9142857142857143,
      "correct": 32,
      "total": 35
    },
    "incorrect": {
      "precision": 0.7857142857142857,
      "recall": 0.6285714285714286,
      "correct": 22,
      "total": 35
    },
    "partial": {
      "precision": 0.47619047619047616,
      "recall": 0.4166666666666667,
      "correct": 10,
      "total": 24
    }
  }
}