{
  "overall_accuracy": 0.31,
  "normalized_mean_absolute_error": 0.4957142857142857,
  "total_correct": 31,
  "total": 100,
  "accuracy_by_label": {
    "almost": {
      "precision": 0.10526315789473684,
      "recall": 0.4,
      "correct": 2,
      "total": 5
    },
    "correct": {
      "precision": 0.8125,
      "recall": 0.37142857142857144,
      "correct": 13,
      "total": 35
    },
    "incorrect": {
      "precision": 0.5,
      "recall": 0.14285714285714285,
      "correct": 5,
      "total": 35
    },
    "partial": {
      "precision": 0.39285714285714285,
      "recall": 0.44,
      "correct": 11,
      "total": 25
    }
  }
}