{
  "overall_accuracy": 0.59,
  "normalized_mean_absolute_error": 0.17142857142857143,
  "total_correct": 59,
  "total": 100,
  "accuracy_by_label": {
    "almost": {
      "precision": 0.36363636363636365,
      "recall": 0.6666666666666666,
      "correct": 4,
      "total": 6
    },
    "correct": {
      "precision": 0.7619047619047619,
      "recall": 0.9142857142857143,
      "correct": 32,
      "total": 35
    },
    "incorrect": {
      "precision": 0.9,
      "recall": 0.2571428571428571,
      "correct": 9,
      "total": 35
    },
    "partial": {
      "precision": 0.3783783783783784,
      "recall": 0.5833333333333334,
      "correct": 14,
      "total": 24
    }
  }
}