{
  "overall_accuracy": 0.53,
  "normalized_mean_absolute_error": 0.18285714285714286,
  "total_correct": 53,
  "total": 100,
  "accuracy_by_label": {
    "almost": {
      "precision": 0.0,
      "recall": 0.0,
      "correct": 0,
      "total": 5
    },
    "correct": {
      "precision": 0.7272727272727273,
      "recall": 0.9142857142857143,
      "correct": 32,
      "total": 35
    },
    "incorrect": {
      "precision": 0.45161290322580644,
      "recall": 0.4,
      "correct": 14,
      "total": 35
    },
    "partial": {
      "precision": 0.3181818181818182,
      "recall": 0.28,
      "correct": 7,
      "total": 25
    }
  }
}