{
  "overall_accuracy": 0.49,
  "normalized_mean_absolute_error": 0.35428571428571426,
  "total_correct": 49,
  "total": 100,
  "accuracy_by_label": {
    "almost": {
      "precision": 0.029411764705882353,
      "recall": 0.16666666666666666,
      "correct": 1,
      "total": 6
    },
    "correct": {
      "precision": 0.7111111111111111,
      "recall": 0.9142857142857143,
      "correct": 32,
      "total": 35
    },
    "incorrect": {
      "precision": 0.9333333333333333,
      "recall": 0.4,
      "correct": 14,
      "total": 35
    },
    "partial": {
      "precision": 0.3333333333333333,
      "recall": 0.08333333333333333,
      "correct": 2,
      "total": 24
    }
  }
}