{
  "overall_accuracy": 0.46,
  "normalized_mean_absolute_error": 0.17857142857142858,
  "total_correct": 46,
  "total": 100,
  "accuracy_by_label": {
    "almost": {
      "precision": 0.0,
      "recall": 0.0,
      "correct": 0,
      "total": 5
    },
    "correct": {
      "precision": 0.7647058823529411,
      "recall": 0.7428571428571429,
      "correct": 26,
      "total": 35
    },
    "incorrect": {
      "precision": 0.43478260869565216,
      "recall": 0.2857142857142857,
      "correct": 10,
      "total": 35
    },
    "partial": {
      "precision": 0.2702702702702703,
      "recall": 0.4,
      "correct": 10,
      "total": 25
    }
  }
}