{
  "overall_accuracy": 0.58,
  "normalized_mean_absolute_error": 0.18571428571428572,
  "total_correct": 58,
  "total": 100,
  "accuracy_by_label": {
    "almost": {
      "precision": 0.0,
      "recall": 0.0,
      "correct": 0,
      "total": 6
    },
    "correct": {
      "precision": 0.8181818181818182,
      "recall": 0.7714285714285715,
      "correct": 27,
      "total": 35
    },
    "incorrect": {
      "precision": 0.6666666666666666,
      "recall": 0.5142857142857142,
      "correct": 18,
      "total": 35
    },
    "partial": {
      "precision": 0.3939393939393939,
      "recall": 0.5416666666666666,
      "correct": 13,
      "total": 24
    }
  }
}