{
  "overall_accuracy": 0.53,
  "normalized_mean_absolute_error": 0.1757142857142857,
  "total_correct": 53,
  "total": 100,
  "accuracy_by_label": {
    "almost": {
      "precision": 0.0,
      "recall": 0.0,
      "correct": 0,
      "total": 5
    },
    "correct": {
      "precision": 0.7142857142857143,
      "recall": 0.8571428571428571,
      "correct": 30,
      "total": 35
    },
    "incorrect": {
      "precision": 0.48484848484848486,
      "recall": 0.45714285714285713,
      "correct": 16,
      "total": 35
    },
    "partial": {
      "precision": 0.30434782608695654,
      "recall": 0.28,
      "correct": 7,
      "total": 25
    }
  }
}