{
  "overall_accuracy": 0.45,
  "normalized_mean_absolute_error": 0.26857142857142857,
  "total_correct": 45,
  "total": 100,
  "accuracy_by_label": {
    "almost": {
      "precision": 0.0,
      "recall": 0.0,
      "correct": 0,
      "total": 5
    },
    "correct": {
      "precision": 0.6444444444444445,
      "recall": 0.8285714285714286,
      "correct": 29,
      "total": 35
    },
    "incorrect": {
      "precision": 0.41935483870967744,
      "recall": 0.37142857142857144,
      "correct": 13,
      "total": 35
    },
    "partial": {
      "precision": 0.1875,
      "recall": 0.12,
      "correct": 3,
      "total": 25
    }
  }
}