{
  "overall_accuracy": 0.52,
  "normalized_mean_absolute_error": 0.19714285714285712,
  "total_correct": 52,
  "total": 100,
  "accuracy_by_label": {
    "almost": {
      "precision": 0.0,
      "recall": 0.0,
      "correct": 0,
      "total": 5
    },
    "correct": {
      "precision": 0.6666666666666666,
      "recall": 0.8571428571428571,
      "correct": 30,
      "total": 35
    },
    "incorrect": {
      "precision": 0.5357142857142857,
      "recall": 0.42857142857142855,
      "correct": 15,
      "total": 35
    },
    "partial": {
      "precision": 0.25925925925925924,
      "recall": 0.28,
      "correct": 7,
      "total": 25
    }
  }
}