{
  "overall_accuracy": 0.6,
  "normalized_mean_absolute_error": 0.19999999999999998,
  "total_correct": 60,
  "total": 100,
  "accuracy_by_label": {
    "almost": {
      "precision": 0.0,
      "recall": 0.0,
      "correct": 0,
      "total": 6
    },
    "correct": {
      "precision": 0.6071428571428571,
      "recall": 0.9714285714285714,
      "correct": 34,
      "total": 35
    },
    "incorrect": {
      "precision": 0.7241379310344828,
      "recall": 0.6,
      "correct": 21,
      "total": 35
    },
    "partial": {
      "precision": 0.38461538461538464,
      "recall": 0.20833333333333334,
      "correct": 5,
      "total": 24
    }
  }
}