{
  "overall_accuracy": 0.57,
  "normalized_mean_absolute_error": 0.20857142857142857,
  "total_correct": 57,
  "total": 100,
  "accuracy_by_label": {
    "almost": {
      "precision": 0.0,
      "recall": 0.0,
      "correct": 0,
      "total": 6
    },
    "correct": {
      "precision": 0.5892857142857143,
      "recall": 0.9428571428571428,
      "correct": 33,
      "total": 35
    },
    "incorrect": {
      "precision": 0.6451612903225806,
      "recall": 0.5714285714285714,
      "correct": 20,
      "total": 35
    },
    "partial": {
      "precision": 0.3076923076923077,
      "recall": 0.16666666666666666,
      "correct": 4,
      "total": 24
    }
  }
}