{
  "overall_accuracy": 0.59,
  "normalized_mean_absolute_error": 0.1457142857142857,
  "total_correct": 59,
  "total": 100,
  "accuracy_by_label": {
    "almost": {
      "precision": 0.3333333333333333,
      "recall": 0.16666666666666666,
      "correct": 1,
      "total": 6
    },
    "correct": {
      "precision": 0.717391304347826,
      "recall": 0.9428571428571428,
      "correct": 33,
      "total": 35
    },
    "incorrect": {
      "precision": 1.0,
      "recall": 0.22857142857142856,
      "correct": 8,
      "total": 35
    },
    "partial": {
      "precision": 0.3953488372093023,
      "recall": 0.7083333333333334,
      "correct": 17,
      "total": 24
    }
  }
}