{
  "overall_accuracy": 0.63,
  "normalized_mean_absolute_error": 0.16428571428571428,
  "total_correct": 63,
  "total": 100,
  "accuracy_by_label": {
    "almost": {
      "precision": 0.6666666666666666,
      "recall": 0.3333333333333333,
      "correct": 2,
      "total": 6
    },
    "correct": {
      "precision": 0.7111111111111111,
      "recall": 0.9142857142857143,
      "correct": 32,
      "total": 35
    },
    "incorrect": {
      "precision": 0.7037037037037037,
      "recall": 0.5428571428571428,
      "correct": 19,
      "total": 35
    },
    "partial": {
      "precision": 0.4,
      "recall": 0.4166666666666667,
      "correct": 10,
      "total": 24
    }
  }
}