{
  "overall_accuracy": 0.59,
  "normalized_mean_absolute_error": 0.1657142857142857,
  "total_correct": 59,
  "total": 100,
  "accuracy_by_label": {
    "almost": {
      "precision": 0.0,
      "recall": 0.0,
      "correct": 0,
      "total": 5
    },
    "correct": {
      "precision": 0.7894736842105263,
      "recall": 0.8571428571428571,
      "correct": 30,
      "total": 35
    },
    "incorrect": {
      "precision": 0.6521739130434783,
      "recall": 0.42857142857142855,
      "correct": 15,
      "total": 35
    },
    "partial": {
      "precision": 0.4375,
      "recall": 0.56,
      "correct": 14,
      "total": 25
    }
  }
}