{
  "overall_accuracy": 0.66,
  "normalized_mean_absolute_error": 0.14285714285714285,
  "total_correct": 66,
  "total": 100,
  "accuracy_by_label": {
    "almost": {
      "precision": 0.5,
      "recall": 0.16666666666666666,
      "correct": 1,
      "total": 6
    },
    "correct": {
      "precision": 0.7083333333333334,
      "recall": 0.9714285714285714,
      "correct": 34,
      "total": 35
    },
    "incorrect": {
      "precision": 0.6923076923076923,
      "recall": 0.7714285714285715,
      "correct": 27,
      "total": 35
    },
    "partial": {
      "precision": 0.36363636363636365,
      "recall": 0.16666666666666666,
      "correct": 4,
      "total": 24
    }
  }
}