{
  "overall_accuracy": 0.57,
  "normalized_mean_absolute_error": 0.15142857142857144,
  "total_correct": 57,
  "total": 100,
  "accuracy_by_label": {
    "almost": {
      "precision": 0.0,
      "recall": 0.0,
      "correct": 0,
      "total": 5
    },
    "correct": {
      "precision": 0.8108108108108109,
      "recall": 0.8571428571428571,
      "correct": 30,
      "total": 35
    },
    "incorrect": {
      "precision": 0.5121951219512195,
      "recall": 0.6,
      "correct": 21,
      "total": 35
    },
    "partial": {
      "precision": 0.3157894736842105,
      "recall": 0.24,
      "correct": 6,
      "total": 25
    }
  }
}