{
  "overall_accuracy": 0.42,
  "normalized_mean_absolute_error": 0.41571428571428576,
  "total_correct": 42,
  "total": 100,
  "accuracy_by_label": {
    "almost": {
      "precision": 0.0,
      "recall": 0.0,
      "correct": 0,
      "total": 6
    },
    "correct": {
      "precision": 0.43037974683544306,
      "recall": 0.9714285714285714,
      "correct": 34,
      "total": 35
    },
    "incorrect": {
      "precision": 0.0,
      "recall": 0.0,
      "correct": 0,
      "total": 35
    },
    "partial": {
      "precision": 0.38095238095238093,
      "recall": 0.3333333333333333,
      "correct": 8,
      "total": 24
    }
  }
}