{
  "overall_accuracy": 0.53,
  "normalized_mean_absolute_error": 0.3028571428571429,
  "total_correct": 53,
  "total": 100,
  "accuracy_by_label": {
    "almost": {
      "precision": 0.5,
      "recall": 0.16666666666666666,
      "correct": 1,
      "total": 6
    },
    "correct": {
      "precision": 0.7272727272727273,
      "recall": 0.45714285714285713,
      "correct": 16,
      "total": 35
    },
    "incorrect": {
      "precision": 0.4339622641509434,
      "recall": 0.6571428571428571,
      "correct": 23,
      "total": 35
    },
    "partial": {
      "precision": 0.5652173913043478,
      "recall": 0.5416666666666666,
      "correct": 13,
      "total": 24
    }
  }
}