{
  "overall_accuracy": 0.56,
  "normalized_mean_absolute_error": 0.18571428571428572,
  "total_correct": 56,
  "total": 100,
  "accuracy_by_label": {
    "almost": {
      "precision": 0.1111111111111111,
      "recall": 0.2,
      "correct": 1,
      "total": 5
    },
    "correct": {
      "precision": 0.7380952380952381,
      "recall": 0.8857142857142857,
      "correct": 31,
      "total": 35
    },
    "incorrect": {
      "precision": 0.631578947368421,
      "recall": 0.34285714285714286,
      "correct": 12,
      "total": 35
    },
    "partial": {
      "precision": 0.4,
      "recall": 0.48,
      "correct": 12,
      "total": 25
    }
  }
}