{
  "overall_accuracy": 0.5,
  "normalized_mean_absolute_error": 0.3071428571428571,
  "total_correct": 50,
  "total": 100,
  "accuracy_by_label": {
    "almost": {
      "precision": 0.21428571428571427,
      "recall": 0.6,
      "correct": 3,
      "total": 5
    },
    "correct": {
      "precision": 0.8666666666666667,
      "recall": 0.37142857142857144,
      "correct": 13,
      "total": 35
    },
    "incorrect": {
      "precision": 0.6410256410256411,
      "recall": 0.7142857142857143,
      "correct": 25,
      "total": 35
    },
    "partial": {
      "precision": 0.375,
      "recall": 0.36,
      "correct": 9,
      "total": 25
    }
  }
}