{
  "overall_accuracy": 0.28,
  "normalized_mean_absolute_error": 0.4957142857142857,
  "total_correct": 28,
  "total": 100,
  "accuracy_by_label": {
    "almost": {
      "precision": 0.19047619047619047,
      "recall": 0.8,
      "correct": 4,
      "total": 5
    },
    "correct": {
      "precision": 0.8571428571428571,
      "recall": 0.34285714285714286,
      "correct": 12,
      "total": 35
    },
    "incorrect": {
      "precision": 0.36363636363636365,
      "recall": 0.11428571428571428,
      "correct": 4,
      "total": 35
    },
    "partial": {
      "precision": 0.2962962962962963,
      "recall": 0.32,
      "correct": 8,
      "total": 25
    }
  }
}