{
  "overall_accuracy": 0.59,
  "normalized_mean_absolute_error": 0.25285714285714284,
  "total_correct": 59,
  "total": 100,
  "accuracy_by_label": {
    "almost": {
      "precision": 0.0,
      "recall": 0.0,
      "correct": 0,
      "total": 6
    },
    "correct": {
      "precision": 0.6458333333333334,
      "recall": 0.8857142857142857,
      "correct": 31,
      "total": 35
    },
    "incorrect": {
      "precision": 0.7575757575757576,
      "recall": 0.7142857142857143,
      "correct": 25,
      "total": 35
    },
    "partial": {
      "precision": 0.3333333333333333,
      "recall": 0.125,
      "correct": 3,
      "total": 24
    }
  }
}