{
  "overall_accuracy": 0.4,
  "normalized_mean_absolute_error": 0.2557142857142857,
  "total_correct": 40,
  "total": 100,
  "accuracy_by_label": {
    "almost": {
      "precision": 0.0,
      "recall": 0.0,
      "correct": 0,
      "total": 5
    },
    "correct": {
      "precision": 0.7916666666666666,
      "recall": 0.5428571428571428,
      "correct": 19,
      "total": 35
    },
    "incorrect": {
      "precision": 0.42857142857142855,
      "recall": 0.2571428571428571,
      "correct": 9,
      "total": 35
    },
    "partial": {
      "precision": 0.21818181818181817,
      "recall": 0.48,
      "correct": 12,
      "total": 25
    }
  }
}