{
  "overall_accuracy": 0.32,
  "normalized_mean_absolute_error": 0.55,
  "total_correct": 32,
  "total": 100,
  "accuracy_by_label": {
    "almost": {
      "precision": 0.0,
      "recall": 0.0,
      "correct": 0,
      "total": 5
    },
    "correct": {
      "precision": 0.7352941176470589,
      "recall": 0.7142857142857143,
      "correct": 25,
      "total": 35
    },
    "incorrect": {
      "precision": 0.3333333333333333,
      "recall": 0.05714285714285714,
      "correct": 2,
      "total": 35
    },
    "partial": {
      "precision": 0.3333333333333333,
      "recall": 0.2,
      "correct": 5,
      "total": 25
    }
  }
}