{
  "overall_accuracy": 0.57,
  "normalized_mean_absolute_error": 0.15285714285714286,
  "total_correct": 57,
  "total": 100,
  "accuracy_by_label": {
    "almost": {
      "precision": 0.0,
      "recall": 0.0,
      "correct": 0,
      "total": 5
    },
    "correct": {
      "precision": 0.7317073170731707,
      "recall": 0.8571428571428571,
      "correct": 30,
      "total": 35
    },
    "incorrect": {
      "precision": 0.5666666666666667,
      "recall": 0.4857142857142857,
      "correct": 17,
      "total": 35
    },
    "partial": {
      "precision": 0.35714285714285715,
      "recall": 0.4,
      "correct": 10,
      "total": 25
    }
  }
}