{
  "overall_accuracy": 0.47,
  "normalized_mean_absolute_error": 0.22142857142857145,
  "total_correct": 47,
  "total": 100,
  "accuracy_by_label": {
    "almost": {
      "precision": 0.2,
      "recall": 0.2,
      "correct": 1,
      "total": 5
    },
    "correct": {
      "precision": 0.6666666666666666,
      "recall": 0.9142857142857143,
      "correct": 32,
      "total": 35
    },
    "incorrect": {
      "precision": 0.39285714285714285,
      "recall": 0.3142857142857143,
      "correct": 11,
      "total": 35
    },
    "partial": {
      "precision": 0.15789473684210525,
      "recall": 0.12,
      "correct": 3,
      "total": 25
    }
  }
}