{
  "overall_accuracy": 0.53,
  "normalized_mean_absolute_error": 0.13999999999999999,
  "total_correct": 53,
  "total": 100,
  "accuracy_by_label": {
    "almost": {
      "precision": 0.0,
      "recall": 0.0,
      "correct": 0,
      "total": 5
    },
    "correct": {
      "precision": 0.7948717948717948,
      "recall": 0.8857142857142857,
      "correct": 31,
      "total": 35
    },
    "incorrect": {
      "precision": 0.47619047619047616,
      "recall": 0.2857142857142857,
      "correct": 10,
      "total": 35
    },
    "partial": {
      "precision": 0.32432432432432434,
      "recall": 0.48,
      "correct": 12,
      "total": 25
    }
  }
}