{
  "overall_accuracy": 0.25,
  "normalized_mean_absolute_error": 0.47285714285714286,
  "total_correct": 25,
  "total": 100,
  "accuracy_by_label": {
    "almost": {
      "precision": 0.06060606060606061,
      "recall": 0.4,
      "correct": 2,
      "total": 5
    },
    "correct": {
      "precision": 0.3333333333333333,
      "recall": 0.3142857142857143,
      "correct": 11,
      "total": 35
    },
    "incorrect": {
      "precision": 0.0,
      "recall": 0.0,
      "correct": 0,
      "total": 35
    },
    "partial": {
      "precision": 0.35294117647058826,
      "recall": 0.48,
      "correct": 12,
      "total": 25
    }
  }
}