{
  "overall_accuracy": 0.64,
  "normalized_mean_absolute_error": 0.1542857142857143,
  "total_correct": 64,
  "total": 100,
  "accuracy_by_label": {
    "almost": {
      "precision": 0.0,
      "recall": 0.0,
      "correct": 0,
      "total": 6
    },
    "correct": {
      "precision": 0.6938775510204082,
      "recall": 0.9714285714285714,
      "correct": 34,
      "total": 35
    },
    "incorrect": {
      "precision": 0.7241379310344828,
      "recall": 0.6,
      "correct": 21,
      "total": 35
    },
    "partial": {
      "precision": 0.4090909090909091,
      "recall": 0.375,
      "correct": 9,
      "total": 24
    }
  }
}