{
  "overall_accuracy": 0.33,
  "normalized_mean_absolute_error": 0.48142857142857143,
  "total_correct": 33,
  "total": 100,
  "accuracy_by_label": {
    "almost": {
      "precision": 0.1111111111111111,
      "recall": 0.16666666666666666,
      "correct": 1,
      "total": 6
    },
    "correct": {
      "precision": 0.7096774193548387,
      "recall": 0.6285714285714286,
      "correct": 22,
      "total": 35
    },
    "incorrect": {
      "precision": 0.5714285714285714,
      "recall": 0.22857142857142856,
      "correct": 8,
      "total": 35
    },
    "partial": {
      "precision": 0.18181818181818182,
      "recall": 0.08333333333333333,
      "correct": 2,
      "total": 24
    }
  }
}