{
  "overall_accuracy": 0.24,
  "normalized_mean_absolute_error": 0.5942857142857143,
  "total_correct": 24,
  "total": 100,
  "accuracy_by_label": {
    "almost": {
      "precision": 0.13333333333333333,
      "recall": 0.3333333333333333,
      "correct": 2,
      "total": 6
    },
    "correct": {
      "precision": 0.7777777777777778,
      "recall": 0.4,
      "correct": 14,
      "total": 35
    },
    "incorrect": {
      "precision": 0.5,
      "recall": 0.05714285714285714,
      "correct": 2,
      "total": 35
    },
    "partial": {
      "precision": 0.2727272727272727,
      "recall": 0.25,
      "correct": 6,
      "total": 24
    }
  }
}