{
  "overall_accuracy": 0.62,
  "normalized_mean_absolute_error": 0.18,
  "total_correct": 62,
  "total": 100,
  "accuracy_by_label": {
    "almost": {
      "precision": 0.4,
      "recall": 0.3333333333333333,
      "correct": 2,
      "total": 6
    },
    "correct": {
      "precision": 0.6530612244897959,
      "recall": 0.9142857142857143,
      "correct": 32,
      "total": 35
    },
    "incorrect": {
      "precision": 0.85,
      "recall": 0.4857142857142857,
      "correct": 17,
      "total": 35
    },
    "partial": {
      "precision": 0.4230769230769231,
      "recall": 0.4583333333333333,
      "correct": 11,
      "total": 24
    }
  }
}