{
  "overall_accuracy": 0.56,
  "normalized_mean_absolute_error": 0.17285714285714285,
  "total_correct": 56,
  "total": 100,
  "accuracy_by_label": {
    "almost": {
      "precision": 0.0,
      "recall": 0.0,
      "correct": 0,
      "total": 6
    },
    "correct": {
      "precision": 0.673469387755102,
      "recall": 0.9428571428571428,
      "correct": 33,
      "total": 35
    },
    "incorrect": {
      "precision": 0.6666666666666666,
      "recall": 0.4,
      "correct": 14,
      "total": 35
    },
    "partial": {
      "precision": 0.3103448275862069,
      "recall": 0.375,
      "correct": 9,
      "total": 24
    }
  }
}