{
  "overall_accuracy": 0.61,
  "normalized_mean_absolute_error": 0.16857142857142857,
  "total_correct": 61,
  "total": 100,
  "accuracy_by_label": {
    "almost": {
      "precision": 0.3,
      "recall": 0.5,
      "correct": 3,
      "total": 6
    },
    "correct": {
      "precision": 0.7560975609756098,
      "recall": 0.8857142857142857,
      "correct": 31,
      "total": 35
    },
    "incorrect": {
      "precision": 1.0,
      "recall": 0.3142857142857143,
      "correct": 11,
      "total": 35
    },
    "partial": {
      "precision": 0.42105263157894735,
      "recall": 0.6666666666666666,
      "correct": 16,
      "total": 24
    }
  }
}