{
  "overall_accuracy": 0.63,
  "normalized_mean_absolute_error": 0.15714285714285717,
  "total_correct": 63,
  "total": 100,
  "accuracy_by_label": {
    "almost": {
      "precision": 0.0,
      "recall": 0.0,
      "correct": 0,
      "total": 5
    },
    "correct": {
      "precision": 0.7111111111111111,
      "recall": 0.9142857142857143,
      "correct": 32,
      "total": 35
    },
    "incorrect": {
      "precision": 0.5576923076923077,
      "recall": 0.8285714285714286,
      "correct": 29,
      "total": 35
    },
    "partial": {
      "precision": 0.6666666666666666,
      "recall": 0.08,
      "correct": 2,
      "total": 25
    }
  }
}