{
  "overall_accuracy": 0.63,
  "normalized_mean_absolute_error": 0.18285714285714286,
  "total_correct": 63,
  "total": 100,
  "accuracy_by_label": {
    "almost": {
      "precision": 0.5,
      "recall": 0.16666666666666666,
      "correct": 1,
      "total": 6
    },
    "correct": {
      "precision": 0.7894736842105263,
      "recall": 0.8571428571428571,
      "correct": 30,
      "total": 35
    },
    "incorrect": {
      "precision": 0.6785714285714286,
      "recall": 0.5428571428571428,
      "correct": 19,
      "total": 35
    },
    "partial": {
      "precision": 0.48148148148148145,
      "recall": 0.5416666666666666,
      "correct": 13,
      "total": 24
    }
  }
}