{
  "overall_accuracy": 0.6,
  "normalized_mean_absolute_error": 0.13285714285714287,
  "total_correct": 60,
  "total": 100,
  "accuracy_by_label": {
    "almost": {
      "precision": 0.0,
      "recall": 0.0,
      "correct": 0,
      "total": 6
    },
    "correct": {
      "precision": 0.8,
      "recall": 0.8,
      "correct": 28,
      "total": 35
    },
    "incorrect": {
      "precision": 0.9230769230769231,
      "recall": 0.34285714285714286,
      "correct": 12,
      "total": 35
    },
    "partial": {
      "precision": 0.425531914893617,
      "recall": 0.8333333333333334,
      "correct": 20,
      "total": 24
    }
  }
}