{
  "overall_accuracy": 0.51,
  "normalized_mean_absolute_error": 0.18714285714285714,
  "total_correct": 51,
  "total": 100,
  "accuracy_by_label": {
    "almost": {
      "precision": 0.0,
      "recall": 0.0,
      "correct": 0,
      "total": 5
    },
    "correct": {
      "precision": 0.725,
      "recall": 0.8285714285714286,
      "correct": 29,
      "total": 35
    },
    "incorrect": {
      "precision": 0.5333333333333333,
      "recall": 0.22857142857142856,
      "correct": 8,
      "total": 35
    },
    "partial": {
      "precision": 0.3783783783783784,
      "recall": 0.56,
      "correct": 14,
      "total": 25
    }
  }
}