{
  "overall_accuracy": 0.62,
  "normalized_mean_absolute_error": 0.16428571428571428,
  "total_correct": 62,
  "total": 100,
  "accuracy_by_label": {
    "almost": {
      "precision": 0.0,
      "recall": 0.0,
      "correct": 0,
      "total": 5
    },
    "correct": {
      "precision": 0.6875,
      "recall": 0.9428571428571428,
      "correct": 33,
      "total": 35
    },
    "incorrect": {
      "precision": 0.6129032258064516,
      "recall": 0.5428571428571428,
      "correct": 19,
      "total": 35
    },
    "partial": {
      "precision": 0.47619047619047616,
      "recall": 0.4,
      "correct": 10,
      "total": 25
    }
  }
}