{
  "overall_accuracy": 0.52,
  "normalized_mean_absolute_error": 0.19571428571428573,
  "total_correct": 52,
  "total": 100,
  "accuracy_by_label": {
    "almost": {
      "precision": 0.0,
      "recall": 0.0,
      "correct": 0,
      "total": 5
    },
    "correct": {
      "precision": 0.7045454545454546,
      "recall": 0.8857142857142857,
      "correct": 31,
      "total": 35
    },
    "incorrect": {
      "precision": 0.5,
      "recall": 0.2857142857142857,
      "correct": 10,
      "total": 35
    },
    "partial": {
      "precision": 0.3548387096774194,
      "recall": 0.44,
      "correct": 11,
      "total": 25
    }
  }
}