{
  "overall_accuracy": 0.6,
  "normalized_mean_absolute_error": 0.2057142857142857,
  "total_correct": 60,
  "total": 100,
  "accuracy_by_label": {
    "almost": {
      "precision": 0.14285714285714285,
      "recall": 0.16666666666666666,
      "correct": 1,
      "total": 6
    },
    "correct": {
      "precision": 0.673469387755102,
      "recall": 0.9428571428571428,
      "correct": 33,
      "total": 35
    },
    "incorrect": {
      "precision": 0.7333333333333333,
      "recall": 0.6285714285714286,
      "correct": 22,
      "total": 35
    },
    "partial": {
      "precision": 0.2857142857142857,
      "recall": 0.16666666666666666,
      "correct": 4,
      "total": 24
    }
  }
}