{
  "overall_accuracy": 0.66,
  "normalized_mean_absolute_error": 0.14857142857142858,
  "total_correct": 66,
  "total": 100,
  "accuracy_by_label": {
    "almost": {
      "precision": 0.3,
      "recall": 0.5,
      "correct": 3,
      "total": 6
    },
    "correct": {
      "precision": 0.8611111111111112,
      "recall": 0.8857142857142857,
      "correct": 31,
      "total": 35
    },
    "incorrect": {
      "precision": 0.7777777777777778,
      "recall": 0.6,
      "correct": 21,
      "total": 35
    },
    "partial": {
      "precision": 0.4074074074074074,
      "recall": 0.4583333333333333,
      "correct": 11,
      "total": 24
    }
  }
}