{
  "overall_accuracy": 0.35,
  "normalized_mean_absolute_error": 0.47428571428571425,
  "total_correct": 35,
  "total": 100,
  "accuracy_by_label": {
    "almost": {
      "precision": 0.1111111111111111,
      "recall": 0.2,
      "correct": 1,
      "total": 5
    },
    "correct": {
      "precision": 0.7307692307692307,
      "recall": 0.5428571428571428,
      "correct": 19,
      "total": 35
    },
    "incorrect": {
      "precision": 0.47058823529411764,
      "recall": 0.22857142857142856,
      "correct": 8,
      "total": 35
    },
    "partial": {
      "precision": 0.5384615384615384,
      "recall": 0.28,
      "correct": 7,
      "total": 25
    }
  }
}