{
  "overall_accuracy": 0.45,
  "normalized_mean_absolute_error": 0.3271428571428571,
  "total_correct": 45,
  "total": 100,
  "accuracy_by_label": {
    "almost": {
      "precision": 0.1,
      "recall": 0.3333333333333333,
      "correct": 2,
      "total": 6
    },
    "correct": {
      "precision": 0.7857142857142857,
      "recall": 0.3142857142857143,
      "correct": 11,
      "total": 35
    },
    "incorrect": {
      "precision": 0.7428571428571429,
      "recall": 0.7428571428571429,
      "correct": 26,
      "total": 35
    },
    "partial": {
      "precision": 0.25,
      "recall": 0.25,
      "correct": 6,
      "total": 24
    }
  }
}