{
  "overall_accuracy": 0.41,
  "normalized_mean_absolute_error": 0.43857142857142856,
  "total_correct": 41,
  "total": 100,
  "accuracy_by_label": {
    "almost": {
      "precision": 0.0,
      "recall": 0.0,
      "correct": 0,
      "total": 5
    },
    "correct": {
      "precision": 0.75,
      "recall": 0.8571428571428571,
      "correct": 30,
      "total": 35
    },
    "incorrect": {
      "precision": 0.5714285714285714,
      "recall": 0.22857142857142856,
      "correct": 8,
      "total": 35
    },
    "partial": {
      "precision": 0.23076923076923078,
      "recall": 0.12,
      "correct": 3,
      "total": 25
    }
  }
}