{
  "overall_accuracy": 0.55,
  "normalized_mean_absolute_error": 0.19571428571428573,
  "total_correct": 55,
  "total": 100,
  "accuracy_by_label": {
    "almost": {
      "precision": 0.0,
      "recall": 0.0,
      "correct": 0,
      "total": 5
    },
    "correct": {
      "precision": 0.6976744186046512,
      "recall": 0.8571428571428571,
      "correct": 30,
      "total": 35
    },
    "incorrect": {
      "precision": 0.5185185185185185,
      "recall": 0.4,
      "correct": 14,
      "total": 35
    },
    "partial": {
      "precision": 0.36666666666666664,
      "recall": 0.44,
      "correct": 11,
      "total": 25
    }
  }
}