{
  "overall_accuracy": 0.46,
  "normalized_mean_absolute_error": 0.2857142857142857,
  "total_correct": 46,
  "total": 100,
  "accuracy_by_label": {
    "almost": {
      "precision": 0.18181818181818182,
      "recall": 0.4,
      "correct": 2,
      "total": 5
    },
    "correct": {
      "precision": 0.76,
      "recall": 0.5428571428571428,
      "correct": 19,
      "total": 35
    },
    "incorrect": {
      "precision": 0.45161290322580644,
      "recall": 0.4,
      "correct": 14,
      "total": 35
    },
    "partial": {
      "precision": 0.3333333333333333,
      "recall": 0.44,
      "correct": 11,
      "total": 25
    }
  }
}