{
  "overall_accuracy": 0.68,
  "normalized_mean_absolute_error": 0.1357142857142857,
  "total_correct": 68,
  "total": 100,
  "accuracy_by_label": {
    "almost": {
      "precision": 0.0,
      "recall": 0.0,
      "correct": 0,
      "total": 6
    },
    "correct": {
      "precision": 0.7333333333333333,
      "recall": 0.9428571428571428,
      "correct": 33,
      "total": 35
    },
    "incorrect": {
      "precision": 0.75,
      "recall": 0.6,
      "correct": 21,
      "total": 35
    },
    "partial": {
      "precision": 0.5185185185185185,
      "recall": 0.5833333333333334,
      "correct": 14,
      "total": 24
    }
  }
}