{
  "overall_accuracy": 0.56,
  "normalized_mean_absolute_error": 0.1742857142857143,
  "total_correct": 56,
  "total": 100,
  "accuracy_by_label": {
    "almost": {
      "precision": 0.0,
      "recall": 0.0,
      "correct": 0,
      "total": 5
    },
    "correct": {
      "precision": 0.6666666666666666,
      "recall": 0.9142857142857143,
      "correct": 32,
      "total": 35
    },
    "incorrect": {
      "precision": 0.5263157894736842,
      "recall": 0.5714285714285714,
      "correct": 20,
      "total": 35
    },
    "partial": {
      "precision": 0.2857142857142857,
      "recall": 0.16,
      "correct": 4,
      "total": 25
    }
  }
}