{
  "overall_accuracy": 0.45,
  "normalized_mean_absolute_error": 0.43571428571428567,
  "total_correct": 45,
  "total": 100,
  "accuracy_by_label": {
    "almost": {
      "precision": 0.0,
      "recall": 0.0,
      "correct": 0,
      "total": 6
    },
    "correct": {
      "precision": 0.7073170731707317,
      "recall": 0.8285714285714286,
      "correct": 29,
      "total": 35
    },
    "incorrect": {
      "precision": 1.0,
      "recall": 0.2857142857142857,
      "correct": 10,
      "total": 35
    },
    "partial": {
      "precision": 0.3157894736842105,
      "recall": 0.25,
      "correct": 6,
      "total": 24
    }
  }
}