{
  "overall_accuracy": 0.63,
  "normalized_mean_absolute_error": 0.15285714285714286,
  "total_correct": 63,
  "total": 100,
  "accuracy_by_label": {
    "almost": {
      "precision": 0.0,
      "recall": 0.0,
      "correct": 0,
      "total": 5
    },
    "correct": {
      "precision": 0.7441860465116279,
      "recall": 0.9142857142857143,
      "correct": 32,
      "total": 35
    },
    "incorrect": {
      "precision": 0.6363636363636364,
      "recall": 0.6,
      "correct": 21,
      "total": 35
    },
    "partial": {
      "precision": 0.45454545454545453,
      "recall": 0.4,
      "correct": 10,
      "total": 25
    }
  }
}