{
  "overall_accuracy": 0.56,
  "normalized_mean_absolute_error": 0.3,
  "total_correct": 56,
  "total": 100,
  "accuracy_by_label": {
    "almost": {
      "precision": 0.0,
      "recall": 0.0,
      "correct": 0,
      "total": 6
    },
    "correct": {
      "precision": 0.4927536231884058,
      "recall": 0.9714285714285714,
      "correct": 34,
      "total": 35
    },
    "incorrect": {
      "precision": 0.6896551724137931,
      "recall": 0.5714285714285714,
      "correct": 20,
      "total": 35
    },
    "partial": {
      "precision": 1.0,
      "recall": 0.08333333333333333,
      "correct": 2,
      "total": 24
    }
  }
}