{
  "overall_accuracy": 0.66,
  "normalized_mean_absolute_error": 0.15714285714285717,
  "total_correct": 66,
  "total": 100,
  "accuracy_by_label": {
    "almost": {
      "precision": 0.2,
      "recall": 0.16666666666666666,
      "correct": 1,
      "total": 6
    },
    "correct": {
      "precision": 0.7209302325581395,
      "recall": 0.8857142857142857,
      "correct": 31,
      "total": 35
    },
    "incorrect": {
      "precision": 0.6818181818181818,
      "recall": 0.8571428571428571,
      "correct": 30,
      "total": 35
    },
    "partial": {
      "precision": 0.5,
      "recall": 0.16666666666666666,
      "correct": 4,
      "total": 24
    }
  }
}