{
  "overall_accuracy": 0.5,
  "normalized_mean_absolute_error": 0.18571428571428572,
  "total_correct": 50,
  "total": 100,
  "accuracy_by_label": {
    "almost": {
      "precision": 0.047619047619047616,
      "recall": 0.2,
      "correct": 1,
      "total": 5
    },
    "correct": {
      "precision": 0.7741935483870968,
      "recall": 0.6857142857142857,
      "correct": 24,
      "total": 35
    },
    "incorrect": {
      "precision": 0.5555555555555556,
      "recall": 0.42857142857142855,
      "correct": 15,
      "total": 35
    },
    "partial": {
      "precision": 0.47619047619047616,
      "recall": 0.4,
      "correct": 10,
      "total": 25
    }
  }
}