{
  "overall_accuracy": 0.44,
  "normalized_mean_absolute_error": 0.4042857142857143,
  "total_correct": 44,
  "total": 100,
  "accuracy_by_label": {
    "almost": {
      "precision": 0.0,
      "recall": 0.0,
      "correct": 0,
      "total": 6
    },
    "correct": {
      "precision": 0.6829268292682927,
      "recall": 0.8,
      "correct": 28,
      "total": 35
    },
    "incorrect": {
      "precision": 0.8461538461538461,
      "recall": 0.3142857142857143,
      "correct": 11,
      "total": 35
    },
    "partial": {
      "precision": 0.2631578947368421,
      "recall": 0.20833333333333334,
      "correct": 5,
      "total": 24
    }
  }
}