{
  "overall_accuracy": 0.16,
  "normalized_mean_absolute_error": 0.55,
  "total_correct": 16,
  "total": 100,
  "accuracy_by_label": {
    "almost": {
      "precision": 0.04,
      "recall": 0.3333333333333333,
      "correct": 2,
      "total": 6
    },
    "correct": {
      "precision": 0.3076923076923077,
      "recall": 0.11428571428571428,
      "correct": 4,
      "total": 35
    },
    "incorrect": {
      "precision": 0.0,
      "recall": 0.0,
      "correct": 0,
      "total": 35
    },
    "partial": {
      "precision": 0.2702702702702703,
      "recall": 0.4166666666666667,
      "correct": 10,
      "total": 24
    }
  }
}