{
  "overall_accuracy": 0.64,
  "normalized_mean_absolute_error": 0.16428571428571428,
  "total_correct": 64,
  "total": 100,
  "accuracy_by_label": {
    "almost": {
      "precision": 1.0,
      "recall": 0.3333333333333333,
      "correct": 2,
      "total": 6
    },
    "correct": {
      "precision": 0.68,
      "recall": 0.9714285714285714,
      "correct": 34,
      "total": 35
    },
    "incorrect": {
      "precision": 0.8333333333333334,
      "recall": 0.42857142857142855,
      "correct": 15,
      "total": 35
    },
    "partial": {
      "precision": 0.43333333333333335,
      "recall": 0.5416666666666666,
      "correct": 13,
      "total": 24
    }
  }
}