{
  "overall_accuracy": 0.62,
  "normalized_mean_absolute_error": 0.15714285714285717,
  "total_correct": 62,
  "total": 100,
  "accuracy_by_label": {
    "almost": {
      "precision": 0.0,
      "recall": 0.0,
      "correct": 0,
      "total": 6
    },
    "correct": {
      "precision": 0.6808510638297872,
      "recall": 0.9142857142857143,
      "correct": 32,
      "total": 35
    },
    "incorrect": {
      "precision": 0.7407407407407407,
      "recall": 0.5714285714285714,
      "correct": 20,
      "total": 35
    },
    "partial": {
      "precision": 0.38461538461538464,
      "recall": 0.4166666666666667,
      "correct": 10,
      "total": 24
    }
  }
}