{
  "overall_accuracy": 0.64,
  "normalized_mean_absolute_error": 0.11714285714285713,
  "total_correct": 64,
  "total": 100,
  "accuracy_by_label": {
    "almost": {
      "precision": 0.0,
      "recall": 0.0,
      "correct": 0,
      "total": 6
    },
    "correct": {
      "precision": 0.7619047619047619,
      "recall": 0.9142857142857143,
      "correct": 32,
      "total": 35
    },
    "incorrect": {
      "precision": 0.7391304347826086,
      "recall": 0.4857142857142857,
      "correct": 17,
      "total": 35
    },
    "partial": {
      "precision": 0.42857142857142855,
      "recall": 0.625,
      "correct": 15,
      "total": 24
    }
  }
}