{
  "overall_accuracy": 0.54,
  "normalized_mean_absolute_error": 0.15857142857142859,
  "total_correct": 54,
  "total": 100,
  "accuracy_by_label": {
    "almost": {
      "precision": 0.19047619047619047,
      "recall": 0.6666666666666666,
      "correct": 4,
      "total": 6
    },
    "correct": {
      "precision": 0.8333333333333334,
      "recall": 0.7142857142857143,
      "correct": 25,
      "total": 35
    },
    "incorrect": {
      "precision": 0.9090909090909091,
      "recall": 0.2857142857142857,
      "correct": 10,
      "total": 35
    },
    "partial": {
      "precision": 0.39473684210526316,
      "recall": 0.625,
      "correct": 15,
      "total": 24
    }
  }
}