{
  "overall_accuracy": 0.59,
  "normalized_mean_absolute_error": 0.2285714285714286,
  "total_correct": 59,
  "total": 100,
  "accuracy_by_label": {
    "almost": {
      "precision": 0.0,
      "recall": 0.0,
      "correct": 0,
      "total": 6
    },
    "correct": {
      "precision": 0.5961538461538461,
      "recall": 0.8857142857142857,
      "correct": 31,
      "total": 35
    },
    "incorrect": {
      "precision": 0.7027027027027027,
      "recall": 0.7428571428571429,
      "correct": 26,
      "total": 35
    },
    "partial": {
      "precision": 0.2857142857142857,
      "recall": 0.08333333333333333,
      "correct": 2,
      "total": 24
    }
  }
}