{
  "overall_accuracy": 0.6,
  "normalized_mean_absolute_error": 0.13428571428571429,
  "total_correct": 60,
  "total": 100,
  "accuracy_by_label": {
    "almost": {
      "precision": 0.0,
      "recall": 0.0,
      "correct": 0,
      "total": 5
    },
    "correct": {
      "precision": 0.7804878048780488,
      "recall": 0.9142857142857143,
      "correct": 32,
      "total": 35
    },
    "incorrect": {
      "precision": 0.5517241379310345,
      "recall": 0.45714285714285713,
      "correct": 16,
      "total": 35
    },
    "partial": {
      "precision": 0.41379310344827586,
      "recall": 0.48,
      "correct": 12,
      "total": 25
    }
  }
}