{
  "overall_accuracy": 0.49,
  "normalized_mean_absolute_error": 0.31714285714285717,
  "total_correct": 49,
  "total": 100,
  "accuracy_by_label": {
    "almost": {
      "precision": 0.0,
      "recall": 0.0,
      "correct": 0,
      "total": 5
    },
    "correct": {
      "precision": 0.543859649122807,
      "recall": 0.8857142857142857,
      "correct": 31,
      "total": 35
    },
    "incorrect": {
      "precision": 0.42857142857142855,
      "recall": 0.17142857142857143,
      "correct": 6,
      "total": 35
    },
    "partial": {
      "precision": 0.41379310344827586,
      "recall": 0.48,
      "correct": 12,
      "total": 25
    }
  }
}