{
  "overall_accuracy": 0.41,
  "normalized_mean_absolute_error": 0.4628571428571429,
  "total_correct": 41,
  "total": 100,
  "accuracy_by_label": {
    "almost": {
      "precision": 0.0,
      "recall": 0.0,
      "correct": 0,
      "total": 5
    },
    "correct": {
      "precision": 0.7631578947368421,
      "recall": 0.8285714285714286,
      "correct": 29,
      "total": 35
    },
    "incorrect": {
      "precision": 0.8181818181818182,
      "recall": 0.2571428571428571,
      "correct": 9,
      "total": 35
    },
    "partial": {
      "precision": 0.23076923076923078,
      "recall": 0.12,
      "correct": 3,
      "total": 25
    }
  }
}