{
  "overall_accuracy": 0.3,
  "normalized_mean_absolute_error": 0.5585714285714286,
  "total_correct": 30,
  "total": 100,
  "accuracy_by_label": {
    "almost": {
      "precision": 0.0,
      "recall": 0.0,
      "correct": 0,
      "total": 6
    },
    "correct": {
      "precision": 0.3717948717948718,
      "recall": 0.8285714285714286,
      "correct": 29,
      "total": 35
    },
    "incorrect": {
      "precision": 0.0,
      "recall": 0.0,
      "correct": 0,
      "total": 35
    },
    "partial": {
      "precision": 0.1111111111111111,
      "recall": 0.041666666666666664,
      "correct": 1,
      "total": 24
    }
  }
}