{
  "overall_accuracy": 0.65,
  "normalized_mean_absolute_error": 0.15571428571428572,
  "total_correct": 65,
  "total": 100,
  "accuracy_by_label": {
    "almost": {
      "precision": 0.2,
      "recall": 0.2,
      "correct": 1,
      "total": 5
    },
    "correct": {
      "precision": 0.8108108108108109,
      "recall": 0.8571428571428571,
      "correct": 30,
      "total": 35
    },
    "incorrect": {
      "precision": 0.5952380952380952,
      "recall": 0.7142857142857143,
      "correct": 25,
      "total": 35
    },
    "partial": {
      "precision": 0.5625,
      "recall": 0.36,
      "correct": 9,
      "total": 25
    }
  }
}