{
  "overall_accuracy": 0.54,
  "normalized_mean_absolute_error": 0.15857142857142859,
  "total_correct": 54,
  "total": 100,
  "accuracy_by_label": {
    "almost": {
      "precision": 0.0,
      "recall": 0.0,
      "correct": 0,
      "total": 5
    },
    "correct": {
      "precision": 0.8055555555555556,
      "recall": 0.8285714285714286,
      "correct": 29,
      "total": 35
    },
    "incorrect": {
      "precision": 0.5227272727272727,
      "recall": 0.6571428571428571,
      "correct": 23,
      "total": 35
    },
    "partial": {
      "precision": 0.18181818181818182,
      "recall": 0.08,
      "correct": 2,
      "total": 25
    }
  }
}