{
  "overall_accuracy": 0.68,
  "normalized_mean_absolute_error": 0.13428571428571429,
  "total_correct": 68,
  "total": 100,
  "accuracy_by_label": {
    "almost": {
      "precision": 0.0,
      "recall": 0.0,
      "correct": 0,
      "total": 6
    },
    "correct": {
      "precision": 0.723404255319149,
      "recall": 0.9714285714285714,
      "correct": 34,
      "total": 35
    },
    "incorrect": {
      "precision": 0.7272727272727273,
      "recall": 0.6857142857142857,
      "correct": 24,
      "total": 35
    },
    "partial": {
      "precision": 0.5,
      "recall": 0.4166666666666667,
      "correct": 10,
      "total": 24
    }
  }
}