{
  "overall_accuracy": 0.57,
  "normalized_mean_absolute_error": 0.16428571428571428,
  "total_correct": 57,
  "total": 100,
  "accuracy_by_label": {
    "almost": {
      "precision": 0.0,
      "recall": 0.0,
      "correct": 0,
      "total": 5
    },
    "correct": {
      "precision": 0.75,
      "recall": 0.8571428571428571,
      "correct": 30,
      "total": 35
    },
    "incorrect": {
      "precision": 0.6923076923076923,
      "recall": 0.2571428571428571,
      "correct": 9,
      "total": 35
    },
    "partial": {
      "precision": 0.3829787234042553,
      "recall": 0.72,
      "correct": 18,
      "total": 25
    }
  }
}