{
  "overall_accuracy": 0.55,
  "normalized_mean_absolute_error": 0.19857142857142857,
  "total_correct": 55,
  "total": 100,
  "accuracy_by_label": {
    "almost": {
      "precision": 0.0,
      "recall": 0.0,
      "correct": 0,
      "total": 5
    },
    "correct": {
      "precision": 0.6530612244897959,
      "recall": 0.9142857142857143,
      "correct": 32,
      "total": 35
    },
    "incorrect": {
      "precision": 0.5151515151515151,
      "recall": 0.4857142857142857,
      "correct": 17,
      "total": 35
    },
    "partial": {
      "precision": 0.3333333333333333,
      "recall": 0.24,
      "correct": 6,
      "total": 25
    }
  }
}