{
  "overall_accuracy": 0.49,
  "normalized_mean_absolute_error": 0.32857142857142857,
  "total_correct": 49,
  "total": 100,
  "accuracy_by_label": {
    "almost": {
      "precision": 0.0,
      "recall": 0.0,
      "correct": 0,
      "total": 6
    },
    "correct": {
      "precision": 0.49206349206349204,
      "recall": 0.8857142857142857,
      "correct": 31,
      "total": 35
    },
    "incorrect": {
      "precision": 0.5263157894736842,
      "recall": 0.2857142857142857,
      "correct": 10,
      "total": 35
    },
    "partial": {
      "precision": 0.4444444444444444,
      "recall": 0.3333333333333333,
      "correct": 8,
      "total": 24
    }
  }
}