{
  "overall_accuracy": 0.38,
  "normalized_mean_absolute_error": 0.5257142857142857,
  "total_correct": 38,
  "total": 100,
  "accuracy_by_label": {
    "almost": {
      "precision": 0.0,
      "recall": 0.0,
      "correct": 0,
      "total": 5
    },
    "correct": {
      "precision": 0.4025974025974026,
      "recall": 0.8857142857142857,
      "correct": 31,
      "total": 35
    },
    "incorrect": {
      "precision": 0.6666666666666666,
      "recall": 0.17142857142857143,
      "correct": 6,
      "total": 35
    },
    "partial": {
      "precision": 1.0,
      "recall": 0.04,
      "correct": 1,
      "total": 25
    }
  }
}