{
  "overall_accuracy": 0.59,
  "normalized_mean_absolute_error": 0.16714285714285712,
  "total_correct": 59,
  "total": 100,
  "accuracy_by_label": {
    "almost": {
      "precision": 0.0,
      "recall": 0.0,
      "correct": 0,
      "total": 5
    },
    "correct": {
      "precision": 0.6956521739130435,
      "recall": 0.9142857142857143,
      "correct": 32,
      "total": 35
    },
    "incorrect": {
      "precision": 0.5675675675675675,
      "recall": 0.6,
      "correct": 21,
      "total": 35
    },
    "partial": {
      "precision": 0.35294117647058826,
      "recall": 0.24,
      "correct": 6,
      "total": 25
    }
  }
}