{
  "overall_accuracy": 0.62,
  "normalized_mean_absolute_error": 0.17714285714285713,
  "total_correct": 62,
  "total": 100,
  "accuracy_by_label": {
    "almost": {
      "precision": 0.36363636363636365,
      "recall": 0.6666666666666666,
      "correct": 4,
      "total": 6
    },
    "correct": {
      "precision": 0.7317073170731707,
      "recall": 0.8571428571428571,
      "correct": 30,
      "total": 35
    },
    "incorrect": {
      "precision": 0.875,
      "recall": 0.4,
      "correct": 14,
      "total": 35
    },
    "partial": {
      "precision": 0.4375,
      "recall": 0.5833333333333334,
      "correct": 14,
      "total": 24
    }
  }
}