{
  "overall_accuracy": 0.54,
  "normalized_mean_absolute_error": 0.2814285714285714,
  "total_correct": 54,
  "total": 100,
  "accuracy_by_label": {
    "almost": {
      "precision": 0.0,
      "recall": 0.0,
      "correct": 0,
      "total": 5
    },
    "correct": {
      "precision": 0.6944444444444444,
      "recall": 0.7142857142857143,
      "correct": 25,
      "total": 35
    },
    "incorrect": {
      "precision": 0.6486486486486487,
      "recall": 0.6857142857142857,
      "correct": 24,
      "total": 35
    },
    "partial": {
      "precision": 0.3125,
      "recall": 0.2,
      "correct": 5,
      "total": 25
    }
  }
}