{
  "overall_accuracy": 0.14,
  "normalized_mean_absolute_error": 0.812857142857143,
  "total_correct": 14,
  "total": 100,
  "accuracy_by_label": {
    "almost": {
      "precision": 0.2857142857142857,
      "recall": 0.4,
      "correct": 2,
      "total": 5
    },
    "correct": {
      "precision": 0.9090909090909091,
      "recall": 0.2857142857142857,
      "correct": 10,
      "total": 35
    },
    "incorrect": {
      "precision": 0.0,
      "recall": 0.0,
      "correct": 0,
      "total": 35
    },
    "partial": {
      "precision": 0.15384615384615385,
      "recall": 0.08,
      "correct": 2,
      "total": 25
    }
  }
}