{
  "overall_accuracy": 0.55,
  "normalized_mean_absolute_error": 0.17142857142857143,
  "total_correct": 55,
  "total": 100,
  "accuracy_by_label": {
    "almost": {
      "precision": 0.0,
      "recall": 0.0,
      "correct": 0,
      "total": 5
    },
    "correct": {
      "precision": 0.7045454545454546,
      "recall": 0.8857142857142857,
      "correct": 31,
      "total": 35
    },
    "incorrect": {
      "precision": 0.5384615384615384,
      "recall": 0.4,
      "correct": 14,
      "total": 35
    },
    "partial": {
      "precision": 0.38461538461538464,
      "recall": 0.4,
      "correct": 10,
      "total": 25
    }
  }
}