{
  "overall_accuracy": 0.55,
  "normalized_mean_absolute_error": 0.18142857142857144,
  "total_correct": 55,
  "total": 100,
  "accuracy_by_label": {
    "almost": {
      "precision": 0.0,
      "recall": 0.0,
      "correct": 0,
      "total": 5
    },
    "correct": {
      "precision": 0.6888888888888889,
      "recall": 0.8857142857142857,
      "correct": 31,
      "total": 35
    },
    "incorrect": {
      "precision": 0.5135135135135135,
      "recall": 0.5428571428571428,
      "correct": 19,
      "total": 35
    },
    "partial": {
      "precision": 0.2777777777777778,
      "recall": 0.2,
      "correct": 5,
      "total": 25
    }
  }
}