{
  "overall_accuracy": 0.67,
  "normalized_mean_absolute_error": 0.15,
  "total_correct": 67,
  "total": 100,
  "accuracy_by_label": {
    "almost": {
      "precision": 0.6666666666666666,
      "recall": 0.3333333333333333,
      "correct": 2,
      "total": 6
    },
    "correct": {
      "precision": 0.717391304347826,
      "recall": 0.9428571428571428,
      "correct": 33,
      "total": 35
    },
    "incorrect": {
      "precision": 0.8,
      "recall": 0.5714285714285714,
      "correct": 20,
      "total": 35
    },
    "partial": {
      "precision": 0.46153846153846156,
      "recall": 0.5,
      "correct": 12,
      "total": 24
    }
  }
}