{
  "overall_accuracy": 0.59,
  "normalized_mean_absolute_error": 0.13428571428571429,
  "total_correct": 59,
  "total": 100,
  "accuracy_by_label": {
    "almost": {
      "precision": 0.0,
      "recall": 0.0,
      "correct": 0,
      "total": 5
    },
    "correct": {
      "precision": 0.7804878048780488,
      "recall": 0.9142857142857143,
      "correct": 32,
      "total": 35
    },
    "incorrect": {
      "precision": 0.5428571428571428,
      "recall": 0.5428571428571428,
      "correct": 19,
      "total": 35
    },
    "partial": {
      "precision": 0.34782608695652173,
      "recall": 0.32,
      "correct": 8,
      "total": 25
    }
  }
}