{
  "overall_accuracy": 0.57,
  "normalized_mean_absolute_error": 0.1842857142857143,
  "total_correct": 57,
  "total": 100,
  "accuracy_by_label": {
    "almost": {
      "precision": 0.0,
      "recall": 0.0,
      "correct": 0,
      "total": 5
    },
    "correct": {
      "precision": 0.6976744186046512,
      "recall": 0.8571428571428571,
      "correct": 30,
      "total": 35
    },
    "incorrect": {
      "precision": 0.5714285714285714,
      "recall": 0.45714285714285713,
      "correct": 16,
      "total": 35
    },
    "partial": {
      "precision": 0.4230769230769231,
      "recall": 0.44,
      "correct": 11,
      "total": 25
    }
  }
}