{
  "overall_accuracy": 0.4,
  "normalized_mean_absolute_error": 0.49714285714285716,
  "total_correct": 40,
  "total": 100,
  "accuracy_by_label": {
    "almost": {
      "precision": 0.3333333333333333,
      "recall": 0.16666666666666666,
      "correct": 1,
      "total": 6
    },
    "correct": {
      "precision": 0.3977272727272727,
      "recall": 1.0,
      "correct": 35,
      "total": 35
    },
    "incorrect": {
      "precision": 0.0,
      "recall": 0.0,
      "correct": 0,
      "total": 35
    },
    "partial": {
      "precision": 0.4444444444444444,
      "recall": 0.16666666666666666,
      "correct": 4,
      "total": 24
    }
  }
}