{
  "overall_accuracy": 0.07,
  "normalized_mean_absolute_error": 0.8685714285714285,
  "total_correct": 7,
  "total": 100,
  "accuracy_by_label": {
    "almost": {
      "precision": 0.1111111111111111,
      "recall": 0.16666666666666666,
      "correct": 1,
      "total": 6
    },
    "correct": {
      "precision": 0.6,
      "recall": 0.08571428571428572,
      "correct": 3,
      "total": 35
    },
    "incorrect": {
      "precision": 1.0,
      "recall": 0.05714285714285714,
      "correct": 2,
      "total": 35
    },
    "partial": {
      "precision": 0.5,
      "recall": 0.041666666666666664,
      "correct": 1,
      "total": 24
    }
  }
}