{
  "overall_accuracy": 0.54,
  "normalized_mean_absolute_error": 0.16857142857142857,
  "total_correct": 54,
  "total": 100,
  "accuracy_by_label": {
    "almost": {
      "precision": 0.0,
      "recall": 0.0,
      "correct": 0,
      "total": 5
    },
    "correct": {
      "precision": 0.6808510638297872,
      "recall": 0.9142857142857143,
      "correct": 32,
      "total": 35
    },
    "incorrect": {
      "precision": 0.5,
      "recall": 0.4857142857142857,
      "correct": 17,
      "total": 35
    },
    "partial": {
      "precision": 0.2631578947368421,
      "recall": 0.2,
      "correct": 5,
      "total": 25
    }
  }
}