{
  "overall_accuracy": 0.45,
  "normalized_mean_absolute_error": 0.34142857142857147,
  "total_correct": 45,
  "total": 100,
  "accuracy_by_label": {
    "almost": {
      "precision": 0.0,
      "recall": 0.0,
      "correct": 0,
      "total": 5
    },
    "correct": {
      "precision": 0.7142857142857143,
      "recall": 0.2857142857142857,
      "correct": 10,
      "total": 35
    },
    "incorrect": {
      "precision": 0.38095238095238093,
      "recall": 0.6857142857142857,
      "correct": 24,
      "total": 35
    },
    "partial": {
      "precision": 0.5238095238095238,
      "recall": 0.44,
      "correct": 11,
      "total": 25
    }
  }
}