{
  "overall_accuracy": 0.45,
  "normalized_mean_absolute_error": 0.3028571428571429,
  "total_correct": 45,
  "total": 100,
  "accuracy_by_label": {
    "almost": {
      "precision": 0.10526315789473684,
      "recall": 0.4,
      "correct": 2,
      "total": 5
    },
    "correct": {
      "precision": 0.7857142857142857,
      "recall": 0.3142857142857143,
      "correct": 11,
      "total": 35
    },
    "incorrect": {
      "precision": 0.6341463414634146,
      "recall": 0.7428571428571429,
      "correct": 26,
      "total": 35
    },
    "partial": {
      "precision": 0.2857142857142857,
      "recall": 0.24,
      "correct": 6,
      "total": 25
    }
  }
}