{
  "overall_accuracy": 0.55,
  "normalized_mean_absolute_error": 0.14857142857142858,
  "total_correct": 55,
  "total": 100,
  "accuracy_by_label": {
    "almost": {
      "precision": 0.2,
      "recall": 0.2,
      "correct": 1,
      "total": 5
    },
    "correct": {
      "precision": 0.8108108108108109,
      "recall": 0.8571428571428571,
      "correct": 30,
      "total": 35
    },
    "incorrect": {
      "precision": 0.6666666666666666,
      "recall": 0.17142857142857143,
      "correct": 6,
      "total": 35
    },
    "partial": {
      "precision": 0.3673469387755102,
      "recall": 0.72,
      "correct": 18,
      "total": 25
    }
  }
}