{
  "overall_accuracy": 0.58,
  "normalized_mean_absolute_error": 0.19999999999999998,
  "total_correct": 58,
  "total": 100,
  "accuracy_by_label": {
    "almost": {
      "precision": 0.0,
      "recall": 0.0,
      "correct": 0,
      "total": 6
    },
    "correct": {
      "precision": 0.64,
      "recall": 0.9142857142857143,
      "correct": 32,
      "total": 35
    },
    "incorrect": {
      "precision": 0.6774193548387096,
      "recall": 0.6,
      "correct": 21,
      "total": 35
    },
    "partial": {
      "precision": 0.2631578947368421,
      "recall": 0.20833333333333334,
      "correct": 5,
      "total": 24
    }
  }
}