{
  "overall_accuracy": 0.59,
  "normalized_mean_absolute_error": 0.15857142857142859,
  "total_correct": 59,
  "total": 100,
  "accuracy_by_label": {
    "almost": {
      "precision": 0.23076923076923078,
      "recall": 0.5,
      "correct": 3,
      "total": 6
    },
    "correct": {
      "precision": 0.8125,
      "recall": 0.7428571428571429,
      "correct": 26,
      "total": 35
    },
    "incorrect": {
      "precision": 0.8461538461538461,
      "recall": 0.3142857142857143,
      "correct": 11,
      "total": 35
    },
    "partial": {
      "precision": 0.4523809523809524,
      "recall": 0.7916666666666666,
      "correct": 19,
      "total": 24
    }
  }
}