{
  "overall_accuracy": 0.38,
  "normalized_mean_absolute_error": 0.5128571428571428,
  "total_correct": 38,
  "total": 100,
  "accuracy_by_label": {
    "almost": {
      "precision": 0.0,
      "recall": 0.0,
      "correct": 0,
      "total": 6
    },
    "correct": {
      "precision": 0.8947368421052632,
      "recall": 0.4857142857142857,
      "correct": 17,
      "total": 35
    },
    "incorrect": {
      "precision": 0.7083333333333334,
      "recall": 0.4857142857142857,
      "correct": 17,
      "total": 35
    },
    "partial": {
      "precision": 0.4444444444444444,
      "recall": 0.16666666666666666,
      "correct": 4,
      "total": 24
    }
  }
}