{
  "overall_accuracy": 0.4,
  "normalized_mean_absolute_error": 0.43857142857142856,
  "total_correct": 40,
  "total": 100,
  "accuracy_by_label": {
    "almost": {
      "precision": 0.0,
      "recall": 0.0,
      "correct": 0,
      "total": 5
    },
    "correct": {
      "precision": 0.8157894736842105,
      "recall": 0.8857142857142857,
      "correct": 31,
      "total": 35
    },
    "incorrect": {
      "precision": 0.7142857142857143,
      "recall": 0.14285714285714285,
      "correct": 5,
      "total": 35
    },
    "partial": {
      "precision": 0.2222222222222222,
      "recall": 0.16,
      "correct": 4,
      "total": 25
    }
  }
}