{
  "overall_accuracy": 0.48,
  "normalized_mean_absolute_error": 0.21428571428571427,
  "total_correct": 48,
  "total": 100,
  "accuracy_by_label": {
    "almost": {
      "precision": 0.0,
      "recall": 0.0,
      "correct": 0,
      "total": 5
    },
    "correct": {
      "precision": 0.64,
      "recall": 0.9142857142857143,
      "correct": 32,
      "total": 35
    },
    "incorrect": {
      "precision": 0.4166666666666667,
      "recall": 0.2857142857142857,
      "correct": 10,
      "total": 35
    },
    "partial": {
      "precision": 0.23076923076923078,
      "recall": 0.24,
      "correct": 6,
      "total": 25
    }
  }
}