{
  "overall_accuracy": 0.52,
  "normalized_mean_absolute_error": 0.21,
  "total_correct": 52,
  "total": 100,
  "accuracy_by_label": {
    "almost": {
      "precision": 0.0,
      "recall": 0.0,
      "correct": 0,
      "total": 5
    },
    "correct": {
      "precision": 0.6458333333333334,
      "recall": 0.8857142857142857,
      "correct": 31,
      "total": 35
    },
    "incorrect": {
      "precision": 0.4782608695652174,
      "recall": 0.3142857142857143,
      "correct": 11,
      "total": 35
    },
    "partial": {
      "precision": 0.3448275862068966,
      "recall": 0.4,
      "correct": 10,
      "total": 25
    }
  }
}