{
  "overall_accuracy": 0.56,
  "normalized_mean_absolute_error": 0.19285714285714287,
  "total_correct": 56,
  "total": 100,
  "accuracy_by_label": {
    "almost": {
      "precision": 0.0,
      "recall": 0.0,
      "correct": 0,
      "total": 5
    },
    "correct": {
      "precision": 0.6666666666666666,
      "recall": 0.9142857142857143,
      "correct": 32,
      "total": 35
    },
    "incorrect": {
      "precision": 0.6428571428571429,
      "recall": 0.2571428571428571,
      "correct": 9,
      "total": 35
    },
    "partial": {
      "precision": 0.40540540540540543,
      "recall": 0.6,
      "correct": 15,
      "total": 25
    }
  }
}