{
  "overall_accuracy": 0.63,
  "normalized_mean_absolute_error": 0.17714285714285713,
  "total_correct": 63,
  "total": 100,
  "accuracy_by_label": {
    "almost": {
      "precision": 0.0,
      "recall": 0.0,
      "correct": 0,
      "total": 6
    },
    "correct": {
      "precision": 0.64,
      "recall": 0.9142857142857143,
      "correct": 32,
      "total": 35
    },
    "incorrect": {
      "precision": 0.7297297297297297,
      "recall": 0.7714285714285715,
      "correct": 27,
      "total": 35
    },
    "partial": {
      "precision": 0.3076923076923077,
      "recall": 0.16666666666666666,
      "correct": 4,
      "total": 24
    }
  }
}