{
  "overall_accuracy": 0.49,
  "normalized_mean_absolute_error": 0.2671428571428572,
  "total_correct": 49,
  "total": 100,
  "accuracy_by_label": {
    "almost": {
      "precision": 0.0,
      "recall": 0.0,
      "correct": 0,
      "total": 5
    },
    "correct": {
      "precision": 0.55,
      "recall": 0.9428571428571428,
      "correct": 33,
      "total": 35
    },
    "incorrect": {
      "precision": 0.4482758620689655,
      "recall": 0.37142857142857144,
      "correct": 13,
      "total": 35
    },
    "partial": {
      "precision": 0.2727272727272727,
      "recall": 0.12,
      "correct": 3,
      "total": 25
    }
  }
}