{
  "overall_accuracy": 0.53,
  "normalized_mean_absolute_error": 0.19571428571428573,
  "total_correct": 53,
  "total": 100,
  "accuracy_by_label": {
    "almost": {
      "precision": 0.0,
      "recall": 0.0,
      "correct": 0,
      "total": 5
    },
    "correct": {
      "precision": 0.7317073170731707,
      "recall": 0.8571428571428571,
      "correct": 30,
      "total": 35
    },
    "incorrect": {
      "precision": 0.47619047619047616,
      "recall": 0.2857142857142857,
      "correct": 10,
      "total": 35
    },
    "partial": {
      "precision": 0.3611111111111111,
      "recall": 0.52,
      "correct": 13,
      "total": 25
    }
  }
}