{
  "overall_accuracy": 0.51,
  "normalized_mean_absolute_error": 0.33428571428571424,
  "total_correct": 51,
  "total": 100,
  "accuracy_by_label": {
    "almost": {
      "precision": 0.0,
      "recall": 0.0,
      "correct": 0,
      "total": 5
    },
    "correct": {
      "precision": 0.7272727272727273,
      "recall": 0.9142857142857143,
      "correct": 32,
      "total": 35
    },
    "incorrect": {
      "precision": 0.5428571428571428,
      "recall": 0.5428571428571428,
      "correct": 19,
      "total": 35
    },
    "partial": {
      "precision": 0.0,
      "recall": 0.0,
      "correct": 0,
      "total": 25
    }
  }
}