{
  "overall_accuracy": 0.65,
  "normalized_mean_absolute_error": 0.12571428571428572,
  "total_correct": 65,
  "total": 100,
  "accuracy_by_label": {
    "almost": {
      "precision": 0.3333333333333333,
      "recall": 0.16666666666666666,
      "correct": 1,
      "total": 6
    },
    "correct": {
      "precision": 0.8205128205128205,
      "recall": 0.9142857142857143,
      "correct": 32,
      "total": 35
    },
    "incorrect": {
      "precision": 1.0,
      "recall": 0.34285714285714286,
      "correct": 12,
      "total": 35
    },
    "partial": {
      "precision": 0.43478260869565216,
      "recall": 0.8333333333333334,
      "correct": 20,
      "total": 24
    }
  }
}