{
  "overall_accuracy": 0.27,
  "normalized_mean_absolute_error": 0.5314285714285715,
  "total_correct": 27,
  "total": 100,
  "accuracy_by_label": {
    "almost": {
      "precision": 0.0,
      "recall": 0.0,
      "correct": 0,
      "total": 5
    },
    "correct": {
      "precision": 0.6363636363636364,
      "recall": 0.4,
      "correct": 14,
      "total": 35
    },
    "incorrect": {
      "precision": 0.5263157894736842,
      "recall": 0.2857142857142857,
      "correct": 10,
      "total": 35
    },
    "partial": {
      "precision": 0.2727272727272727,
      "recall": 0.12,
      "correct": 3,
      "total": 25
    }
  }
}