{
  "overall_accuracy": 0.32,
  "normalized_mean_absolute_error": 0.5485714285714286,
  "total_correct": 32,
  "total": 100,
  "accuracy_by_label": {
    "almost": {
      "precision": 0.18181818181818182,
      "recall": 0.3333333333333333,
      "correct": 2,
      "total": 6
    },
    "correct": {
      "precision": 0.8260869565217391,
      "recall": 0.5428571428571428,
      "correct": 19,
      "total": 35
    },
    "incorrect": {
      "precision": 0.6666666666666666,
      "recall": 0.05714285714285714,
      "correct": 2,
      "total": 35
    },
    "partial": {
      "precision": 0.42857142857142855,
      "recall": 0.375,
      "correct": 9,
      "total": 24
    }
  }
}