{
  "overall_accuracy": 0.6,
  "normalized_mean_absolute_error": 0.2357142857142857,
  "total_correct": 60,
  "total": 100,
  "accuracy_by_label": {
    "almost": {
      "precision": 0.25,
      "recall": 0.16666666666666666,
      "correct": 1,
      "total": 6
    },
    "correct": {
      "precision": 0.6888888888888889,
      "recall": 0.8857142857142857,
      "correct": 31,
      "total": 35
    },
    "incorrect": {
      "precision": 0.7692307692307693,
      "recall": 0.5714285714285714,
      "correct": 20,
      "total": 35
    },
    "partial": {
      "precision": 0.4,
      "recall": 0.3333333333333333,
      "correct": 8,
      "total": 24
    }
  }
}