{
  "overall_accuracy": 0.61,
  "normalized_mean_absolute_error": 0.16714285714285712,
  "total_correct": 61,
  "total": 100,
  "accuracy_by_label": {
    "almost": {
      "precision": 0.23809523809523808,
      "recall": 0.8333333333333334,
      "correct": 5,
      "total": 6
    },
    "correct": {
      "precision": 0.8125,
      "recall": 0.7428571428571429,
      "correct": 26,
      "total": 35
    },
    "incorrect": {
      "precision": 0.9333333333333333,
      "recall": 0.4,
      "correct": 14,
      "total": 35
    },
    "partial": {
      "precision": 0.5,
      "recall": 0.6666666666666666,
      "correct": 16,
      "total": 24
    }
  }
}