{
  "overall_accuracy": 0.58,
  "normalized_mean_absolute_error": 0.21714285714285714,
  "total_correct": 58,
  "total": 100,
  "accuracy_by_label": {
    "almost": {
      "precision": 0.0,
      "recall": 0.0,
      "correct": 0,
      "total": 6
    },
    "correct": {
      "precision": 0.8125,
      "recall": 0.7428571428571429,
      "correct": 26,
      "total": 35
    },
    "incorrect": {
      "precision": 0.8666666666666667,
      "recall": 0.37142857142857144,
      "correct": 13,
      "total": 35
    },
    "partial": {
      "precision": 0.3958333333333333,
      "recall": 0.7916666666666666,
      "correct": 19,
      "total": 24
    }
  }
}