{
  "overall_accuracy": 0.54,
  "normalized_mean_absolute_error": 0.20428571428571426,
  "total_correct": 54,
  "total": 100,
  "accuracy_by_label": {
    "almost": {
      "precision": 0.0,
      "recall": 0.0,
      "correct": 0,
      "total": 5
    },
    "correct": {
      "precision": 0.6595744680851063,
      "recall": 0.8857142857142857,
      "correct": 31,
      "total": 35
    },
    "incorrect": {
      "precision": 0.5625,
      "recall": 0.2571428571428571,
      "correct": 9,
      "total": 35
    },
    "partial": {
      "precision": 0.3888888888888889,
      "recall": 0.56,
      "correct": 14,
      "total": 25
    }
  }
}