{
  "overall_accuracy": 0.56,
  "normalized_mean_absolute_error": 0.26571428571428574,
  "total_correct": 56,
  "total": 100,
  "accuracy_by_label": {
    "almost": {
      "precision": 0.0,
      "recall": 0.0,
      "correct": 0,
      "total": 6
    },
    "correct": {
      "precision": 0.6304347826086957,
      "recall": 0.8285714285714286,
      "correct": 29,
      "total": 35
    },
    "incorrect": {
      "precision": 0.76,
      "recall": 0.5428571428571428,
      "correct": 19,
      "total": 35
    },
    "partial": {
      "precision": 0.42105263157894735,
      "recall": 0.3333333333333333,
      "correct": 8,
      "total": 24
    }
  }
}