{
  "overall_accuracy": 0.56,
  "normalized_mean_absolute_error": 0.19857142857142857,
  "total_correct": 56,
  "total": 100,
  "accuracy_by_label": {
    "almost": {
      "precision": 0.0,
      "recall": 0.0,
      "correct": 0,
      "total": 5
    },
    "correct": {
      "precision": 0.6956521739130435,
      "recall": 0.9142857142857143,
      "correct": 32,
      "total": 35
    },
    "incorrect": {
      "precision": 0.5517241379310345,
      "recall": 0.45714285714285713,
      "correct": 16,
      "total": 35
    },
    "partial": {
      "precision": 0.36363636363636365,
      "recall": 0.32,
      "correct": 8,
      "total": 25
    }
  }
}