{
  "overall_accuracy": 0.62,
  "normalized_mean_absolute_error": 0.15,
  "total_correct": 62,
  "total": 100,
  "accuracy_by_label": {
    "almost": {
      "precision": 0.0,
      "recall": 0.0,
      "correct": 0,
      "total": 6
    },
    "correct": {
      "precision": 0.8108108108108109,
      "recall": 0.8571428571428571,
      "correct": 30,
      "total": 35
    },
    "incorrect": {
      "precision": 1.0,
      "recall": 0.34285714285714286,
      "correct": 12,
      "total": 35
    },
    "partial": {
      "precision": 0.40816326530612246,
      "recall": 0.8333333333333334,
      "correct": 20,
      "total": 24
    }
  }
}