{
  "overall_accuracy": 0.58,
  "normalized_mean_absolute_error": 0.19714285714285712,
  "total_correct": 58,
  "total": 100,
  "accuracy_by_label": {
    "almost": {
      "precision": 0.0,
      "recall": 0.0,
      "correct": 0,
      "total": 5
    },
    "correct": {
      "precision": 0.7619047619047619,
      "recall": 0.9142857142857143,
      "correct": 32,
      "total": 35
    },
    "incorrect": {
      "precision": 0.6296296296296297,
      "recall": 0.4857142857142857,
      "correct": 17,
      "total": 35
    },
    "partial": {
      "precision": 0.391304347826087,
      "recall": 0.36,
      "correct": 9,
      "total": 25
    }
  }
}