{
  "overall_accuracy": 0.59,
  "normalized_mean_absolute_error": 0.19999999999999998,
  "total_correct": 59,
  "total": 100,
  "accuracy_by_label": {
    "almost": {
      "precision": 0.0,
      "recall": 0.0,
      "correct": 0,
      "total": 5
    },
    "correct": {
      "precision": 0.66,
      "recall": 0.9428571428571428,
      "correct": 33,
      "total": 35
    },
    "incorrect": {
      "precision": 0.6190476190476191,
      "recall": 0.37142857142857144,
      "correct": 13,
      "total": 35
    },
    "partial": {
      "precision": 0.5416666666666666,
      "recall": 0.52,
      "correct": 13,
      "total": 25
    }
  }
}