{
  "overall_accuracy": 0.62,
  "normalized_mean_absolute_error": 0.13,
  "total_correct": 62,
  "total": 100,
  "accuracy_by_label": {
    "almost": {
      "precision": 0.375,
      "recall": 0.5,
      "correct": 3,
      "total": 6
    },
    "correct": {
      "precision": 0.8333333333333334,
      "recall": 0.8571428571428571,
      "correct": 30,
      "total": 35
    },
    "incorrect": {
      "precision": 1.0,
      "recall": 0.2857142857142857,
      "correct": 10,
      "total": 35
    },
    "partial": {
      "precision": 0.41304347826086957,
      "recall": 0.7916666666666666,
      "correct": 19,
      "total": 24
    }
  }
}