{
  "overall_accuracy": 0.28,
  "normalized_mean_absolute_error": 0.5642857142857143,
  "total_correct": 28,
  "total": 100,
  "accuracy_by_label": {
    "almost": {
      "precision": 0.15384615384615385,
      "recall": 0.4,
      "correct": 2,
      "total": 5
    },
    "correct": {
      "precision": 0.85,
      "recall": 0.4857142857142857,
      "correct": 17,
      "total": 35
    },
    "incorrect": {
      "precision": 0.3333333333333333,
      "recall": 0.05714285714285714,
      "correct": 2,
      "total": 35
    },
    "partial": {
      "precision": 0.3333333333333333,
      "recall": 0.28,
      "correct": 7,
      "total": 25
    }
  }
}