{
  "overall_accuracy": 0.47,
  "normalized_mean_absolute_error": 0.43857142857142856,
  "total_correct": 47,
  "total": 100,
  "accuracy_by_label": {
    "almost": {
      "precision": 0.0,
      "recall": 0.0,
      "correct": 0,
      "total": 6
    },
    "correct": {
      "precision": 0.7380952380952381,
      "recall": 0.8857142857142857,
      "correct": 31,
      "total": 35
    },
    "incorrect": {
      "precision": 1.0,
      "recall": 0.4,
      "correct": 14,
      "total": 35
    },
    "partial": {
      "precision": 0.18181818181818182,
      "recall": 0.08333333333333333,
      "correct": 2,
      "total": 24
    }
  }
}