{
  "overall_accuracy": 0.6,
  "normalized_mean_absolute_error": 0.16285714285714284,
  "total_correct": 60,
  "total": 100,
  "accuracy_by_label": {
    "almost": {
      "precision": 0.0,
      "recall": 0.0,
      "correct": 0,
      "total": 6
    },
    "correct": {
      "precision": 0.673469387755102,
      "recall": 0.9428571428571428,
      "correct": 33,
      "total": 35
    },
    "incorrect": {
      "precision": 0.68,
      "recall": 0.4857142857142857,
      "correct": 17,
      "total": 35
    },
    "partial": {
      "precision": 0.38461538461538464,
      "recall": 0.4166666666666667,
      "correct": 10,
      "total": 24
    }
  }
}