{
  "overall_accuracy": 0.44,
  "normalized_mean_absolute_error": 0.18857142857142858,
  "total_correct": 44,
  "total": 100,
  "accuracy_by_label": {
    "almost": {
      "precision": 0.058823529411764705,
      "recall": 0.2,
      "correct": 1,
      "total": 5
    },
    "correct": {
      "precision": 0.6875,
      "recall": 0.6285714285714286,
      "correct": 22,
      "total": 35
    },
    "incorrect": {
      "precision": 0.5714285714285714,
      "recall": 0.11428571428571428,
      "correct": 4,
      "total": 35
    },
    "partial": {
      "precision": 0.38636363636363635,
      "recall": 0.68,
      "correct": 17,
      "total": 25
    }
  }
}