{
  "overall_accuracy": 0.3,
  "normalized_mean_absolute_error": 0.5771428571428572,
  "total_correct": 30,
  "total": 100,
  "accuracy_by_label": {
    "almost": {
      "precision": 0.0,
      "recall": 0.0,
      "correct": 0,
      "total": 5
    },
    "correct": {
      "precision": 0.6756756756756757,
      "recall": 0.7142857142857143,
      "correct": 25,
      "total": 35
    },
    "incorrect": {
      "precision": 0.16666666666666666,
      "recall": 0.02857142857142857,
      "correct": 1,
      "total": 35
    },
    "partial": {
      "precision": 0.3333333333333333,
      "recall": 0.16,
      "correct": 4,
      "total": 25
    }
  }
}