{
  "overall_accuracy": 0.6,
  "normalized_mean_absolute_error": 0.14285714285714285,
  "total_correct": 60,
  "total": 100,
  "accuracy_by_label": {
    "almost": {
      "precision": 0.125,
      "recall": 0.16666666666666666,
      "correct": 1,
      "total": 6
    },
    "correct": {
      "precision": 0.7714285714285715,
      "recall": 0.7714285714285715,
      "correct": 27,
      "total": 35
    },
    "incorrect": {
      "precision": 0.9230769230769231,
      "recall": 0.34285714285714286,
      "correct": 12,
      "total": 35
    },
    "partial": {
      "precision": 0.45454545454545453,
      "recall": 0.8333333333333334,
      "correct": 20,
      "total": 24
    }
  }
}