{
  "overall_accuracy": 0.54,
  "normalized_mean_absolute_error": 0.3085714285714286,
  "total_correct": 54,
  "total": 100,
  "accuracy_by_label": {
    "almost": {
      "precision": 0.25,
      "recall": 0.16666666666666666,
      "correct": 1,
      "total": 6
    },
    "correct": {
      "precision": 0.7142857142857143,
      "recall": 0.42857142857142855,
      "correct": 15,
      "total": 35
    },
    "incorrect": {
      "precision": 0.45098039215686275,
      "recall": 0.6571428571428571,
      "correct": 23,
      "total": 35
    },
    "partial": {
      "precision": 0.625,
      "recall": 0.625,
      "correct": 15,
      "total": 24
    }
  }
}