{
  "overall_accuracy": 0.16,
  "normalized_mean_absolute_error": 0.4414285714285714,
  "total_correct": 16,
  "total": 100,
  "accuracy_by_label": {
    "almost": {
      "precision": 0.05747126436781609,
      "recall": 0.8333333333333334,
      "correct": 5,
      "total": 6
    },
    "correct": {
      "precision": 0.6666666666666666,
      "recall": 0.05714285714285714,
      "correct": 2,
      "total": 35
    },
    "incorrect": {
      "precision": 1.0,
      "recall": 0.14285714285714285,
      "correct": 5,
      "total": 35
    },
    "partial": {
      "precision": 0.8,
      "recall": 0.16666666666666666,
      "correct": 4,
      "total": 24
    }
  }
}