{
  "overall_accuracy": 0.51,
  "normalized_mean_absolute_error": 0.16428571428571428,
  "total_correct": 51,
  "total": 100,
  "accuracy_by_label": {
    "almost": {
      "precision": 0.0,
      "recall": 0.0,
      "correct": 0,
      "total": 5
    },
    "correct": {
      "precision": 0.7272727272727273,
      "recall": 0.9142857142857143,
      "correct": 32,
      "total": 35
    },
    "incorrect": {
      "precision": 0.43243243243243246,
      "recall": 0.45714285714285713,
      "correct": 16,
      "total": 35
    },
    "partial": {
      "precision": 0.15789473684210525,
      "recall": 0.12,
      "correct": 3,
      "total": 25
    }
  }
}