{
  "overall_accuracy": 0.53,
  "normalized_mean_absolute_error": 0.15142857142857144,
  "total_correct": 53,
  "total": 100,
  "accuracy_by_label": {
    "almost": {
      "precision": 0.3333333333333333,
      "recall": 0.4,
      "correct": 2,
      "total": 5
    },
    "correct": {
      "precision": 0.7948717948717948,
      "recall": 0.8857142857142857,
      "correct": 31,
      "total": 35
    },
    "incorrect": {
      "precision": 0.4230769230769231,
      "recall": 0.3142857142857143,
      "correct": 11,
      "total": 35
    },
    "partial": {
      "precision": 0.3103448275862069,
      "recall": 0.36,
      "correct": 9,
      "total": 25
    }
  }
}