{
  "overall_accuracy": 0.52,
  "normalized_mean_absolute_error": 0.20857142857142857,
  "total_correct": 52,
  "total": 100,
  "accuracy_by_label": {
    "almost": {
      "precision": 0.0,
      "recall": 0.0,
      "correct": 0,
      "total": 5
    },
    "correct": {
      "precision": 0.6818181818181818,
      "recall": 0.8571428571428571,
      "correct": 30,
      "total": 35
    },
    "incorrect": {
      "precision": 0.4722222222222222,
      "recall": 0.4857142857142857,
      "correct": 17,
      "total": 35
    },
    "partial": {
      "precision": 0.25,
      "recall": 0.2,
      "correct": 5,
      "total": 25
    }
  }
}