{
  "overall_accuracy": 0.68,
  "normalized_mean_absolute_error": 0.15857142857142859,
  "total_correct": 68,
  "total": 100,
  "accuracy_by_label": {
    "almost": {
      "precision": 0.5,
      "recall": 0.16666666666666666,
      "correct": 1,
      "total": 6
    },
    "correct": {
      "precision": 0.7021276595744681,
      "recall": 0.9428571428571428,
      "correct": 33,
      "total": 35
    },
    "incorrect": {
      "precision": 0.9545454545454546,
      "recall": 0.6,
      "correct": 21,
      "total": 35
    },
    "partial": {
      "precision": 0.4482758620689655,
      "recall": 0.5416666666666666,
      "correct": 13,
      "total": 24
    }
  }
}