{
  "overall_accuracy": 0.51,
  "normalized_mean_absolute_error": 0.19571428571428573,
  "total_correct": 51,
  "total": 100,
  "accuracy_by_label": {
    "almost": {
      "precision": 0.0,
      "recall": 0.0,
      "correct": 0,
      "total": 5
    },
    "correct": {
      "precision": 0.6818181818181818,
      "recall": 0.8571428571428571,
      "correct": 30,
      "total": 35
    },
    "incorrect": {
      "precision": 0.4444444444444444,
      "recall": 0.34285714285714286,
      "correct": 12,
      "total": 35
    },
    "partial": {
      "precision": 0.3103448275862069,
      "recall": 0.36,
      "correct": 9,
      "total": 25
    }
  }
}