{
  "overall_accuracy": 0.47,
  "normalized_mean_absolute_error": 0.21714285714285714,
  "total_correct": 47,
  "total": 100,
  "accuracy_by_label": {
    "almost": {
      "precision": 0.10526315789473684,
      "recall": 0.3333333333333333,
      "correct": 2,
      "total": 6
    },
    "correct": {
      "precision": 0.7777777777777778,
      "recall": 0.6,
      "correct": 21,
      "total": 35
    },
    "incorrect": {
      "precision": 1.0,
      "recall": 0.22857142857142856,
      "correct": 8,
      "total": 35
    },
    "partial": {
      "precision": 0.34782608695652173,
      "recall": 0.6666666666666666,
      "correct": 16,
      "total": 24
    }
  }
}