{
  "overall_accuracy": 0.61,
  "normalized_mean_absolute_error": 0.1842857142857143,
  "total_correct": 61,
  "total": 100,
  "accuracy_by_label": {
    "almost": {
      "precision": 0.25,
      "recall": 0.16666666666666666,
      "correct": 1,
      "total": 6
    },
    "correct": {
      "precision": 0.6538461538461539,
      "recall": 0.9714285714285714,
      "correct": 34,
      "total": 35
    },
    "incorrect": {
      "precision": 0.7272727272727273,
      "recall": 0.45714285714285713,
      "correct": 16,
      "total": 35
    },
    "partial": {
      "precision": 0.45454545454545453,
      "recall": 0.4166666666666667,
      "correct": 10,
      "total": 24
    }
  }
}