{
  "overall_accuracy": 0.37,
  "normalized_mean_absolute_error": 0.48714285714285716,
  "total_correct": 37,
  "total": 100,
  "accuracy_by_label": {
    "almost": {
      "precision": 0.0,
      "recall": 0.0,
      "correct": 0,
      "total": 5
    },
    "correct": {
      "precision": 0.6857142857142857,
      "recall": 0.6857142857142857,
      "correct": 24,
      "total": 35
    },
    "incorrect": {
      "precision": 0.36363636363636365,
      "recall": 0.11428571428571428,
      "correct": 4,
      "total": 35
    },
    "partial": {
      "precision": 0.47368421052631576,
      "recall": 0.36,
      "correct": 9,
      "total": 25
    }
  }
}