{
  "overall_accuracy": 0.61,
  "normalized_mean_absolute_error": 0.16142857142857142,
  "total_correct": 61,
  "total": 100,
  "accuracy_by_label": {
    "almost": {
      "precision": 0.0,
      "recall": 0.0,
      "correct": 0,
      "total": 6
    },
    "correct": {
      "precision": 0.6415094339622641,
      "recall": 0.9714285714285714,
      "correct": 34,
      "total": 35
    },
    "incorrect": {
      "precision": 0.6764705882352942,
      "recall": 0.6571428571428571,
      "correct": 23,
      "total": 35
    },
    "partial": {
      "precision": 0.3076923076923077,
      "recall": 0.16666666666666666,
      "correct": 4,
      "total": 24
    }
  }
}