{
  "overall_accuracy": 0.42,
  "normalized_mean_absolute_error": 0.40285714285714286,
  "total_correct": 42,
  "total": 100,
  "accuracy_by_label": {
    "almost": {
      "precision": 0.0,
      "recall": 0.0,
      "correct": 0,
      "total": 5
    },
    "correct": {
      "precision": 0.7317073170731707,
      "recall": 0.8571428571428571,
      "correct": 30,
      "total": 35
    },
    "incorrect": {
      "precision": 0.6666666666666666,
      "recall": 0.22857142857142856,
      "correct": 8,
      "total": 35
    },
    "partial": {
      "precision": 0.23529411764705882,
      "recall": 0.16,
      "correct": 4,
      "total": 25
    }
  }
}