{
  "overall_accuracy": 0.5,
  "normalized_mean_absolute_error": 0.33,
  "total_correct": 50,
  "total": 100,
  "accuracy_by_label": {
    "almost": {
      "precision": 0.6666666666666666,
      "recall": 0.3333333333333333,
      "correct": 2,
      "total": 6
    },
    "correct": {
      "precision": 0.49295774647887325,
      "recall": 1.0,
      "correct": 35,
      "total": 35
    },
    "incorrect": {
      "precision": 0.7777777777777778,
      "recall": 0.2,
      "correct": 7,
      "total": 35
    },
    "partial": {
      "precision": 0.35294117647058826,
      "recall": 0.25,
      "correct": 6,
      "total": 24
    }
  }
}