{
  "overall_accuracy": 0.69,
  "normalized_mean_absolute_error": 0.13428571428571429,
  "total_correct": 69,
  "total": 100,
  "accuracy_by_label": {
    "almost": {
      "precision": 0.0,
      "recall": 0.0,
      "correct": 0,
      "total": 5
    },
    "correct": {
      "precision": 0.8529411764705882,
      "recall": 0.8285714285714286,
      "correct": 29,
      "total": 35
    },
    "incorrect": {
      "precision": 0.6428571428571429,
      "recall": 0.7714285714285715,
      "correct": 27,
      "total": 35
    },
    "partial": {
      "precision": 0.5416666666666666,
      "recall": 0.52,
      "correct": 13,
      "total": 25
    }
  }
}