{
  "overall_accuracy": 0.61,
  "normalized_mean_absolute_error": 0.14857142857142858,
  "total_correct": 61,
  "total": 100,
  "accuracy_by_label": {
    "almost": {
      "precision": 0.0,
      "recall": 0.0,
      "correct": 0,
      "total": 6
    },
    "correct": {
      "precision": 0.7804878048780488,
      "recall": 0.9142857142857143,
      "correct": 32,
      "total": 35
    },
    "incorrect": {
      "precision": 1.0,
      "recall": 0.2571428571428571,
      "correct": 9,
      "total": 35
    },
    "partial": {
      "precision": 0.40816326530612246,
      "recall": 0.8333333333333334,
      "correct": 20,
      "total": 24
    }
  }
}