{
  "overall_accuracy": 0.67,
  "normalized_mean_absolute_error": 0.1742857142857143,
  "total_correct": 67,
  "total": 100,
  "accuracy_by_label": {
    "almost": {
      "precision": 0.0,
      "recall": 0.0,
      "correct": 0,
      "total": 6
    },
    "correct": {
      "precision": 0.6875,
      "recall": 0.9428571428571428,
      "correct": 33,
      "total": 35
    },
    "incorrect": {
      "precision": 0.8260869565217391,
      "recall": 0.5428571428571428,
      "correct": 19,
      "total": 35
    },
    "partial": {
      "precision": 0.5172413793103449,
      "recall": 0.625,
      "correct": 15,
      "total": 24
    }
  }
}