{
  "overall_accuracy": 0.43,
  "normalized_mean_absolute_error": 0.47714285714285715,
  "total_correct": 43,
  "total": 100,
  "accuracy_by_label": {
    "almost": {
      "precision": 0.1111111111111111,
      "recall": 0.16666666666666666,
      "correct": 1,
      "total": 6
    },
    "correct": {
      "precision": 0.7209302325581395,
      "recall": 0.8857142857142857,
      "correct": 31,
      "total": 35
    },
    "incorrect": {
      "precision": 0.75,
      "recall": 0.17142857142857143,
      "correct": 6,
      "total": 35
    },
    "partial": {
      "precision": 0.5,
      "recall": 0.20833333333333334,
      "correct": 5,
      "total": 24
    }
  }
}