{
  "overall_accuracy": 0.31,
  "normalized_mean_absolute_error": 0.4414285714285714,
  "total_correct": 31,
  "total": 100,
  "accuracy_by_label": {
    "almost": {
      "precision": 0.06451612903225806,
      "recall": 0.4,
      "correct": 2,
      "total": 5
    },
    "correct": {
      "precision": 0.38461538461538464,
      "recall": 0.42857142857142855,
      "correct": 15,
      "total": 35
    },
    "incorrect": {
      "precision": 0.0,
      "recall": 0.0,
      "correct": 0,
      "total": 35
    },
    "partial": {
      "precision": 0.4666666666666667,
      "recall": 0.56,
      "correct": 14,
      "total": 25
    }
  }
}