{
  "overall_accuracy": 0.18,
  "normalized_mean_absolute_error": 0.7614285714285715,
  "total_correct": 18,
  "total": 100,
  "accuracy_by_label": {
    "almost": {
      "precision": 0.2,
      "recall": 0.16666666666666666,
      "correct": 1,
      "total": 6
    },
    "correct": {
      "precision": 0.7272727272727273,
      "recall": 0.45714285714285713,
      "correct": 16,
      "total": 35
    },
    "incorrect": {
      "precision": 0.0,
      "recall": 0.0,
      "correct": 0,
      "total": 35
    },
    "partial": {
      "precision": 0.2,
      "recall": 0.041666666666666664,
      "correct": 1,
      "total": 24
    }
  }
}