{
  "overall_accuracy": 0.33,
  "normalized_mean_absolute_error": 0.5142857142857143,
  "total_correct": 33,
  "total": 100,
  "accuracy_by_label": {
    "almost": {
      "precision": 0.0,
      "recall": 0.0,
      "correct": 0,
      "total": 6
    },
    "correct": {
      "precision": 0.6341463414634146,
      "recall": 0.7428571428571429,
      "correct": 26,
      "total": 35
    },
    "incorrect": {
      "precision": 0.6666666666666666,
      "recall": 0.11428571428571428,
      "correct": 4,
      "total": 35
    },
    "partial": {
      "precision": 0.2727272727272727,
      "recall": 0.125,
      "correct": 3,
      "total": 24
    }
  }
}