{
  "overall_accuracy": 0.06,
  "normalized_mean_absolute_error": 0.8342857142857143,
  "total_correct": 6,
  "total": 100,
  "accuracy_by_label": {
    "almost": {
      "precision": 0.14285714285714285,
      "recall": 0.3333333333333333,
      "correct": 2,
      "total": 6
    },
    "correct": {
      "precision": 0.0,
      "recall": 0.0,
      "correct": 0,
      "total": 35
    },
    "incorrect": {
      "precision": 0.0,
      "recall": 0.0,
      "correct": 0,
      "total": 35
    },
    "partial": {
      "precision": 0.3333333333333333,
      "recall": 0.16666666666666666,
      "correct": 4,
      "total": 24
    }
  }
}