{
  "overall_accuracy": 0.25,
  "normalized_mean_absolute_error": 0.6042857142857143,
  "total_correct": 25,
  "total": 100,
  "accuracy_by_label": {
    "almost": {
      "precision": 0.09090909090909091,
      "recall": 0.16666666666666666,
      "correct": 1,
      "total": 6
    },
    "correct": {
      "precision": 0.6428571428571429,
      "recall": 0.5142857142857142,
      "correct": 18,
      "total": 35
    },
    "incorrect": {
      "precision": 1.0,
      "recall": 0.05714285714285714,
      "correct": 2,
      "total": 35
    },
    "partial": {
      "precision": 0.3076923076923077,
      "recall": 0.16666666666666666,
      "correct": 4,
      "total": 24
    }
  }
}