{
  "overall_accuracy": 0.35,
  "normalized_mean_absolute_error": 0.25,
  "total_correct": 35,
  "total": 100,
  "accuracy_by_label": {
    "almost": {
      "precision": 0.045454545454545456,
      "recall": 0.16666666666666666,
      "correct": 1,
      "total": 6
    },
    "correct": {
      "precision": 0.8,
      "recall": 0.11428571428571428,
      "correct": 4,
      "total": 35
    },
    "incorrect": {
      "precision": 0.6470588235294118,
      "recall": 0.3142857142857143,
      "correct": 11,
      "total": 35
    },
    "partial": {
      "precision": 0.3584905660377358,
      "recall": 0.7916666666666666,
      "correct": 19,
      "total": 24
    }
  }
}