{
  "overall_accuracy": 0.63,
  "normalized_mean_absolute_error": 0.16428571428571428,
  "total_correct": 63,
  "total": 100,
  "accuracy_by_label": {
    "almost": {
      "precision": 0.0,
      "recall": 0.0,
      "correct": 0,
      "total": 6
    },
    "correct": {
      "precision": 0.6538461538461539,
      "recall": 0.9714285714285714,
      "correct": 34,
      "total": 35
    },
    "incorrect": {
      "precision": 0.7692307692307693,
      "recall": 0.5714285714285714,
      "correct": 20,
      "total": 35
    },
    "partial": {
      "precision": 0.45,
      "recall": 0.375,
      "correct": 9,
      "total": 24
    }
  }
}