{
  "overall_accuracy": 0.47,
  "normalized_mean_absolute_error": 0.2842857142857143,
  "total_correct": 47,
  "total": 100,
  "accuracy_by_label": {
    "almost": {
      "precision": 0.0,
      "recall": 0.0,
      "correct": 0,
      "total": 5
    },
    "correct": {
      "precision": 0.532258064516129,
      "recall": 0.9428571428571428,
      "correct": 33,
      "total": 35
    },
    "incorrect": {
      "precision": 0.4482758620689655,
      "recall": 0.37142857142857144,
      "correct": 13,
      "total": 35
    },
    "partial": {
      "precision": 0.1111111111111111,
      "recall": 0.04,
      "correct": 1,
      "total": 25
    }
  }
}