{
  "overall_accuracy": 0.66,
  "normalized_mean_absolute_error": 0.14285714285714285,
  "total_correct": 66,
  "total": 100,
  "accuracy_by_label": {
    "almost": {
      "precision": 0.25,
      "recall": 0.5,
      "correct": 3,
      "total": 6
    },
    "correct": {
      "precision": 0.8484848484848485,
      "recall": 0.8,
      "correct": 28,
      "total": 35
    },
    "incorrect": {
      "precision": 0.9473684210526315,
      "recall": 0.5142857142857142,
      "correct": 18,
      "total": 35
    },
    "partial": {
      "precision": 0.4722222222222222,
      "recall": 0.7083333333333334,
      "correct": 17,
      "total": 24
    }
  }
}