{
  "overall_accuracy": 0.5,
  "normalized_mean_absolute_error": 0.2057142857142857,
  "total_correct": 50,
  "total": 100,
  "accuracy_by_label": {
    "almost": {
      "precision": 0.0,
      "recall": 0.0,
      "correct": 0,
      "total": 5
    },
    "correct": {
      "precision": 0.6382978723404256,
      "recall": 0.8571428571428571,
      "correct": 30,
      "total": 35
    },
    "incorrect": {
      "precision": 0.46875,
      "recall": 0.42857142857142855,
      "correct": 15,
      "total": 35
    },
    "partial": {
      "precision": 0.23809523809523808,
      "recall": 0.2,
      "correct": 5,
      "total": 25
    }
  }
}