{
  "overall_accuracy": 0.31,
  "normalized_mean_absolute_error": 0.5,
  "total_correct": 31,
  "total": 100,
  "accuracy_by_label": {
    "almost": {
      "precision": 0.16666666666666666,
      "recall": 0.5,
      "correct": 3,
      "total": 6
    },
    "correct": {
      "precision": 0.9444444444444444,
      "recall": 0.4857142857142857,
      "correct": 17,
      "total": 35
    },
    "incorrect": {
      "precision": 0.5555555555555556,
      "recall": 0.14285714285714285,
      "correct": 5,
      "total": 35
    },
    "partial": {
      "precision": 0.2727272727272727,
      "recall": 0.25,
      "correct": 6,
      "total": 24
    }
  }
}