{
  "overall_accuracy": 0.68,
  "normalized_mean_absolute_error": 0.15714285714285717,
  "total_correct": 68,
  "total": 100,
  "accuracy_by_label": {
    "almost": {
      "precision": 0.25,
      "recall": 0.5,
      "correct": 3,
      "total": 6
    },
    "correct": {
      "precision": 0.8709677419354839,
      "recall": 0.7714285714285715,
      "correct": 27,
      "total": 35
    },
    "incorrect": {
      "precision": 0.717948717948718,
      "recall": 0.8,
      "correct": 28,
      "total": 35
    },
    "partial": {
      "precision": 0.5555555555555556,
      "recall": 0.4166666666666667,
      "correct": 10,
      "total": 24
    }
  }
}