{
  "overall_accuracy": 0.62,
  "normalized_mean_absolute_error": 0.16428571428571428,
  "total_correct": 62,
  "total": 100,
  "accuracy_by_label": {
    "almost": {
      "precision": 0.0,
      "recall": 0.0,
      "correct": 0,
      "total": 6
    },
    "correct": {
      "precision": 0.775,
      "recall": 0.8857142857142857,
      "correct": 31,
      "total": 35
    },
    "incorrect": {
      "precision": 0.9166666666666666,
      "recall": 0.3142857142857143,
      "correct": 11,
      "total": 35
    },
    "partial": {
      "precision": 0.43478260869565216,
      "recall": 0.8333333333333334,
      "correct": 20,
      "total": 24
    }
  }
}