{
  "overall_accuracy": 0.17,
  "normalized_mean_absolute_error": 0.6442857142857142,
  "total_correct": 17,
  "total": 100,
  "accuracy_by_label": {
    "almost": {
      "precision": 0.16666666666666666,
      "recall": 0.5,
      "correct": 3,
      "total": 6
    },
    "correct": {
      "precision": 0.7333333333333333,
      "recall": 0.3142857142857143,
      "correct": 11,
      "total": 35
    },
    "incorrect": {
      "precision": 0.2,
      "recall": 0.02857142857142857,
      "correct": 1,
      "total": 35
    },
    "partial": {
      "precision": 0.10526315789473684,
      "recall": 0.08333333333333333,
      "correct": 2,
      "total": 24
    }
  }
}