{
  "overall_accuracy": 0.56,
  "normalized_mean_absolute_error": 0.17714285714285713,
  "total_correct": 56,
  "total": 100,
  "accuracy_by_label": {
    "almost": {
      "precision": 0.0,
      "recall": 0.0,
      "correct": 0,
      "total": 5
    },
    "correct": {
      "precision": 0.7317073170731707,
      "recall": 0.8571428571428571,
      "correct": 30,
      "total": 35
    },
    "incorrect": {
      "precision": 0.5483870967741935,
      "recall": 0.4857142857142857,
      "correct": 17,
      "total": 35
    },
    "partial": {
      "precision": 0.3333333333333333,
      "recall": 0.36,
      "correct": 9,
      "total": 25
    }
  }
}