{
  "overall_accuracy": 0.29,
  "normalized_mean_absolute_error": 0.5414285714285715,
  "total_correct": 29,
  "total": 100,
  "accuracy_by_label": {
    "almost": {
      "precision": 0.17647058823529413,
      "recall": 0.5,
      "correct": 3,
      "total": 6
    },
    "correct": {
      "precision": 0.9444444444444444,
      "recall": 0.4857142857142857,
      "correct": 17,
      "total": 35
    },
    "incorrect": {
      "precision": 0.5,
      "recall": 0.05714285714285714,
      "correct": 2,
      "total": 35
    },
    "partial": {
      "precision": 0.30434782608695654,
      "recall": 0.2916666666666667,
      "correct": 7,
      "total": 24
    }
  }
}