{
  "overall_accuracy": 0.51,
  "normalized_mean_absolute_error": 0.2914285714285714,
  "total_correct": 51,
  "total": 100,
  "accuracy_by_label": {
    "almost": {
      "precision": 0.2,
      "recall": 0.2,
      "correct": 1,
      "total": 5
    },
    "correct": {
      "precision": 0.8064516129032258,
      "recall": 0.7142857142857143,
      "correct": 25,
      "total": 35
    },
    "incorrect": {
      "precision": 0.6470588235294118,
      "recall": 0.3142857142857143,
      "correct": 11,
      "total": 35
    },
    "partial": {
      "precision": 0.4666666666666667,
      "recall": 0.56,
      "correct": 14,
      "total": 25
    }
  }
}