{
  "overall_accuracy": 0.51,
  "normalized_mean_absolute_error": 0.23428571428571426,
  "total_correct": 51,
  "total": 100,
  "accuracy_by_label": {
    "almost": {
      "precision": 0.0,
      "recall": 0.0,
      "correct": 0,
      "total": 5
    },
    "correct": {
      "precision": 0.6153846153846154,
      "recall": 0.9142857142857143,
      "correct": 32,
      "total": 35
    },
    "incorrect": {
      "precision": 0.4782608695652174,
      "recall": 0.3142857142857143,
      "correct": 11,
      "total": 35
    },
    "partial": {
      "precision": 0.36363636363636365,
      "recall": 0.32,
      "correct": 8,
      "total": 25
    }
  }
}