{
  "overall_accuracy": 0.09,
  "normalized_mean_absolute_error": 0.4428571428571429,
  "total_correct": 9,
  "total": 100,
  "accuracy_by_label": {
    "almost": {
      "precision": 0.05813953488372093,
      "recall": 1.0,
      "correct": 5,
      "total": 5
    },
    "correct": {
      "precision": 1.0,
      "recall": 0.02857142857142857,
      "correct": 1,
      "total": 35
    },
    "incorrect": {
      "precision": 0.2,
      "recall": 0.05714285714285714,
      "correct": 2,
      "total": 35
    },
    "partial": {
      "precision": 0.3333333333333333,
      "recall": 0.04,
      "correct": 1,
      "total": 25
    }
  }
}