{
  "overall_accuracy": 0.51,
  "normalized_mean_absolute_error": 0.16857142857142857,
  "total_correct": 51,
  "total": 100,
  "accuracy_by_label": {
    "almost": {
      "precision": 0.1111111111111111,
      "recall": 0.3333333333333333,
      "correct": 2,
      "total": 6
    },
    "correct": {
      "precision": 0.8461538461538461,
      "recall": 0.6285714285714286,
      "correct": 22,
      "total": 35
    },
    "incorrect": {
      "precision": 0.9090909090909091,
      "recall": 0.2857142857142857,
      "correct": 10,
      "total": 35
    },
    "partial": {
      "precision": 0.37777777777777777,
      "recall": 0.7083333333333334,
      "correct": 17,
      "total": 24
    }
  }
}