{
  "overall_accuracy": 0.6,
  "normalized_mean_absolute_error": 0.19571428571428573,
  "total_correct": 60,
  "total": 100,
  "accuracy_by_label": {
    "almost": {
      "precision": 0.0,
      "recall": 0.0,
      "correct": 0,
      "total": 6
    },
    "correct": {
      "precision": 0.6904761904761905,
      "recall": 0.8285714285714286,
      "correct": 29,
      "total": 35
    },
    "incorrect": {
      "precision": 0.75,
      "recall": 0.5142857142857142,
      "correct": 18,
      "total": 35
    },
    "partial": {
      "precision": 0.38235294117647056,
      "recall": 0.5416666666666666,
      "correct": 13,
      "total": 24
    }
  }
}