{
  "overall_accuracy": 0.59,
  "normalized_mean_absolute_error": 0.21,
  "total_correct": 59,
  "total": 100,
  "accuracy_by_label": {
    "almost": {
      "precision": 0.0,
      "recall": 0.0,
      "correct": 0,
      "total": 6
    },
    "correct": {
      "precision": 0.5892857142857143,
      "recall": 0.9428571428571428,
      "correct": 33,
      "total": 35
    },
    "incorrect": {
      "precision": 0.7407407407407407,
      "recall": 0.5714285714285714,
      "correct": 20,
      "total": 35
    },
    "partial": {
      "precision": 0.42857142857142855,
      "recall": 0.25,
      "correct": 6,
      "total": 24
    }
  }
}