{
  "overall_accuracy": 0.3,
  "normalized_mean_absolute_error": 0.33714285714285713,
  "total_correct": 30,
  "total": 100,
  "accuracy_by_label": {
    "almost": {
      "precision": 0.14285714285714285,
      "recall": 0.2,
      "correct": 1,
      "total": 5
    },
    "correct": {
      "precision": 1.0,
      "recall": 0.02857142857142857,
      "correct": 1,
      "total": 35
    },
    "incorrect": {
      "precision": 0.6153846153846154,
      "recall": 0.22857142857142856,
      "correct": 8,
      "total": 35
    },
    "partial": {
      "precision": 0.25316455696202533,
      "recall": 0.8,
      "correct": 20,
      "total": 25
    }
  }
}