{
  "overall_accuracy": 0.52,
  "normalized_mean_absolute_error": 0.16,
  "total_correct": 52,
  "total": 100,
  "accuracy_by_label": {
    "almost": {
      "precision": 0.3076923076923077,
      "recall": 0.6666666666666666,
      "correct": 4,
      "total": 6
    },
    "correct": {
      "precision": 0.7948717948717948,
      "recall": 0.8857142857142857,
      "correct": 31,
      "total": 35
    },
    "incorrect": {
      "precision": 0.0,
      "recall": 0.0,
      "correct": 0,
      "total": 35
    },
    "partial": {
      "precision": 0.3541666666666667,
      "recall": 0.7083333333333334,
      "correct": 17,
      "total": 24
    }
  }
}