{
  "overall_accuracy": 0.59,
  "normalized_mean_absolute_error": 0.19285714285714287,
  "total_correct": 59,
  "total": 100,
  "accuracy_by_label": {
    "almost": {
      "precision": 0.3333333333333333,
      "recall": 0.16666666666666666,
      "correct": 1,
      "total": 6
    },
    "correct": {
      "precision": 0.6538461538461539,
      "recall": 0.9714285714285714,
      "correct": 34,
      "total": 35
    },
    "incorrect": {
      "precision": 0.7368421052631579,
      "recall": 0.4,
      "correct": 14,
      "total": 35
    },
    "partial": {
      "precision": 0.38461538461538464,
      "recall": 0.4166666666666667,
      "correct": 10,
      "total": 24
    }
  }
}