{
  "overall_accuracy": 0.68,
  "normalized_mean_absolute_error": 0.13714285714285715,
  "total_correct": 68,
  "total": 100,
  "accuracy_by_label": {
    "almost": {
      "precision": 0.0,
      "recall": 0.0,
      "correct": 0,
      "total": 6
    },
    "correct": {
      "precision": 0.7555555555555555,
      "recall": 0.9714285714285714,
      "correct": 34,
      "total": 35
    },
    "incorrect": {
      "precision": 0.7222222222222222,
      "recall": 0.7428571428571429,
      "correct": 26,
      "total": 35
    },
    "partial": {
      "precision": 0.5,
      "recall": 0.3333333333333333,
      "correct": 8,
      "total": 24
    }
  }
}