{
  "overall_accuracy": 0.63,
  "normalized_mean_absolute_error": 0.15571428571428572,
  "total_correct": 63,
  "total": 100,
  "accuracy_by_label": {
    "almost": {
      "precision": 0.25,
      "recall": 0.3333333333333333,
      "correct": 2,
      "total": 6
    },
    "correct": {
      "precision": 0.7073170731707317,
      "recall": 0.8285714285714286,
      "correct": 29,
      "total": 35
    },
    "incorrect": {
      "precision": 0.8181818181818182,
      "recall": 0.5142857142857142,
      "correct": 18,
      "total": 35
    },
    "partial": {
      "precision": 0.4827586206896552,
      "recall": 0.5833333333333334,
      "correct": 14,
      "total": 24
    }
  }
}