{
  "overall_accuracy": 0.46,
  "normalized_mean_absolute_error": 0.43142857142857144,
  "total_correct": 46,
  "total": 100,
  "accuracy_by_label": {
    "almost": {
      "precision": 0.0,
      "recall": 0.0,
      "correct": 0,
      "total": 6
    },
    "correct": {
      "precision": 0.7674418604651163,
      "recall": 0.9428571428571428,
      "correct": 33,
      "total": 35
    },
    "incorrect": {
      "precision": 1.0,
      "recall": 0.22857142857142856,
      "correct": 8,
      "total": 35
    },
    "partial": {
      "precision": 0.3125,
      "recall": 0.20833333333333334,
      "correct": 5,
      "total": 24
    }
  }
}