{
  "overall_accuracy": 0.66,
  "normalized_mean_absolute_error": 0.18142857142857144,
  "total_correct": 66,
  "total": 100,
  "accuracy_by_label": {
    "almost": {
      "precision": 0.0,
      "recall": 0.0,
      "correct": 0,
      "total": 6
    },
    "correct": {
      "precision": 0.6938775510204082,
      "recall": 0.9714285714285714,
      "correct": 34,
      "total": 35
    },
    "incorrect": {
      "precision": 0.7352941176470589,
      "recall": 0.7142857142857143,
      "correct": 25,
      "total": 35
    },
    "partial": {
      "precision": 0.5833333333333334,
      "recall": 0.2916666666666667,
      "correct": 7,
      "total": 24
    }
  }
}