{
  "overall_accuracy": 0.58,
  "normalized_mean_absolute_error": 0.1842857142857143,
  "total_correct": 58,
  "total": 100,
  "accuracy_by_label": {
    "almost": {
      "precision": 0.2727272727272727,
      "recall": 0.5,
      "correct": 3,
      "total": 6
    },
    "correct": {
      "precision": 0.7674418604651163,
      "recall": 0.9428571428571428,
      "correct": 33,
      "total": 35
    },
    "incorrect": {
      "precision": 0.9090909090909091,
      "recall": 0.2857142857142857,
      "correct": 10,
      "total": 35
    },
    "partial": {
      "precision": 0.35294117647058826,
      "recall": 0.5,
      "correct": 12,
      "total": 24
    }
  }
}