{
  "overall_accuracy": 0.46,
  "normalized_mean_absolute_error": 0.19571428571428573,
  "total_correct": 46,
  "total": 100,
  "accuracy_by_label": {
    "almost": {
      "precision": 0.15,
      "recall": 1.0,
      "correct": 6,
      "total": 6
    },
    "correct": {
      "precision": 0.8823529411764706,
      "recall": 0.42857142857142855,
      "correct": 15,
      "total": 35
    },
    "incorrect": {
      "precision": 0.8571428571428571,
      "recall": 0.34285714285714286,
      "correct": 12,
      "total": 35
    },
    "partial": {
      "precision": 0.4482758620689655,
      "recall": 0.5416666666666666,
      "correct": 13,
      "total": 24
    }
  }
}