{
  "overall_accuracy": 0.66,
  "normalized_mean_absolute_error": 0.15571428571428572,
  "total_correct": 66,
  "total": 100,
  "accuracy_by_label": {
    "almost": {
      "precision": 0.3,
      "recall": 0.5,
      "correct": 3,
      "total": 6
    },
    "correct": {
      "precision": 0.8666666666666667,
      "recall": 0.7428571428571429,
      "correct": 26,
      "total": 35
    },
    "incorrect": {
      "precision": 0.7333333333333333,
      "recall": 0.6285714285714286,
      "correct": 22,
      "total": 35
    },
    "partial": {
      "precision": 0.5,
      "recall": 0.625,
      "correct": 15,
      "total": 24
    }
  }
}