{
  "overall_accuracy": 0.13,
  "normalized_mean_absolute_error": 0.41428571428571426,
  "total_correct": 13,
  "total": 100,
  "accuracy_by_label": {
    "almost": {
      "precision": 0.06172839506172839,
      "recall": 1.0,
      "correct": 5,
      "total": 5
    },
    "correct": {
      "precision": 0.0,
      "recall": 0.0,
      "correct": 0,
      "total": 35
    },
    "incorrect": {
      "precision": 0.8571428571428571,
      "recall": 0.17142857142857143,
      "correct": 6,
      "total": 35
    },
    "partial": {
      "precision": 0.16666666666666666,
      "recall": 0.08,
      "correct": 2,
      "total": 25
    }
  }
}