{
  "overall_accuracy": 0.63,
  "normalized_mean_absolute_error": 0.16142857142857142,
  "total_correct": 63,
  "total": 100,
  "accuracy_by_label": {
    "almost": {
      "precision": 0.3,
      "recall": 0.5,
      "correct": 3,
      "total": 6
    },
    "correct": {
      "precision": 0.7045454545454546,
      "recall": 0.8857142857142857,
      "correct": 31,
      "total": 35
    },
    "incorrect": {
      "precision": 0.7916666666666666,
      "recall": 0.5428571428571428,
      "correct": 19,
      "total": 35
    },
    "partial": {
      "precision": 0.45454545454545453,
      "recall": 0.4166666666666667,
      "correct": 10,
      "total": 24
    }
  }
}