{
  "overall_accuracy": 0.58,
  "normalized_mean_absolute_error": 0.16999999999999998,
  "total_correct": 58,
  "total": 100,
  "accuracy_by_label": {
    "almost": {
      "precision": 0.0,
      "recall": 0.0,
      "correct": 0,
      "total": 5
    },
    "correct": {
      "precision": 0.6666666666666666,
      "recall": 0.9142857142857143,
      "correct": 32,
      "total": 35
    },
    "incorrect": {
      "precision": 0.5806451612903226,
      "recall": 0.5142857142857142,
      "correct": 18,
      "total": 35
    },
    "partial": {
      "precision": 0.38095238095238093,
      "recall": 0.32,
      "correct": 8,
      "total": 25
    }
  }
}