{
  "overall_accuracy": 0.52,
  "normalized_mean_absolute_error": 0.21142857142857144,
  "total_correct": 52,
  "total": 100,
  "accuracy_by_label": {
    "almost": {
      "precision": 0.0,
      "recall": 0.0,
      "correct": 0,
      "total": 5
    },
    "correct": {
      "precision": 0.6346153846153846,
      "recall": 0.9428571428571428,
      "correct": 33,
      "total": 35
    },
    "incorrect": {
      "precision": 0.4722222222222222,
      "recall": 0.4857142857142857,
      "correct": 17,
      "total": 35
    },
    "partial": {
      "precision": 0.16666666666666666,
      "recall": 0.08,
      "correct": 2,
      "total": 25
    }
  }
}