{
  "overall_accuracy": 0.28,
  "normalized_mean_absolute_error": 0.5471428571428572,
  "total_correct": 28,
  "total": 100,
  "accuracy_by_label": {
    "almost": {
      "precision": 0.06666666666666667,
      "recall": 0.16666666666666666,
      "correct": 1,
      "total": 6
    },
    "correct": {
      "precision": 0.75,
      "recall": 0.42857142857142855,
      "correct": 15,
      "total": 35
    },
    "incorrect": {
      "precision": 0.75,
      "recall": 0.08571428571428572,
      "correct": 3,
      "total": 35
    },
    "partial": {
      "precision": 0.42857142857142855,
      "recall": 0.375,
      "correct": 9,
      "total": 24
    }
  }
}