{
  "overall_accuracy": 0.61,
  "normalized_mean_absolute_error": 0.1542857142857143,
  "total_correct": 61,
  "total": 100,
  "accuracy_by_label": {
    "almost": {
      "precision": 0.0,
      "recall": 0.0,
      "correct": 0,
      "total": 6
    },
    "correct": {
      "precision": 0.68,
      "recall": 0.9714285714285714,
      "correct": 34,
      "total": 35
    },
    "incorrect": {
      "precision": 0.7647058823529411,
      "recall": 0.37142857142857144,
      "correct": 13,
      "total": 35
    },
    "partial": {
      "precision": 0.42424242424242425,
      "recall": 0.5833333333333334,
      "correct": 14,
      "total": 24
    }
  }
}