{
  "overall_accuracy": 0.23,
  "normalized_mean_absolute_error": 0.5757142857142857,
  "total_correct": 23,
  "total": 100,
  "accuracy_by_label": {
    "almost": {
      "precision": 0.16666666666666666,
      "recall": 0.5,
      "correct": 3,
      "total": 6
    },
    "correct": {
      "precision": 0.9230769230769231,
      "recall": 0.34285714285714286,
      "correct": 12,
      "total": 35
    },
    "incorrect": {
      "precision": 0.25,
      "recall": 0.02857142857142857,
      "correct": 1,
      "total": 35
    },
    "partial": {
      "precision": 0.25,
      "recall": 0.2916666666666667,
      "correct": 7,
      "total": 24
    }
  }
}