{
  "overall_accuracy": 0.54,
  "normalized_mean_absolute_error": 0.1742857142857143,
  "total_correct": 54,
  "total": 100,
  "accuracy_by_label": {
    "almost": {
      "precision": 0.29411764705882354,
      "recall": 0.8333333333333334,
      "correct": 5,
      "total": 6
    },
    "correct": {
      "precision": 0.7941176470588235,
      "recall": 0.7714285714285715,
      "correct": 27,
      "total": 35
    },
    "incorrect": {
      "precision": 1.0,
      "recall": 0.22857142857142856,
      "correct": 8,
      "total": 35
    },
    "partial": {
      "precision": 0.34146341463414637,
      "recall": 0.5833333333333334,
      "correct": 14,
      "total": 24
    }
  }
}