{
  "overall_accuracy": 0.28,
  "normalized_mean_absolute_error": 0.5642857142857143,
  "total_correct": 28,
  "total": 100,
  "accuracy_by_label": {
    "almost": {
      "precision": 0.0,
      "recall": 0.0,
      "correct": 0,
      "total": 5
    },
    "correct": {
      "precision": 0.7419354838709677,
      "recall": 0.6571428571428571,
      "correct": 23,
      "total": 35
    },
    "incorrect": {
      "precision": 0.3,
      "recall": 0.08571428571428572,
      "correct": 3,
      "total": 35
    },
    "partial": {
      "precision": 0.14285714285714285,
      "recall": 0.08,
      "correct": 2,
      "total": 25
    }
  }
}