{
  "overall_accuracy": 0.55,
  "normalized_mean_absolute_error": 0.18714285714285714,
  "total_correct": 55,
  "total": 100,
  "accuracy_by_label": {
    "almost": {
      "precision": 0.0,
      "recall": 0.0,
      "correct": 0,
      "total": 5
    },
    "correct": {
      "precision": 0.6666666666666666,
      "recall": 0.9142857142857143,
      "correct": 32,
      "total": 35
    },
    "incorrect": {
      "precision": 0.48484848484848486,
      "recall": 0.45714285714285713,
      "correct": 16,
      "total": 35
    },
    "partial": {
      "precision": 0.3888888888888889,
      "recall": 0.28,
      "correct": 7,
      "total": 25
    }
  }
}