{
  "overall_accuracy": 0.64,
  "normalized_mean_absolute_error": 0.1742857142857143,
  "total_correct": 64,
  "total": 100,
  "accuracy_by_label": {
    "almost": {
      "precision": 0.3,
      "recall": 0.5,
      "correct": 3,
      "total": 6
    },
    "correct": {
      "precision": 0.8125,
      "recall": 0.7428571428571429,
      "correct": 26,
      "total": 35
    },
    "incorrect": {
      "precision": 0.6857142857142857,
      "recall": 0.6857142857142857,
      "correct": 24,
      "total": 35
    },
    "partial": {
      "precision": 0.4782608695652174,
      "recall": 0.4583333333333333,
      "correct": 11,
      "total": 24
    }
  }
}