{
  "overall_accuracy": 0.6,
  "normalized_mean_absolute_error": 0.16285714285714284,
  "total_correct": 60,
  "total": 100,
  "accuracy_by_label": {
    "almost": {
      "precision": 0.38461538461538464,
      "recall": 0.8333333333333334,
      "correct": 5,
      "total": 6
    },
    "correct": {
      "precision": 0.7948717948717948,
      "recall": 0.8857142857142857,
      "correct": 31,
      "total": 35
    },
    "incorrect": {
      "precision": 0.7857142857142857,
      "recall": 0.3142857142857143,
      "correct": 11,
      "total": 35
    },
    "partial": {
      "precision": 0.38235294117647056,
      "recall": 0.5416666666666666,
      "correct": 13,
      "total": 24
    }
  }
}