{
  "overall_accuracy": 0.62,
  "normalized_mean_absolute_error": 0.14142857142857143,
  "total_correct": 62,
  "total": 100,
  "accuracy_by_label": {
    "almost": {
      "precision": 0.1875,
      "recall": 0.5,
      "correct": 3,
      "total": 6
    },
    "correct": {
      "precision": 0.8928571428571429,
      "recall": 0.7142857142857143,
      "correct": 25,
      "total": 35
    },
    "incorrect": {
      "precision": 0.85,
      "recall": 0.4857142857142857,
      "correct": 17,
      "total": 35
    },
    "partial": {
      "precision": 0.4722222222222222,
      "recall": 0.7083333333333334,
      "correct": 17,
      "total": 24
    }
  }
}