{
  "overall_accuracy": 0.57,
  "normalized_mean_absolute_error": 0.19285714285714287,
  "total_correct": 57,
  "total": 100,
  "accuracy_by_label": {
    "almost": {
      "precision": 0.25,
      "recall": 0.16666666666666666,
      "correct": 1,
      "total": 6
    },
    "correct": {
      "precision": 0.6595744680851063,
      "recall": 0.8857142857142857,
      "correct": 31,
      "total": 35
    },
    "incorrect": {
      "precision": 0.65625,
      "recall": 0.6,
      "correct": 21,
      "total": 35
    },
    "partial": {
      "precision": 0.23529411764705882,
      "recall": 0.16666666666666666,
      "correct": 4,
      "total": 24
    }
  }
}