{
  "overall_accuracy": 0.48,
  "normalized_mean_absolute_error": 0.4542857142857143,
  "total_correct": 48,
  "total": 100,
  "accuracy_by_label": {
    "almost": {
      "precision": 0.0,
      "recall": 0.0,
      "correct": 0,
      "total": 6
    },
    "correct": {
      "precision": 0.7045454545454546,
      "recall": 0.8857142857142857,
      "correct": 31,
      "total": 35
    },
    "incorrect": {
      "precision": 0.9090909090909091,
      "recall": 0.2857142857142857,
      "correct": 10,
      "total": 35
    },
    "partial": {
      "precision": 0.5833333333333334,
      "recall": 0.2916666666666667,
      "correct": 7,
      "total": 24
    }
  }
}