{
  "overall_accuracy": 0.62,
  "normalized_mean_absolute_error": 0.17714285714285713,
  "total_correct": 62,
  "total": 100,
  "accuracy_by_label": {
    "almost": {
      "precision": 0.0,
      "recall": 0.0,
      "correct": 0,
      "total": 6
    },
    "correct": {
      "precision": 0.68,
      "recall": 0.9714285714285714,
      "correct": 34,
      "total": 35
    },
    "incorrect": {
      "precision": 0.7407407407407407,
      "recall": 0.5714285714285714,
      "correct": 20,
      "total": 35
    },
    "partial": {
      "precision": 0.34782608695652173,
      "recall": 0.3333333333333333,
      "correct": 8,
      "total": 24
    }
  }
}