{
  "overall_accuracy": 0.62,
  "normalized_mean_absolute_error": 0.22714285714285715,
  "total_correct": 62,
  "total": 100,
  "accuracy_by_label": {
    "almost": {
      "precision": 0.0,
      "recall": 0.0,
      "correct": 0,
      "total": 6
    },
    "correct": {
      "precision": 0.6226415094339622,
      "recall": 0.9428571428571428,
      "correct": 33,
      "total": 35
    },
    "incorrect": {
      "precision": 0.7352941176470589,
      "recall": 0.7142857142857143,
      "correct": 25,
      "total": 35
    },
    "partial": {
      "precision": 0.5,
      "recall": 0.16666666666666666,
      "correct": 4,
      "total": 24
    }
  }
}