{
  "overall_accuracy": 0.37,
  "normalized_mean_absolute_error": 0.5014285714285714,
  "total_correct": 37,
  "total": 100,
  "accuracy_by_label": {
    "almost": {
      "precision": 0.14285714285714285,
      "recall": 0.16666666666666666,
      "correct": 1,
      "total": 6
    },
    "correct": {
      "precision": 0.6904761904761905,
      "recall": 0.8285714285714286,
      "correct": 29,
      "total": 35
    },
    "incorrect": {
      "precision": 0.5,
      "recall": 0.05714285714285714,
      "correct": 2,
      "total": 35
    },
    "partial": {
      "precision": 0.4166666666666667,
      "recall": 0.20833333333333334,
      "correct": 5,
      "total": 24
    }
  }
}