{
  "overall_accuracy": 0.62,
  "normalized_mean_absolute_error": 0.19999999999999998,
  "total_correct": 62,
  "total": 100,
  "accuracy_by_label": {
    "almost": {
      "precision": 0.16666666666666666,
      "recall": 0.16666666666666666,
      "correct": 1,
      "total": 6
    },
    "correct": {
      "precision": 0.6122448979591837,
      "recall": 0.8571428571428571,
      "correct": 30,
      "total": 35
    },
    "incorrect": {
      "precision": 0.7714285714285715,
      "recall": 0.7714285714285715,
      "correct": 27,
      "total": 35
    },
    "partial": {
      "precision": 0.4,
      "recall": 0.16666666666666666,
      "correct": 4,
      "total": 24
    }
  }
}