{
  "overall_accuracy": 0.55,
  "normalized_mean_absolute_error": 0.15857142857142859,
  "total_correct": 55,
  "total": 100,
  "accuracy_by_label": {
    "almost": {
      "precision": 0.0,
      "recall": 0.0,
      "correct": 0,
      "total": 5
    },
    "correct": {
      "precision": 0.7272727272727273,
      "recall": 0.9142857142857143,
      "correct": 32,
      "total": 35
    },
    "incorrect": {
      "precision": 0.4827586206896552,
      "recall": 0.4,
      "correct": 14,
      "total": 35
    },
    "partial": {
      "precision": 0.3333333333333333,
      "recall": 0.36,
      "correct": 9,
      "total": 25
    }
  }
}