{
  "overall_accuracy": 0.56,
  "normalized_mean_absolute_error": 0.15,
  "total_correct": 56,
  "total": 100,
  "accuracy_by_label": {
    "almost": {
      "precision": 0.2727272727272727,
      "recall": 0.5,
      "correct": 3,
      "total": 6
    },
    "correct": {
      "precision": 0.8787878787878788,
      "recall": 0.8285714285714286,
      "correct": 29,
      "total": 35
    },
    "incorrect": {
      "precision": 1.0,
      "recall": 0.14285714285714285,
      "correct": 5,
      "total": 35
    },
    "partial": {
      "precision": 0.37254901960784315,
      "recall": 0.7916666666666666,
      "correct": 19,
      "total": 24
    }
  }
}