{
  "overall_accuracy": 0.67,
  "normalized_mean_absolute_error": 0.12142857142857143,
  "total_correct": 67,
  "total": 100,
  "accuracy_by_label": {
    "almost": {
      "precision": 0.0,
      "recall": 0.0,
      "correct": 0,
      "total": 6
    },
    "correct": {
      "precision": 0.723404255319149,
      "recall": 0.9714285714285714,
      "correct": 34,
      "total": 35
    },
    "incorrect": {
      "precision": 0.7333333333333333,
      "recall": 0.6285714285714286,
      "correct": 22,
      "total": 35
    },
    "partial": {
      "precision": 0.4782608695652174,
      "recall": 0.4583333333333333,
      "correct": 11,
      "total": 24
    }
  }
}