{
  "overall_accuracy": 0.72,
  "normalized_mean_absolute_error": 0.13142857142857142,
  "total_correct": 72,
  "total": 100,
  "accuracy_by_label": {
    "almost": {
      "precision": 0.14285714285714285,
      "recall": 0.16666666666666666,
      "correct": 1,
      "total": 6
    },
    "correct": {
      "precision": 0.7804878048780488,
      "recall": 0.9142857142857143,
      "correct": 32,
      "total": 35
    },
    "incorrect": {
      "precision": 0.7777777777777778,
      "recall": 0.8,
      "correct": 28,
      "total": 35
    },
    "partial": {
      "precision": 0.6875,
      "recall": 0.4583333333333333,
      "correct": 11,
      "total": 24
    }
  }
}