{
  "overall_accuracy": 0.54,
  "normalized_mean_absolute_error": 0.2357142857142857,
  "total_correct": 54,
  "total": 100,
  "accuracy_by_label": {
    "almost": {
      "precision": 0.0,
      "recall": 0.0,
      "correct": 0,
      "total": 5
    },
    "correct": {
      "precision": 0.625,
      "recall": 0.8571428571428571,
      "correct": 30,
      "total": 35
    },
    "incorrect": {
      "precision": 0.5405405405405406,
      "recall": 0.5714285714285714,
      "correct": 20,
      "total": 35
    },
    "partial": {
      "precision": 0.36363636363636365,
      "recall": 0.16,
      "correct": 4,
      "total": 25
    }
  }
}