{
  "overall_accuracy": 0.51,
  "normalized_mean_absolute_error": 0.18,
  "total_correct": 51,
  "total": 100,
  "accuracy_by_label": {
    "almost": {
      "precision": 0.0,
      "recall": 0.0,
      "correct": 0,
      "total": 5
    },
    "correct": {
      "precision": 0.6956521739130435,
      "recall": 0.9142857142857143,
      "correct": 32,
      "total": 35
    },
    "incorrect": {
      "precision": 0.42857142857142855,
      "recall": 0.34285714285714286,
      "correct": 12,
      "total": 35
    },
    "partial": {
      "precision": 0.2692307692307692,
      "recall": 0.28,
      "correct": 7,
      "total": 25
    }
  }
}