{
  "overall_accuracy": 0.62,
  "normalized_mean_absolute_error": 0.1842857142857143,
  "total_correct": 62,
  "total": 100,
  "accuracy_by_label": {
    "almost": {
      "precision": 0.0,
      "recall": 0.0,
      "correct": 0,
      "total": 6
    },
    "correct": {
      "precision": 0.6111111111111112,
      "recall": 0.9428571428571428,
      "correct": 33,
      "total": 35
    },
    "incorrect": {
      "precision": 0.7333333333333333,
      "recall": 0.6285714285714286,
      "correct": 22,
      "total": 35
    },
    "partial": {
      "precision": 0.4375,
      "recall": 0.2916666666666667,
      "correct": 7,
      "total": 24
    }
  }
}