{
  "overall_accuracy": 0.54,
  "normalized_mean_absolute_error": 0.18714285714285714,
  "total_correct": 54,
  "total": 100,
  "accuracy_by_label": {
    "almost": {
      "precision": 0.08333333333333333,
      "recall": 0.2,
      "correct": 1,
      "total": 5
    },
    "correct": {
      "precision": 0.7567567567567568,
      "recall": 0.8,
      "correct": 28,
      "total": 35
    },
    "incorrect": {
      "precision": 0.7777777777777778,
      "recall": 0.2,
      "correct": 7,
      "total": 35
    },
    "partial": {
      "precision": 0.42857142857142855,
      "recall": 0.72,
      "correct": 18,
      "total": 25
    }
  }
}