{
  "overall_accuracy": 0.23,
  "normalized_mean_absolute_error": 0.5428571428571428,
  "total_correct": 23,
  "total": 100,
  "accuracy_by_label": {
    "almost": {
      "precision": 0.2222222222222222,
      "recall": 0.3333333333333333,
      "correct": 2,
      "total": 6
    },
    "correct": {
      "precision": 1.0,
      "recall": 0.08571428571428572,
      "correct": 3,
      "total": 35
    },
    "incorrect": {
      "precision": 0.3333333333333333,
      "recall": 0.02857142857142857,
      "correct": 1,
      "total": 35
    },
    "partial": {
      "precision": 0.40476190476190477,
      "recall": 0.7083333333333334,
      "correct": 17,
      "total": 24
    }
  }
}