{
  "overall_accuracy": 0.25,
  "normalized_mean_absolute_error": 0.5571428571428572,
  "total_correct": 25,
  "total": 100,
  "accuracy_by_label": {
    "almost": {
      "precision": 0.06666666666666667,
      "recall": 0.16666666666666666,
      "correct": 1,
      "total": 6
    },
    "correct": {
      "precision": 0.7777777777777778,
      "recall": 0.4,
      "correct": 14,
      "total": 35
    },
    "incorrect": {
      "precision": 0.6666666666666666,
      "recall": 0.11428571428571428,
      "correct": 4,
      "total": 35
    },
    "partial": {
      "precision": 0.2222222222222222,
      "recall": 0.25,
      "correct": 6,
      "total": 24
    }
  }
}