{
  "overall_accuracy": 0.52,
  "normalized_mean_absolute_error": 0.19571428571428573,
  "total_correct": 52,
  "total": 100,
  "accuracy_by_label": {
    "almost": {
      "precision": 0.0,
      "recall": 0.0,
      "correct": 0,
      "total": 5
    },
    "correct": {
      "precision": 0.6904761904761905,
      "recall": 0.8285714285714286,
      "correct": 29,
      "total": 35
    },
    "incorrect": {
      "precision": 0.45454545454545453,
      "recall": 0.42857142857142855,
      "correct": 15,
      "total": 35
    },
    "partial": {
      "precision": 0.32,
      "recall": 0.32,
      "correct": 8,
      "total": 25
    }
  }
}