{
  "overall_accuracy": 0.54,
  "normalized_mean_absolute_error": 0.31714285714285717,
  "total_correct": 54,
  "total": 100,
  "accuracy_by_label": {
    "almost": {
      "precision": 0.0,
      "recall": 0.0,
      "correct": 0,
      "total": 6
    },
    "correct": {
      "precision": 0.7441860465116279,
      "recall": 0.9142857142857143,
      "correct": 32,
      "total": 35
    },
    "incorrect": {
      "precision": 0.9333333333333333,
      "recall": 0.4,
      "correct": 14,
      "total": 35
    },
    "partial": {
      "precision": 0.38095238095238093,
      "recall": 0.3333333333333333,
      "correct": 8,
      "total": 24
    }
  }
}