{
  "overall_accuracy": 0.43,
  "normalized_mean_absolute_error": 0.41000000000000003,
  "total_correct": 43,
  "total": 100,
  "accuracy_by_label": {
    "almost": {
      "precision": 0.0,
      "recall": 0.0,
      "correct": 0,
      "total": 6
    },
    "correct": {
      "precision": 0.8333333333333334,
      "recall": 0.5714285714285714,
      "correct": 20,
      "total": 35
    },
    "incorrect": {
      "precision": 0.6666666666666666,
      "recall": 0.45714285714285713,
      "correct": 16,
      "total": 35
    },
    "partial": {
      "precision": 0.3888888888888889,
      "recall": 0.2916666666666667,
      "correct": 7,
      "total": 24
    }
  }
}