{
  "overall_accuracy": 0.27,
  "normalized_mean_absolute_error": 0.5285714285714286,
  "total_correct": 27,
  "total": 100,
  "accuracy_by_label": {
    "almost": {
      "precision": 0.1111111111111111,
      "recall": 0.4,
      "correct": 2,
      "total": 5
    },
    "correct": {
      "precision": 0.8125,
      "recall": 0.37142857142857144,
      "correct": 13,
      "total": 35
    },
    "incorrect": {
      "precision": 0.4444444444444444,
      "recall": 0.11428571428571428,
      "correct": 4,
      "total": 35
    },
    "partial": {
      "precision": 0.2962962962962963,
      "recall": 0.32,
      "correct": 8,
      "total": 25
    }
  }
}