{
  "overall_accuracy": 0.56,
  "normalized_mean_absolute_error": 0.26857142857142857,
  "total_correct": 56,
  "total": 100,
  "accuracy_by_label": {
    "almost": {
      "precision": 0.0,
      "recall": 0.0,
      "correct": 0,
      "total": 6
    },
    "correct": {
      "precision": 0.7692307692307693,
      "recall": 0.8571428571428571,
      "correct": 30,
      "total": 35
    },
    "incorrect": {
      "precision": 0.6774193548387096,
      "recall": 0.6,
      "correct": 21,
      "total": 35
    },
    "partial": {
      "precision": 0.3125,
      "recall": 0.20833333333333334,
      "correct": 5,
      "total": 24
    }
  }
}