{
  "overall_accuracy": 0.63,
  "normalized_mean_absolute_error": 0.1657142857142857,
  "total_correct": 63,
  "total": 100,
  "accuracy_by_label": {
    "almost": {
      "precision": 0.5,
      "recall": 0.16666666666666666,
      "correct": 1,
      "total": 6
    },
    "correct": {
      "precision": 0.6739130434782609,
      "recall": 0.8857142857142857,
      "correct": 31,
      "total": 35
    },
    "incorrect": {
      "precision": 0.8421052631578947,
      "recall": 0.45714285714285713,
      "correct": 16,
      "total": 35
    },
    "partial": {
      "precision": 0.45454545454545453,
      "recall": 0.625,
      "correct": 15,
      "total": 24
    }
  }
}