{
  "overall_accuracy": 0.55,
  "normalized_mean_absolute_error": 0.27714285714285714,
  "total_correct": 55,
  "total": 100,
  "accuracy_by_label": {
    "almost": {
      "precision": 0.0,
      "recall": 0.0,
      "correct": 0,
      "total": 6
    },
    "correct": {
      "precision": 0.6041666666666666,
      "recall": 0.8285714285714286,
      "correct": 29,
      "total": 35
    },
    "incorrect": {
      "precision": 0.75,
      "recall": 0.5142857142857142,
      "correct": 18,
      "total": 35
    },
    "partial": {
      "precision": 0.5333333333333333,
      "recall": 0.3333333333333333,
      "correct": 8,
      "total": 24
    }
  }
}