{
  "overall_accuracy": 0.59,
  "normalized_mean_absolute_error": 0.17142857142857143,
  "total_correct": 59,
  "total": 100,
  "accuracy_by_label": {
    "almost": {
      "precision": 0.0,
      "recall": 0.0,
      "correct": 0,
      "total": 6
    },
    "correct": {
      "precision": 0.7837837837837838,
      "recall": 0.8285714285714286,
      "correct": 29,
      "total": 35
    },
    "incorrect": {
      "precision": 0.68,
      "recall": 0.4857142857142857,
      "correct": 17,
      "total": 35
    },
    "partial": {
      "precision": 0.34210526315789475,
      "recall": 0.5416666666666666,
      "correct": 13,
      "total": 24
    }
  }
}