{
  "overall_accuracy": 0.63,
  "normalized_mean_absolute_error": 0.17857142857142858,
  "total_correct": 63,
  "total": 100,
  "accuracy_by_label": {
    "almost": {
      "precision": 0.0,
      "recall": 0.0,
      "correct": 0,
      "total": 6
    },
    "correct": {
      "precision": 0.64,
      "recall": 0.9142857142857143,
      "correct": 32,
      "total": 35
    },
    "incorrect": {
      "precision": 0.8076923076923077,
      "recall": 0.6,
      "correct": 21,
      "total": 35
    },
    "partial": {
      "precision": 0.45454545454545453,
      "recall": 0.4166666666666667,
      "correct": 10,
      "total": 24
    }
  }
}