{
  "overall_accuracy": 0.65,
  "normalized_mean_absolute_error": 0.1842857142857143,
  "total_correct": 65,
  "total": 100,
  "accuracy_by_label": {
    "almost": {
      "precision": 0.0,
      "recall": 0.0,
      "correct": 0,
      "total": 6
    },
    "correct": {
      "precision": 0.6122448979591837,
      "recall": 0.8571428571428571,
      "correct": 30,
      "total": 35
    },
    "incorrect": {
      "precision": 0.7631578947368421,
      "recall": 0.8285714285714286,
      "correct": 29,
      "total": 35
    },
    "partial": {
      "precision": 0.46153846153846156,
      "recall": 0.25,
      "correct": 6,
      "total": 24
    }
  }
}