{
  "overall_accuracy": 0.3,
  "normalized_mean_absolute_error": 0.5542857142857143,
  "total_correct": 30,
  "total": 100,
  "accuracy_by_label": {
    "almost": {
      "precision": 0.13333333333333333,
      "recall": 0.3333333333333333,
      "correct": 2,
      "total": 6
    },
    "correct": {
      "precision": 0.8571428571428571,
      "recall": 0.5142857142857142,
      "correct": 18,
      "total": 35
    },
    "incorrect": {
      "precision": 0.75,
      "recall": 0.08571428571428572,
      "correct": 3,
      "total": 35
    },
    "partial": {
      "precision": 0.3181818181818182,
      "recall": 0.2916666666666667,
      "correct": 7,
      "total": 24
    }
  }
}