{
  "overall_accuracy": 0.43,
  "normalized_mean_absolute_error": 0.33714285714285713,
  "total_correct": 43,
  "total": 100,
  "accuracy_by_label": {
    "almost": {
      "precision": 0.0,
      "recall": 0.0,
      "correct": 0,
      "total": 5
    },
    "correct": {
      "precision": 0.7142857142857143,
      "recall": 0.2857142857142857,
      "correct": 10,
      "total": 35
    },
    "incorrect": {
      "precision": 0.36065573770491804,
      "recall": 0.6285714285714286,
      "correct": 22,
      "total": 35
    },
    "partial": {
      "precision": 0.4583333333333333,
      "recall": 0.44,
      "correct": 11,
      "total": 25
    }
  }
}