{
  "overall_accuracy": 0.36,
  "normalized_mean_absolute_error": 0.4842857142857143,
  "total_correct": 36,
  "total": 100,
  "accuracy_by_label": {
    "almost": {
      "precision": 0.1875,
      "recall": 0.5,
      "correct": 3,
      "total": 6
    },
    "correct": {
      "precision": 0.8888888888888888,
      "recall": 0.45714285714285713,
      "correct": 16,
      "total": 35
    },
    "incorrect": {
      "precision": 0.8181818181818182,
      "recall": 0.2571428571428571,
      "correct": 9,
      "total": 35
    },
    "partial": {
      "precision": 0.32,
      "recall": 0.3333333333333333,
      "correct": 8,
      "total": 24
    }
  }
}