{
  "overall_accuracy": 0.63,
  "normalized_mean_absolute_error": 0.1942857142857143,
  "total_correct": 63,
  "total": 100,
  "accuracy_by_label": {
    "almost": {
      "precision": 0.0,
      "recall": 0.0,
      "correct": 0,
      "total": 6
    },
    "correct": {
      "precision": 0.6,
      "recall": 0.9428571428571428,
      "correct": 33,
      "total": 35
    },
    "incorrect": {
      "precision": 0.696969696969697,
      "recall": 0.6571428571428571,
      "correct": 23,
      "total": 35
    },
    "partial": {
      "precision": 0.5833333333333334,
      "recall": 0.2916666666666667,
      "correct": 7,
      "total": 24
    }
  }
}