{
  "overall_accuracy": 0.51,
  "normalized_mean_absolute_error": 0.19142857142857145,
  "total_correct": 51,
  "total": 100,
  "accuracy_by_label": {
    "almost": {
      "precision": 0.2,
      "recall": 0.2,
      "correct": 1,
      "total": 5
    },
    "correct": {
      "precision": 0.7073170731707317,
      "recall": 0.8285714285714286,
      "correct": 29,
      "total": 35
    },
    "incorrect": {
      "precision": 0.4782608695652174,
      "recall": 0.3142857142857143,
      "correct": 11,
      "total": 35
    },
    "partial": {
      "precision": 0.3225806451612903,
      "recall": 0.4,
      "correct": 10,
      "total": 25
    }
  }
}