{
  "overall_accuracy": 0.58,
  "normalized_mean_absolute_error": 0.23142857142857146,
  "total_correct": 58,
  "total": 100,
  "accuracy_by_label": {
    "almost": {
      "precision": 0.25,
      "recall": 0.16666666666666666,
      "correct": 1,
      "total": 6
    },
    "correct": {
      "precision": 0.6,
      "recall": 0.8571428571428571,
      "correct": 30,
      "total": 35
    },
    "incorrect": {
      "precision": 0.7096774193548387,
      "recall": 0.6285714285714286,
      "correct": 22,
      "total": 35
    },
    "partial": {
      "precision": 0.3333333333333333,
      "recall": 0.20833333333333334,
      "correct": 5,
      "total": 24
    }
  }
}