{
  "overall_accuracy": 0.42,
  "normalized_mean_absolute_error": 0.43,
  "total_correct": 42,
  "total": 100,
  "accuracy_by_label": {
    "almost": {
      "precision": 0.0,
      "recall": 0.0,
      "correct": 0,
      "total": 6
    },
    "correct": {
      "precision": 0.41975308641975306,
      "recall": 0.9714285714285714,
      "correct": 34,
      "total": 35
    },
    "incorrect": {
      "precision": 0.75,
      "recall": 0.08571428571428572,
      "correct": 3,
      "total": 35
    },
    "partial": {
      "precision": 0.3333333333333333,
      "recall": 0.20833333333333334,
      "correct": 5,
      "total": 24
    }
  }
}