{
  "overall_accuracy": 0.25,
  "normalized_mean_absolute_error": 0.6071428571428571,
  "total_correct": 25,
  "total": 100,
  "accuracy_by_label": {
    "almost": {
      "precision": 0.0,
      "recall": 0.0,
      "correct": 0,
      "total": 5
    },
    "correct": {
      "precision": 0.6896551724137931,
      "recall": 0.5714285714285714,
      "correct": 20,
      "total": 35
    },
    "incorrect": {
      "precision": 0.16666666666666666,
      "recall": 0.02857142857142857,
      "correct": 1,
      "total": 35
    },
    "partial": {
      "precision": 0.25,
      "recall": 0.16,
      "correct": 4,
      "total": 25
    }
  }
}