{
  "overall_accuracy": 0.61,
  "normalized_mean_absolute_error": 0.1742857142857143,
  "total_correct": 61,
  "total": 100,
  "accuracy_by_label": {
    "almost": {
      "precision": 0.0,
      "recall": 0.0,
      "correct": 0,
      "total": 6
    },
    "correct": {
      "precision": 0.6538461538461539,
      "recall": 0.9714285714285714,
      "correct": 34,
      "total": 35
    },
    "incorrect": {
      "precision": 0.8,
      "recall": 0.45714285714285713,
      "correct": 16,
      "total": 35
    },
    "partial": {
      "precision": 0.4074074074074074,
      "recall": 0.4583333333333333,
      "correct": 11,
      "total": 24
    }
  }
}