{
  "overall_accuracy": 0.51,
  "normalized_mean_absolute_error": 0.15714285714285717,
  "total_correct": 51,
  "total": 100,
  "accuracy_by_label": {
    "almost": {
      "precision": 0.18181818181818182,
      "recall": 0.6666666666666666,
      "correct": 4,
      "total": 6
    },
    "correct": {
      "precision": 0.8214285714285714,
      "recall": 0.6571428571428571,
      "correct": 23,
      "total": 35
    },
    "incorrect": {
      "precision": 1.0,
      "recall": 0.2,
      "correct": 7,
      "total": 35
    },
    "partial": {
      "precision": 0.3953488372093023,
      "recall": 0.7083333333333334,
      "correct": 17,
      "total": 24
    }
  }
}