{
  "overall_accuracy": 0.7,
  "normalized_mean_absolute_error": 0.13428571428571429,
  "total_correct": 70,
  "total": 100,
  "accuracy_by_label": {
    "almost": {
      "precision": 0.25,
      "recall": 0.3333333333333333,
      "correct": 2,
      "total": 6
    },
    "correct": {
      "precision": 0.7894736842105263,
      "recall": 0.8571428571428571,
      "correct": 30,
      "total": 35
    },
    "incorrect": {
      "precision": 0.9130434782608695,
      "recall": 0.6,
      "correct": 21,
      "total": 35
    },
    "partial": {
      "precision": 0.5483870967741935,
      "recall": 0.7083333333333334,
      "correct": 17,
      "total": 24
    }
  }
}