{
  "overall_accuracy": 0.69,
  "normalized_mean_absolute_error": 0.16428571428571428,
  "total_correct": 69,
  "total": 100,
  "accuracy_by_label": {
    "almost": {
      "precision": 0.0,
      "recall": 0.0,
      "correct": 0,
      "total": 5
    },
    "correct": {
      "precision": 0.7837837837837838,
      "recall": 0.8285714285714286,
      "correct": 29,
      "total": 35
    },
    "incorrect": {
      "precision": 0.6842105263157895,
      "recall": 0.7428571428571429,
      "correct": 26,
      "total": 35
    },
    "partial": {
      "precision": 0.7,
      "recall": 0.56,
      "correct": 14,
      "total": 25
    }
  }
}