{
  "overall_accuracy": 0.52,
  "normalized_mean_absolute_error": 0.2942857142857143,
  "total_correct": 52,
  "total": 100,
  "accuracy_by_label": {
    "almost": {
      "precision": 0.0,
      "recall": 0.0,
      "correct": 0,
      "total": 5
    },
    "correct": {
      "precision": 0.5370370370370371,
      "recall": 0.8285714285714286,
      "correct": 29,
      "total": 35
    },
    "incorrect": {
      "precision": 0.5675675675675675,
      "recall": 0.6,
      "correct": 21,
      "total": 35
    },
    "partial": {
      "precision": 0.3333333333333333,
      "recall": 0.08,
      "correct": 2,
      "total": 25
    }
  }
}