{
  "overall_accuracy": 0.62,
  "normalized_mean_absolute_error": 0.16857142857142857,
  "total_correct": 62,
  "total": 100,
  "accuracy_by_label": {
    "almost": {
      "precision": 0.0,
      "recall": 0.0,
      "correct": 0,
      "total": 5
    },
    "correct": {
      "precision": 0.7878787878787878,
      "recall": 0.7428571428571429,
      "correct": 26,
      "total": 35
    },
    "incorrect": {
      "precision": 0.6052631578947368,
      "recall": 0.6571428571428571,
      "correct": 23,
      "total": 35
    },
    "partial": {
      "precision": 0.4482758620689655,
      "recall": 0.52,
      "correct": 13,
      "total": 25
    }
  }
}