{
  "overall_accuracy": 0.6,
  "normalized_mean_absolute_error": 0.15285714285714286,
  "total_correct": 60,
  "total": 100,
  "accuracy_by_label": {
    "almost": {
      "precision": 0.0,
      "recall": 0.0,
      "correct": 0,
      "total": 5
    },
    "correct": {
      "precision": 0.7045454545454546,
      "recall": 0.8857142857142857,
      "correct": 31,
      "total": 35
    },
    "incorrect": {
      "precision": 0.5714285714285714,
      "recall": 0.5714285714285714,
      "correct": 20,
      "total": 35
    },
    "partial": {
      "precision": 0.42857142857142855,
      "recall": 0.36,
      "correct": 9,
      "total": 25
    }
  }
}