{
  "overall_accuracy": 0.64,
  "normalized_mean_absolute_error": 0.19571428571428573,
  "total_correct": 64,
  "total": 100,
  "accuracy_by_label": {
    "almost": {
      "precision": 0.21052631578947367,
      "recall": 0.6666666666666666,
      "correct": 4,
      "total": 6
    },
    "correct": {
      "precision": 0.7714285714285715,
      "recall": 0.7714285714285715,
      "correct": 27,
      "total": 35
    },
    "incorrect": {
      "precision": 0.8275862068965517,
      "recall": 0.6857142857142857,
      "correct": 24,
      "total": 35
    },
    "partial": {
      "precision": 0.5294117647058824,
      "recall": 0.375,
      "correct": 9,
      "total": 24
    }
  }
}