{
  "overall_accuracy": 0.41,
  "normalized_mean_absolute_error": 0.47285714285714286,
  "total_correct": 41,
  "total": 100,
  "accuracy_by_label": {
    "almost": {
      "precision": 0.0,
      "recall": 0.0,
      "correct": 0,
      "total": 6
    },
    "correct": {
      "precision": 0.7631578947368421,
      "recall": 0.8285714285714286,
      "correct": 29,
      "total": 35
    },
    "incorrect": {
      "precision": 0.8888888888888888,
      "recall": 0.22857142857142856,
      "correct": 8,
      "total": 35
    },
    "partial": {
      "precision": 0.25,
      "recall": 0.16666666666666666,
      "correct": 4,
      "total": 24
    }
  }
}