{
  "overall_accuracy": 0.59,
  "normalized_mean_absolute_error": 0.17857142857142858,
  "total_correct": 59,
  "total": 100,
  "accuracy_by_label": {
    "almost": {
      "precision": 0.0,
      "recall": 0.0,
      "correct": 0,
      "total": 6
    },
    "correct": {
      "precision": 0.6415094339622641,
      "recall": 0.9714285714285714,
      "correct": 34,
      "total": 35
    },
    "incorrect": {
      "precision": 0.7083333333333334,
      "recall": 0.4857142857142857,
      "correct": 17,
      "total": 35
    },
    "partial": {
      "precision": 0.34782608695652173,
      "recall": 0.3333333333333333,
      "correct": 8,
      "total": 24
    }
  }
}