{
  "overall_accuracy": 0.51,
  "normalized_mean_absolute_error": 0.2285714285714286,
  "total_correct": 51,
  "total": 100,
  "accuracy_by_label": {
    "almost": {
      "precision": 0.16666666666666666,
      "recall": 0.2,
      "correct": 1,
      "total": 5
    },
    "correct": {
      "precision": 0.7631578947368421,
      "recall": 0.8285714285714286,
      "correct": 29,
      "total": 35
    },
    "incorrect": {
      "precision": 0.5172413793103449,
      "recall": 0.42857142857142855,
      "correct": 15,
      "total": 35
    },
    "partial": {
      "precision": 0.3157894736842105,
      "recall": 0.24,
      "correct": 6,
      "total": 25
    }
  }
}