{
  "overall_accuracy": 0.66,
  "normalized_mean_absolute_error": 0.13857142857142857,
  "total_correct": 66,
  "total": 100,
  "accuracy_by_label": {
    "almost": {
      "precision": 0.25,
      "recall": 0.2,
      "correct": 1,
      "total": 5
    },
    "correct": {
      "precision": 0.8157894736842105,
      "recall": 0.8857142857142857,
      "correct": 31,
      "total": 35
    },
    "incorrect": {
      "precision": 0.5849056603773585,
      "recall": 0.8857142857142857,
      "correct": 31,
      "total": 35
    },
    "partial": {
      "precision": 0.6,
      "recall": 0.12,
      "correct": 3,
      "total": 25
    }
  }
}