{
  "overall_accuracy": 0.53,
  "normalized_mean_absolute_error": 0.21428571428571427,
  "total_correct": 53,
  "total": 100,
  "accuracy_by_label": {
    "almost": {
      "precision": 0.0,
      "recall": 0.0,
      "correct": 0,
      "total": 5
    },
    "correct": {
      "precision": 0.7209302325581395,
      "recall": 0.8857142857142857,
      "correct": 31,
      "total": 35
    },
    "incorrect": {
      "precision": 0.5128205128205128,
      "recall": 0.5714285714285714,
      "correct": 20,
      "total": 35
    },
    "partial": {
      "precision": 0.2222222222222222,
      "recall": 0.08,
      "correct": 2,
      "total": 25
    }
  }
}