{
  "overall_accuracy": 0.61,
  "normalized_mean_absolute_error": 0.21857142857142858,
  "total_correct": 61,
  "total": 100,
  "accuracy_by_label": {
    "almost": {
      "precision": 0.0,
      "recall": 0.0,
      "correct": 0,
      "total": 6
    },
    "correct": {
      "precision": 0.6037735849056604,
      "recall": 0.9142857142857143,
      "correct": 32,
      "total": 35
    },
    "incorrect": {
      "precision": 0.7222222222222222,
      "recall": 0.7428571428571429,
      "correct": 26,
      "total": 35
    },
    "partial": {
      "precision": 0.3333333333333333,
      "recall": 0.125,
      "correct": 3,
      "total": 24
    }
  }
}