{
  "overall_accuracy": 0.53,
  "normalized_mean_absolute_error": 0.18,
  "total_correct": 53,
  "total": 100,
  "accuracy_by_label": {
    "almost": {
      "precision": 0.0,
      "recall": 0.0,
      "correct": 0,
      "total": 5
    },
    "correct": {
      "precision": 0.6666666666666666,
      "recall": 0.9142857142857143,
      "correct": 32,
      "total": 35
    },
    "incorrect": {
      "precision": 0.4583333333333333,
      "recall": 0.3142857142857143,
      "correct": 11,
      "total": 35
    },
    "partial": {
      "precision": 0.35714285714285715,
      "recall": 0.4,
      "correct": 10,
      "total": 25
    }
  }
}