{
  "overall_accuracy": 0.46,
  "normalized_mean_absolute_error": 0.37,
  "total_correct": 46,
  "total": 100,
  "accuracy_by_label": {
    "almost": {
      "precision": 0.0,
      "recall": 0.0,
      "correct": 0,
      "total": 5
    },
    "correct": {
      "precision": 0.47761194029850745,
      "recall": 0.9142857142857143,
      "correct": 32,
      "total": 35
    },
    "incorrect": {
      "precision": 0.5909090909090909,
      "recall": 0.37142857142857144,
      "correct": 13,
      "total": 35
    },
    "partial": {
      "precision": 0.14285714285714285,
      "recall": 0.04,
      "correct": 1,
      "total": 25
    }
  }
}