{
  "overall_accuracy": 0.44,
  "normalized_mean_absolute_error": 0.33285714285714285,
  "total_correct": 44,
  "total": 100,
  "accuracy_by_label": {
    "almost": {
      "precision": 0.3076923076923077,
      "recall": 0.6666666666666666,
      "correct": 4,
      "total": 6
    },
    "correct": {
      "precision": 0.6,
      "recall": 0.42857142857142855,
      "correct": 15,
      "total": 35
    },
    "incorrect": {
      "precision": 0.45161290322580644,
      "recall": 0.4,
      "correct": 14,
      "total": 35
    },
    "partial": {
      "precision": 0.3548387096774194,
      "recall": 0.4583333333333333,
      "correct": 11,
      "total": 24
    }
  }
}