{
  "overall_accuracy": 0.58,
  "normalized_mean_absolute_error": 0.19571428571428573,
  "total_correct": 58,
  "total": 100,
  "accuracy_by_label": {
    "almost": {
      "precision": 0.14285714285714285,
      "recall": 0.16666666666666666,
      "correct": 1,
      "total": 6
    },
    "correct": {
      "precision": 0.6808510638297872,
      "recall": 0.9142857142857143,
      "correct": 32,
      "total": 35
    },
    "incorrect": {
      "precision": 0.6896551724137931,
      "recall": 0.5714285714285714,
      "correct": 20,
      "total": 35
    },
    "partial": {
      "precision": 0.29411764705882354,
      "recall": 0.20833333333333334,
      "correct": 5,
      "total": 24
    }
  }
}