{
  "overall_accuracy": 0.7,
  "normalized_mean_absolute_error": 0.13857142857142857,
  "total_correct": 70,
  "total": 100,
  "accuracy_by_label": {
    "almost": {
      "precision": 0.3,
      "recall": 0.5,
      "correct": 3,
      "total": 6
    },
    "correct": {
      "precision": 0.7941176470588235,
      "recall": 0.7714285714285715,
      "correct": 27,
      "total": 35
    },
    "incorrect": {
      "precision": 0.7045454545454546,
      "recall": 0.8857142857142857,
      "correct": 31,
      "total": 35
    },
    "partial": {
      "precision": 0.75,
      "recall": 0.375,
      "correct": 9,
      "total": 24
    }
  }
}