{
  "overall_accuracy": 0.49,
  "normalized_mean_absolute_error": 0.2857142857142857,
  "total_correct": 49,
  "total": 100,
  "accuracy_by_label": {
    "almost": {
      "precision": 0.0625,
      "recall": 0.16666666666666666,
      "correct": 1,
      "total": 6
    },
    "correct": {
      "precision": 0.68,
      "recall": 0.4857142857142857,
      "correct": 17,
      "total": 35
    },
    "incorrect": {
      "precision": 0.7297297297297297,
      "recall": 0.7714285714285715,
      "correct": 27,
      "total": 35
    },
    "partial": {
      "precision": 0.2222222222222222,
      "recall": 0.16666666666666666,
      "correct": 4,
      "total": 24
    }
  }
}