{
  "overall_accuracy": 0.61,
  "normalized_mean_absolute_error": 0.20285714285714285,
  "total_correct": 61,
  "total": 100,
  "accuracy_by_label": {
    "almost": {
      "precision": 0.0,
      "recall": 0.0,
      "correct": 0,
      "total": 6
    },
    "correct": {
      "precision": 0.6382978723404256,
      "recall": 0.8571428571428571,
      "correct": 30,
      "total": 35
    },
    "incorrect": {
      "precision": 0.8260869565217391,
      "recall": 0.5428571428571428,
      "correct": 19,
      "total": 35
    },
    "partial": {
      "precision": 0.4,
      "recall": 0.5,
      "correct": 12,
      "total": 24
    }
  }
}