{
  "overall_accuracy": 0.65,
  "normalized_mean_absolute_error": 0.1657142857142857,
  "total_correct": 65,
  "total": 100,
  "accuracy_by_label": {
    "almost": {
      "precision": 0.0,
      "recall": 0.0,
      "correct": 0,
      "total": 6
    },
    "correct": {
      "precision": 0.6296296296296297,
      "recall": 0.9714285714285714,
      "correct": 34,
      "total": 35
    },
    "incorrect": {
      "precision": 0.7419354838709677,
      "recall": 0.6571428571428571,
      "correct": 23,
      "total": 35
    },
    "partial": {
      "precision": 0.5333333333333333,
      "recall": 0.3333333333333333,
      "correct": 8,
      "total": 24
    }
  }
}