{
  "overall_accuracy": 0.4,
  "normalized_mean_absolute_error": 0.5042857142857142,
  "total_correct": 40,
  "total": 100,
  "accuracy_by_label": {
    "almost": {
      "precision": 0.3333333333333333,
      "recall": 0.3333333333333333,
      "correct": 2,
      "total": 6
    },
    "correct": {
      "precision": 0.75,
      "recall": 0.8571428571428571,
      "correct": 30,
      "total": 35
    },
    "incorrect": {
      "precision": 1.0,
      "recall": 0.02857142857142857,
      "correct": 1,
      "total": 35
    },
    "partial": {
      "precision": 0.5,
      "recall": 0.2916666666666667,
      "correct": 7,
      "total": 24
    }
  }
}