{
  "overall_accuracy": 0.55,
  "normalized_mean_absolute_error": 0.18571428571428572,
  "total_correct": 55,
  "total": 100,
  "accuracy_by_label": {
    "almost": {
      "precision": 0.1111111111111111,
      "recall": 0.2,
      "correct": 1,
      "total": 5
    },
    "correct": {
      "precision": 0.7777777777777778,
      "recall": 0.8,
      "correct": 28,
      "total": 35
    },
    "incorrect": {
      "precision": 0.8571428571428571,
      "recall": 0.17142857142857143,
      "correct": 6,
      "total": 35
    },
    "partial": {
      "precision": 0.4166666666666667,
      "recall": 0.8,
      "correct": 20,
      "total": 25
    }
  }
}