{
  "overall_accuracy": 0.32,
  "normalized_mean_absolute_error": 0.5457142857142857,
  "total_correct": 32,
  "total": 100,
  "accuracy_by_label": {
    "almost": {
      "precision": 0.0,
      "recall": 0.0,
      "correct": 0,
      "total": 5
    },
    "correct": {
      "precision": 0.7741935483870968,
      "recall": 0.6857142857142857,
      "correct": 24,
      "total": 35
    },
    "incorrect": {
      "precision": 0.14285714285714285,
      "recall": 0.02857142857142857,
      "correct": 1,
      "total": 35
    },
    "partial": {
      "precision": 0.5,
      "recall": 0.28,
      "correct": 7,
      "total": 25
    }
  }
}