{
  "overall_accuracy": 0.69,
  "normalized_mean_absolute_error": 0.1457142857142857,
  "total_correct": 69,
  "total": 100,
  "accuracy_by_label": {
    "almost": {
      "precision": 0.0,
      "recall": 0.0,
      "correct": 0,
      "total": 6
    },
    "correct": {
      "precision": 0.7111111111111111,
      "recall": 0.9142857142857143,
      "correct": 32,
      "total": 35
    },
    "incorrect": {
      "precision": 0.9130434782608695,
      "recall": 0.6,
      "correct": 21,
      "total": 35
    },
    "partial": {
      "precision": 0.5,
      "recall": 0.6666666666666666,
      "correct": 16,
      "total": 24
    }
  }
}