{
  "overall_accuracy": 0.6,
  "normalized_mean_absolute_error": 0.17285714285714285,
  "total_correct": 60,
  "total": 100,
  "accuracy_by_label": {
    "almost": {
      "precision": 0.2,
      "recall": 0.16666666666666666,
      "correct": 1,
      "total": 6
    },
    "correct": {
      "precision": 0.7083333333333334,
      "recall": 0.9714285714285714,
      "correct": 34,
      "total": 35
    },
    "incorrect": {
      "precision": 0.7368421052631579,
      "recall": 0.4,
      "correct": 14,
      "total": 35
    },
    "partial": {
      "precision": 0.39285714285714285,
      "recall": 0.4583333333333333,
      "correct": 11,
      "total": 24
    }
  }
}