{
  "overall_accuracy": 0.07,
  "normalized_mean_absolute_error": 0.86,
  "total_correct": 7,
  "total": 100,
  "accuracy_by_label": {
    "almost": {
      "precision": 0.125,
      "recall": 0.16666666666666666,
      "correct": 1,
      "total": 6
    },
    "correct": {
      "precision": 0.8333333333333334,
      "recall": 0.14285714285714285,
      "correct": 5,
      "total": 35
    },
    "incorrect": {
      "precision": 0.0,
      "recall": 0.0,
      "correct": 0,
      "total": 35
    },
    "partial": {
      "precision": 0.14285714285714285,
      "recall": 0.041666666666666664,
      "correct": 1,
      "total": 24
    }
  }
}