{
  "overall_accuracy": 0.23,
  "normalized_mean_absolute_error": 0.45142857142857146,
  "total_correct": 23,
  "total": 100,
  "accuracy_by_label": {
    "almost": {
      "precision": 0.09433962264150944,
      "recall": 0.8333333333333334,
      "correct": 5,
      "total": 6
    },
    "correct": {
      "precision": 0.2857142857142857,
      "recall": 0.11428571428571428,
      "correct": 4,
      "total": 35
    },
    "incorrect": {
      "precision": 0.0,
      "recall": 0.0,
      "correct": 0,
      "total": 35
    },
    "partial": {
      "precision": 0.42424242424242425,
      "recall": 0.5833333333333334,
      "correct": 14,
      "total": 24
    }
  }
}