{
  "overall_accuracy": 0.3,
  "normalized_mean_absolute_error": 0.5371428571428571,
  "total_correct": 30,
  "total": 100,
  "accuracy_by_label": {
    "almost": {
      "precision": 0.11764705882352941,
      "recall": 0.4,
      "correct": 2,
      "total": 5
    },
    "correct": {
      "precision": 0.8888888888888888,
      "recall": 0.45714285714285713,
      "correct": 16,
      "total": 35
    },
    "incorrect": {
      "precision": 0.5,
      "recall": 0.08571428571428572,
      "correct": 3,
      "total": 35
    },
    "partial": {
      "precision": 0.42857142857142855,
      "recall": 0.36,
      "correct": 9,
      "total": 25
    }
  }
}