{
  "overall_accuracy": 0.48,
  "normalized_mean_absolute_error": 0.38,
  "total_correct": 48,
  "total": 100,
  "accuracy_by_label": {
    "almost": {
      "precision": 0.0,
      "recall": 0.0,
      "correct": 0,
      "total": 6
    },
    "correct": {
      "precision": 0.47761194029850745,
      "recall": 0.9142857142857143,
      "correct": 32,
      "total": 35
    },
    "incorrect": {
      "precision": 0.6153846153846154,
      "recall": 0.22857142857142856,
      "correct": 8,
      "total": 35
    },
    "partial": {
      "precision": 0.42105263157894735,
      "recall": 0.3333333333333333,
      "correct": 8,
      "total": 24
    }
  }
}