{
  "overall_accuracy": 0.6,
  "normalized_mean_absolute_error": 0.14142857142857143,
  "total_correct": 60,
  "total": 100,
  "accuracy_by_label": {
    "almost": {
      "precision": 0.0,
      "recall": 0.0,
      "correct": 0,
      "total": 5
    },
    "correct": {
      "precision": 0.7441860465116279,
      "recall": 0.9142857142857143,
      "correct": 32,
      "total": 35
    },
    "incorrect": {
      "precision": 0.5862068965517241,
      "recall": 0.4857142857142857,
      "correct": 17,
      "total": 35
    },
    "partial": {
      "precision": 0.39285714285714285,
      "recall": 0.44,
      "correct": 11,
      "total": 25
    }
  }
}