{
  "overall_accuracy": 0.56,
  "normalized_mean_absolute_error": 0.3257142857142857,
  "total_correct": 56,
  "total": 100,
  "accuracy_by_label": {
    "almost": {
      "precision": 0.0,
      "recall": 0.0,
      "correct": 0,
      "total": 6
    },
    "correct": {
      "precision": 0.6590909090909091,
      "recall": 0.8285714285714286,
      "correct": 29,
      "total": 35
    },
    "incorrect": {
      "precision": 0.7428571428571429,
      "recall": 0.7428571428571429,
      "correct": 26,
      "total": 35
    },
    "partial": {
      "precision": 1.0,
      "recall": 0.041666666666666664,
      "correct": 1,
      "total": 24
    }
  }
}