{
  "overall_accuracy": 0.66,
  "normalized_mean_absolute_error": 0.13714285714285715,
  "total_correct": 66,
  "total": 100,
  "accuracy_by_label": {
    "almost": {
      "precision": 0.0,
      "recall": 0.0,
      "correct": 0,
      "total": 6
    },
    "correct": {
      "precision": 0.7333333333333333,
      "recall": 0.9428571428571428,
      "correct": 33,
      "total": 35
    },
    "incorrect": {
      "precision": 0.7407407407407407,
      "recall": 0.5714285714285714,
      "correct": 20,
      "total": 35
    },
    "partial": {
      "precision": 0.4642857142857143,
      "recall": 0.5416666666666666,
      "correct": 13,
      "total": 24
    }
  }
}