{
  "overall_accuracy": 0.56,
  "normalized_mean_absolute_error": 0.16142857142857142,
  "total_correct": 56,
  "total": 100,
  "accuracy_by_label": {
    "almost": {
      "precision": 0.0,
      "recall": 0.0,
      "correct": 0,
      "total": 5
    },
    "correct": {
      "precision": 0.7209302325581395,
      "recall": 0.8857142857142857,
      "correct": 31,
      "total": 35
    },
    "incorrect": {
      "precision": 0.5652173913043478,
      "recall": 0.37142857142857144,
      "correct": 13,
      "total": 35
    },
    "partial": {
      "precision": 0.35294117647058826,
      "recall": 0.48,
      "correct": 12,
      "total": 25
    }
  }
}