{
  "overall_accuracy": 0.04,
  "normalized_mean_absolute_error": 0.8671428571428572,
  "total_correct": 4,
  "total": 100,
  "accuracy_by_label": {
    "almost": {
      "precision": 0.07692307692307693,
      "recall": 0.16666666666666666,
      "correct": 1,
      "total": 6
    },
    "correct": {
      "precision": 1.0,
      "recall": 0.05714285714285714,
      "correct": 2,
      "total": 35
    },
    "incorrect": {
      "precision": 0.0,
      "recall": 0.0,
      "correct": 0,
      "total": 35
    },
    "partial": {
      "precision": 0.125,
      "recall": 0.041666666666666664,
      "correct": 1,
      "total": 24
    }
  }
}