{
  "overall_accuracy": 0.57,
  "normalized_mean_absolute_error": 0.24,
  "total_correct": 57,
  "total": 100,
  "accuracy_by_label": {
    "almost": {
      "precision": 0.2,
      "recall": 0.16666666666666666,
      "correct": 1,
      "total": 6
    },
    "correct": {
      "precision": 0.7931034482758621,
      "recall": 0.6571428571428571,
      "correct": 23,
      "total": 35
    },
    "incorrect": {
      "precision": 0.5416666666666666,
      "recall": 0.7428571428571429,
      "correct": 26,
      "total": 35
    },
    "partial": {
      "precision": 0.4666666666666667,
      "recall": 0.2916666666666667,
      "correct": 7,
      "total": 24
    }
  }
}