{
  "overall_accuracy": 0.61,
  "normalized_mean_absolute_error": 0.19571428571428573,
  "total_correct": 61,
  "total": 100,
  "accuracy_by_label": {
    "almost": {
      "precision": 0.0,
      "recall": 0.0,
      "correct": 0,
      "total": 6
    },
    "correct": {
      "precision": 0.6521739130434783,
      "recall": 0.8571428571428571,
      "correct": 30,
      "total": 35
    },
    "incorrect": {
      "precision": 0.8181818181818182,
      "recall": 0.5142857142857142,
      "correct": 18,
      "total": 35
    },
    "partial": {
      "precision": 0.40625,
      "recall": 0.5416666666666666,
      "correct": 13,
      "total": 24
    }
  }
}