{
  "overall_accuracy": 0.61,
  "normalized_mean_absolute_error": 0.1742857142857143,
  "total_correct": 61,
  "total": 100,
  "accuracy_by_label": {
    "almost": {
      "precision": 0.0,
      "recall": 0.0,
      "correct": 0,
      "total": 6
    },
    "correct": {
      "precision": 0.6470588235294118,
      "recall": 0.9428571428571428,
      "correct": 33,
      "total": 35
    },
    "incorrect": {
      "precision": 0.7241379310344828,
      "recall": 0.6,
      "correct": 21,
      "total": 35
    },
    "partial": {
      "precision": 0.35,
      "recall": 0.2916666666666667,
      "correct": 7,
      "total": 24
    }
  }
}