{
  "overall_accuracy": 0.57,
  "normalized_mean_absolute_error": 0.18142857142857144,
  "total_correct": 57,
  "total": 100,
  "accuracy_by_label": {
    "almost": {
      "precision": 0.0,
      "recall": 0.0,
      "correct": 0,
      "total": 5
    },
    "correct": {
      "precision": 0.673469387755102,
      "recall": 0.9428571428571428,
      "correct": 33,
      "total": 35
    },
    "incorrect": {
      "precision": 0.5151515151515151,
      "recall": 0.4857142857142857,
      "correct": 17,
      "total": 35
    },
    "partial": {
      "precision": 0.3888888888888889,
      "recall": 0.28,
      "correct": 7,
      "total": 25
    }
  }
}