{
  "overall_accuracy": 0.67,
  "normalized_mean_absolute_error": 0.13428571428571429,
  "total_correct": 67,
  "total": 100,
  "accuracy_by_label": {
    "almost": {
      "precision": 0.0,
      "recall": 0.0,
      "correct": 0,
      "total": 6
    },
    "correct": {
      "precision": 0.7441860465116279,
      "recall": 0.9142857142857143,
      "correct": 32,
      "total": 35
    },
    "incorrect": {
      "precision": 0.8260869565217391,
      "recall": 0.5428571428571428,
      "correct": 19,
      "total": 35
    },
    "partial": {
      "precision": 0.47058823529411764,
      "recall": 0.6666666666666666,
      "correct": 16,
      "total": 24
    }
  }
}