{
  "overall_accuracy": 0.59,
  "normalized_mean_absolute_error": 0.18714285714285714,
  "total_correct": 59,
  "total": 100,
  "accuracy_by_label": {
    "almost": {
      "precision": 0.0,
      "recall": 0.0,
      "correct": 0,
      "total": 6
    },
    "correct": {
      "precision": 0.7380952380952381,
      "recall": 0.8857142857142857,
      "correct": 31,
      "total": 35
    },
    "incorrect": {
      "precision": 1.0,
      "recall": 0.22857142857142856,
      "correct": 8,
      "total": 35
    },
    "partial": {
      "precision": 0.43478260869565216,
      "recall": 0.8333333333333334,
      "correct": 20,
      "total": 24
    }
  }
}