{
  "overall_accuracy": 0.64,
  "normalized_mean_absolute_error": 0.19571428571428573,
  "total_correct": 64,
  "total": 100,
  "accuracy_by_label": {
    "almost": {
      "precision": 0.4,
      "recall": 0.3333333333333333,
      "correct": 2,
      "total": 6
    },
    "correct": {
      "precision": 0.7857142857142857,
      "recall": 0.9428571428571428,
      "correct": 33,
      "total": 35
    },
    "incorrect": {
      "precision": 0.8823529411764706,
      "recall": 0.42857142857142855,
      "correct": 15,
      "total": 35
    },
    "partial": {
      "precision": 0.4827586206896552,
      "recall": 0.5833333333333334,
      "correct": 14,
      "total": 24
    }
  }
}