{
  "overall_accuracy": 0.55,
  "normalized_mean_absolute_error": 0.22,
  "total_correct": 55,
  "total": 100,
  "accuracy_by_label": {
    "almost": {
      "precision": 0.0,
      "recall": 0.0,
      "correct": 0,
      "total": 6
    },
    "correct": {
      "precision": 0.6274509803921569,
      "recall": 0.9142857142857143,
      "correct": 32,
      "total": 35
    },
    "incorrect": {
      "precision": 0.6551724137931034,
      "recall": 0.5428571428571428,
      "correct": 19,
      "total": 35
    },
    "partial": {
      "precision": 0.2222222222222222,
      "recall": 0.16666666666666666,
      "correct": 4,
      "total": 24
    }
  }
}