{
  "overall_accuracy": 0.66,
  "normalized_mean_absolute_error": 0.09285714285714286,
  "total_correct": 66,
  "total": 100,
  "accuracy_by_label": {
    "almost": {
      "precision": 0.0,
      "recall": 0.0,
      "correct": 0,
      "total": 5
    },
    "correct": {
      "precision": 0.8611111111111112,
      "recall": 0.8857142857142857,
      "correct": 31,
      "total": 35
    },
    "incorrect": {
      "precision": 0.6285714285714286,
      "recall": 0.6285714285714286,
      "correct": 22,
      "total": 35
    },
    "partial": {
      "precision": 0.4482758620689655,
      "recall": 0.52,
      "correct": 13,
      "total": 25
    }
  }
}