{
  "overall_accuracy": 0.24,
  "normalized_mean_absolute_error": 0.23714285714285713,
  "total_correct": 24,
  "total": 100,
  "accuracy_by_label": {
    "almost": {
      "precision": 0.11320754716981132,
      "recall": 1.0,
      "correct": 6,
      "total": 6
    },
    "correct": {
      "precision": 0.0,
      "recall": 0.0,
      "correct": 0,
      "total": 35
    },
    "incorrect": {
      "precision": 0.8333333333333334,
      "recall": 0.14285714285714285,
      "correct": 5,
      "total": 35
    },
    "partial": {
      "precision": 0.3170731707317073,
      "recall": 0.5416666666666666,
      "correct": 13,
      "total": 24
    }
  }
}