{
  "overall_accuracy": 0.47,
  "normalized_mean_absolute_error": 0.17142857142857143,
  "total_correct": 47,
  "total": 100,
  "accuracy_by_label": {
    "almost": {
      "precision": 0.14285714285714285,
      "recall": 0.4,
      "correct": 2,
      "total": 5
    },
    "correct": {
      "precision": 0.7575757575757576,
      "recall": 0.7142857142857143,
      "correct": 25,
      "total": 35
    },
    "incorrect": {
      "precision": 0.45454545454545453,
      "recall": 0.2857142857142857,
      "correct": 10,
      "total": 35
    },
    "partial": {
      "precision": 0.3225806451612903,
      "recall": 0.4,
      "correct": 10,
      "total": 25
    }
  }
}