{
  "overall_accuracy": 0.07,
  "normalized_mean_absolute_error": 0.83,
  "total_correct": 7,
  "total": 100,
  "accuracy_by_label": {
    "almost": {
      "precision": 0.2,
      "recall": 0.3333333333333333,
      "correct": 2,
      "total": 6
    },
    "correct": {
      "precision": 0.6666666666666666,
      "recall": 0.11428571428571428,
      "correct": 4,
      "total": 35
    },
    "incorrect": {
      "precision": 0.0,
      "recall": 0.0,
      "correct": 0,
      "total": 35
    },
    "partial": {
      "precision": 0.16666666666666666,
      "recall": 0.041666666666666664,
      "correct": 1,
      "total": 24
    }
  }
}