{
  "overall_accuracy": 0.47,
  "normalized_mean_absolute_error": 0.21285714285714286,
  "total_correct": 47,
  "total": 100,
  "accuracy_by_label": {
    "almost": {
      "precision": 0.14285714285714285,
      "recall": 0.6666666666666666,
      "correct": 4,
      "total": 6
    },
    "correct": {
      "precision": 0.6206896551724138,
      "recall": 0.5142857142857142,
      "correct": 18,
      "total": 35
    },
    "incorrect": {
      "precision": 0.9375,
      "recall": 0.42857142857142855,
      "correct": 15,
      "total": 35
    },
    "partial": {
      "precision": 0.37037037037037035,
      "recall": 0.4166666666666667,
      "correct": 10,
      "total": 24
    }
  }
}