{
  "overall_accuracy": 0.61,
  "normalized_mean_absolute_error": 0.18857142857142858,
  "total_correct": 61,
  "total": 100,
  "accuracy_by_label": {
    "almost": {
      "precision": 0.0,
      "recall": 0.0,
      "correct": 0,
      "total": 5
    },
    "correct": {
      "precision": 0.6530612244897959,
      "recall": 0.9142857142857143,
      "correct": 32,
      "total": 35
    },
    "incorrect": {
      "precision": 0.625,
      "recall": 0.5714285714285714,
      "correct": 20,
      "total": 35
    },
    "partial": {
      "precision": 0.47368421052631576,
      "recall": 0.36,
      "correct": 9,
      "total": 25
    }
  }
}