{
  "overall_accuracy": 0.67,
  "normalized_mean_absolute_error": 0.15285714285714286,
  "total_correct": 67,
  "total": 100,
  "accuracy_by_label": {
    "almost": {
      "precision": 0.4,
      "recall": 0.3333333333333333,
      "correct": 2,
      "total": 6
    },
    "correct": {
      "precision": 0.7560975609756098,
      "recall": 0.8857142857142857,
      "correct": 31,
      "total": 35
    },
    "incorrect": {
      "precision": 0.84,
      "recall": 0.6,
      "correct": 21,
      "total": 35
    },
    "partial": {
      "precision": 0.4482758620689655,
      "recall": 0.5416666666666666,
      "correct": 13,
      "total": 24
    }
  }
}