{
  "overall_accuracy": 0.39,
  "normalized_mean_absolute_error": 0.37857142857142856,
  "total_correct": 39,
  "total": 100,
  "accuracy_by_label": {
    "almost": {
      "precision": 0.0,
      "recall": 0.0,
      "correct": 0,
      "total": 6
    },
    "correct": {
      "precision": 0.0,
      "recall": 0.0,
      "correct": 0,
      "total": 35
    },
    "incorrect": {
      "precision": 0.6785714285714286,
      "recall": 0.5428571428571428,
      "correct": 19,
      "total": 35
    },
    "partial": {
      "precision": 0.2777777777777778,
      "recall": 0.8333333333333334,
      "correct": 20,
      "total": 24
    }
  }
}