{
  "overall_accuracy": 0.64,
  "normalized_mean_absolute_error": 0.16428571428571428,
  "total_correct": 64,
  "total": 100,
  "accuracy_by_label": {
    "almost": {
      "precision": 1.0,
      "recall": 0.16666666666666666,
      "correct": 1,
      "total": 6
    },
    "correct": {
      "precision": 0.6530612244897959,
      "recall": 0.9142857142857143,
      "correct": 32,
      "total": 35
    },
    "incorrect": {
      "precision": 0.7272727272727273,
      "recall": 0.6857142857142857,
      "correct": 24,
      "total": 35
    },
    "partial": {
      "precision": 0.4117647058823529,
      "recall": 0.2916666666666667,
      "correct": 7,
      "total": 24
    }
  }
}