{
  "overall_accuracy": 0.26,
  "normalized_mean_absolute_error": 0.5185714285714286,
  "total_correct": 26,
  "total": 100,
  "accuracy_by_label": {
    "almost": {
      "precision": 0.11764705882352941,
      "recall": 0.4,
      "correct": 2,
      "total": 5
    },
    "correct": {
      "precision": 0.8333333333333334,
      "recall": 0.42857142857142855,
      "correct": 15,
      "total": 35
    },
    "incorrect": {
      "precision": 0.2857142857142857,
      "recall": 0.05714285714285714,
      "correct": 2,
      "total": 35
    },
    "partial": {
      "precision": 0.2692307692307692,
      "recall": 0.28,
      "correct": 7,
      "total": 25
    }
  }
}