{
  "overall_accuracy": 0.6,
  "normalized_mean_absolute_error": 0.1757142857142857,
  "total_correct": 60,
  "total": 100,
  "accuracy_by_label": {
    "almost": {
      "precision": 0.0,
      "recall": 0.0,
      "correct": 0,
      "total": 6
    },
    "correct": {
      "precision": 0.6666666666666666,
      "recall": 0.9714285714285714,
      "correct": 34,
      "total": 35
    },
    "incorrect": {
      "precision": 0.6785714285714286,
      "recall": 0.5428571428571428,
      "correct": 19,
      "total": 35
    },
    "partial": {
      "precision": 0.3333333333333333,
      "recall": 0.2916666666666667,
      "correct": 7,
      "total": 24
    }
  }
}