{
  "overall_accuracy": 0.58,
  "normalized_mean_absolute_error": 0.16285714285714284,
  "total_correct": 58,
  "total": 100,
  "accuracy_by_label": {
    "almost": {
      "precision": 0.25,
      "recall": 0.4,
      "correct": 2,
      "total": 5
    },
    "correct": {
      "precision": 0.8157894736842105,
      "recall": 0.8857142857142857,
      "correct": 31,
      "total": 35
    },
    "incorrect": {
      "precision": 0.5625,
      "recall": 0.2571428571428571,
      "correct": 9,
      "total": 35
    },
    "partial": {
      "precision": 0.42105263157894735,
      "recall": 0.64,
      "correct": 16,
      "total": 25
    }
  }
}