{
  "overall_accuracy": 0.46,
  "normalized_mean_absolute_error": 0.16857142857142857,
  "total_correct": 46,
  "total": 100,
  "accuracy_by_label": {
    "almost": {
      "precision": 0.16666666666666666,
      "recall": 0.8,
      "correct": 4,
      "total": 5
    },
    "correct": {
      "precision": 0.9130434782608695,
      "recall": 0.6,
      "correct": 21,
      "total": 35
    },
    "incorrect": {
      "precision": 0.4642857142857143,
      "recall": 0.37142857142857144,
      "correct": 13,
      "total": 35
    },
    "partial": {
      "precision": 0.32,
      "recall": 0.32,
      "correct": 8,
      "total": 25
    }
  }
}