{
  "overall_accuracy": 0.62,
  "normalized_mean_absolute_error": 0.16428571428571428,
  "total_correct": 62,
  "total": 100,
  "accuracy_by_label": {
    "almost": {
      "precision": 0.1111111111111111,
      "recall": 0.2,
      "correct": 1,
      "total": 5
    },
    "correct": {
      "precision": 0.7894736842105263,
      "recall": 0.8571428571428571,
      "correct": 30,
      "total": 35
    },
    "incorrect": {
      "precision": 0.625,
      "recall": 0.5714285714285714,
      "correct": 20,
      "total": 35
    },
    "partial": {
      "precision": 0.5238095238095238,
      "recall": 0.44,
      "correct": 11,
      "total": 25
    }
  }
}