{
  "overall_accuracy": 0.27,
  "normalized_mean_absolute_error": 0.5942857142857143,
  "total_correct": 27,
  "total": 100,
  "accuracy_by_label": {
    "almost": {
      "precision": 0.3333333333333333,
      "recall": 0.3333333333333333,
      "correct": 2,
      "total": 6
    },
    "correct": {
      "precision": 0.7142857142857143,
      "recall": 0.14285714285714285,
      "correct": 5,
      "total": 35
    },
    "incorrect": {
      "precision": 0.6875,
      "recall": 0.3142857142857143,
      "correct": 11,
      "total": 35
    },
    "partial": {
      "precision": 0.375,
      "recall": 0.375,
      "correct": 9,
      "total": 24
    }
  }
}