{
  "overall_accuracy": 0.62,
  "normalized_mean_absolute_error": 0.14857142857142858,
  "total_correct": 62,
  "total": 100,
  "accuracy_by_label": {
    "almost": {
      "precision": 0.125,
      "recall": 0.2,
      "correct": 1,
      "total": 5
    },
    "correct": {
      "precision": 0.8285714285714286,
      "recall": 0.8285714285714286,
      "correct": 29,
      "total": 35
    },
    "incorrect": {
      "precision": 0.5869565217391305,
      "recall": 0.7714285714285715,
      "correct": 27,
      "total": 35
    },
    "partial": {
      "precision": 0.45454545454545453,
      "recall": 0.2,
      "correct": 5,
      "total": 25
    }
  }
}