{
  "overall_accuracy": 0.67,
  "normalized_mean_absolute_error": 0.14857142857142858,
  "total_correct": 67,
  "total": 100,
  "accuracy_by_label": {
    "almost": {
      "precision": 0.0,
      "recall": 0.0,
      "correct": 0,
      "total": 5
    },
    "correct": {
      "precision": 0.7631578947368421,
      "recall": 0.8285714285714286,
      "correct": 29,
      "total": 35
    },
    "incorrect": {
      "precision": 0.627906976744186,
      "recall": 0.7714285714285715,
      "correct": 27,
      "total": 35
    },
    "partial": {
      "precision": 0.6111111111111112,
      "recall": 0.44,
      "correct": 11,
      "total": 25
    }
  }
}