{
  "overall_accuracy": 0.41,
  "normalized_mean_absolute_error": 0.4942857142857143,
  "total_correct": 41,
  "total": 100,
  "accuracy_by_label": {
    "almost": {
      "precision": 0.0,
      "recall": 0.0,
      "correct": 0,
      "total": 6
    },
    "correct": {
      "precision": 0.7435897435897436,
      "recall": 0.8285714285714286,
      "correct": 29,
      "total": 35
    },
    "incorrect": {
      "precision": 1.0,
      "recall": 0.2,
      "correct": 7,
      "total": 35
    },
    "partial": {
      "precision": 0.38461538461538464,
      "recall": 0.20833333333333334,
      "correct": 5,
      "total": 24
    }
  }
}