{
  "overall_accuracy": 0.58,
  "normalized_mean_absolute_error": 0.2057142857142857,
  "total_correct": 58,
  "total": 100,
  "accuracy_by_label": {
    "almost": {
      "precision": 0.0,
      "recall": 0.0,
      "correct": 0,
      "total": 6
    },
    "correct": {
      "precision": 0.6326530612244898,
      "recall": 0.8857142857142857,
      "correct": 31,
      "total": 35
    },
    "incorrect": {
      "precision": 0.8823529411764706,
      "recall": 0.42857142857142855,
      "correct": 15,
      "total": 35
    },
    "partial": {
      "precision": 0.35294117647058826,
      "recall": 0.5,
      "correct": 12,
      "total": 24
    }
  }
}