{
  "overall_accuracy": 0.63,
  "normalized_mean_absolute_error": 0.16999999999999998,
  "total_correct": 63,
  "total": 100,
  "accuracy_by_label": {
    "almost": {
      "precision": 0.3,
      "recall": 0.5,
      "correct": 3,
      "total": 6
    },
    "correct": {
      "precision": 0.84375,
      "recall": 0.7714285714285715,
      "correct": 27,
      "total": 35
    },
    "incorrect": {
      "precision": 0.8888888888888888,
      "recall": 0.45714285714285713,
      "correct": 16,
      "total": 35
    },
    "partial": {
      "precision": 0.4722222222222222,
      "recall": 0.7083333333333334,
      "correct": 17,
      "total": 24
    }
  }
}