{
  "overall_accuracy": 0.68,
  "normalized_mean_absolute_error": 0.14857142857142858,
  "total_correct": 68,
  "total": 100,
  "accuracy_by_label": {
    "almost": {
      "precision": 0.0,
      "recall": 0.0,
      "correct": 0,
      "total": 6
    },
    "correct": {
      "precision": 0.6938775510204082,
      "recall": 0.9714285714285714,
      "correct": 34,
      "total": 35
    },
    "incorrect": {
      "precision": 0.7931034482758621,
      "recall": 0.6571428571428571,
      "correct": 23,
      "total": 35
    },
    "partial": {
      "precision": 0.5,
      "recall": 0.4583333333333333,
      "correct": 11,
      "total": 24
    }
  }
}