{
  "overall_accuracy": 0.59,
  "normalized_mean_absolute_error": 0.22428571428571428,
  "total_correct": 59,
  "total": 100,
  "accuracy_by_label": {
    "almost": {
      "precision": 0.0,
      "recall": 0.0,
      "correct": 0,
      "total": 5
    },
    "correct": {
      "precision": 0.6739130434782609,
      "recall": 0.8857142857142857,
      "correct": 31,
      "total": 35
    },
    "incorrect": {
      "precision": 0.6923076923076923,
      "recall": 0.5142857142857142,
      "correct": 18,
      "total": 35
    },
    "partial": {
      "precision": 0.43478260869565216,
      "recall": 0.4,
      "correct": 10,
      "total": 25
    }
  }
}