{
  "overall_accuracy": 0.64,
  "normalized_mean_absolute_error": 0.17857142857142858,
  "total_correct": 64,
  "total": 100,
  "accuracy_by_label": {
    "almost": {
      "precision": 0.0,
      "recall": 0.0,
      "correct": 0,
      "total": 6
    },
    "correct": {
      "precision": 0.6346153846153846,
      "recall": 0.9428571428571428,
      "correct": 33,
      "total": 35
    },
    "incorrect": {
      "precision": 0.7857142857142857,
      "recall": 0.6285714285714286,
      "correct": 22,
      "total": 35
    },
    "partial": {
      "precision": 0.45,
      "recall": 0.375,
      "correct": 9,
      "total": 24
    }
  }
}