{
  "overall_accuracy": 0.24,
  "normalized_mean_absolute_error": 0.5714285714285714,
  "total_correct": 24,
  "total": 100,
  "accuracy_by_label": {
    "almost": {
      "precision": 0.11764705882352941,
      "recall": 0.3333333333333333,
      "correct": 2,
      "total": 6
    },
    "correct": {
      "precision": 0.875,
      "recall": 0.4,
      "correct": 14,
      "total": 35
    },
    "incorrect": {
      "precision": 0.5,
      "recall": 0.08571428571428572,
      "correct": 3,
      "total": 35
    },
    "partial": {
      "precision": 0.20833333333333334,
      "recall": 0.20833333333333334,
      "correct": 5,
      "total": 24
    }
  }
}