{
  "overall_accuracy": 0.3,
  "normalized_mean_absolute_error": 0.5442857142857143,
  "total_correct": 30,
  "total": 100,
  "accuracy_by_label": {
    "almost": {
      "precision": 0.23529411764705882,
      "recall": 0.6666666666666666,
      "correct": 4,
      "total": 6
    },
    "correct": {
      "precision": 0.8947368421052632,
      "recall": 0.4857142857142857,
      "correct": 17,
      "total": 35
    },
    "incorrect": {
      "precision": 0.5,
      "recall": 0.05714285714285714,
      "correct": 2,
      "total": 35
    },
    "partial": {
      "precision": 0.2916666666666667,
      "recall": 0.2916666666666667,
      "correct": 7,
      "total": 24
    }
  }
}