{
  "overall_accuracy": 0.62,
  "normalized_mean_absolute_error": 0.17857142857142858,
  "total_correct": 62,
  "total": 100,
  "accuracy_by_label": {
    "almost": {
      "precision": 0.0,
      "recall": 0.0,
      "correct": 0,
      "total": 5
    },
    "correct": {
      "precision": 0.75,
      "recall": 0.7714285714285715,
      "correct": 27,
      "total": 35
    },
    "incorrect": {
      "precision": 0.574468085106383,
      "recall": 0.7714285714285715,
      "correct": 27,
      "total": 35
    },
    "partial": {
      "precision": 0.5333333333333333,
      "recall": 0.32,
      "correct": 8,
      "total": 25
    }
  }
}