{
  "overall_accuracy": 0.66,
  "normalized_mean_absolute_error": 0.09,
  "total_correct": 66,
  "total": 100,
  "accuracy_by_label": {
    "almost": {
      "precision": 0.0,
      "recall": 0.0,
      "correct": 0,
      "total": 5
    },
    "correct": {
      "precision": 0.8529411764705882,
      "recall": 0.8285714285714286,
      "correct": 29,
      "total": 35
    },
    "incorrect": {
      "precision": 0.5740740740740741,
      "recall": 0.8857142857142857,
      "correct": 31,
      "total": 35
    },
    "partial": {
      "precision": 0.6666666666666666,
      "recall": 0.24,
      "correct": 6,
      "total": 25
    }
  }
}