{
  "overall_accuracy": 0.62,
  "normalized_mean_absolute_error": 0.15571428571428572,
  "total_correct": 62,
  "total": 100,
  "accuracy_by_label": {
    "almost": {
      "precision": 0.14285714285714285,
      "recall": 0.3333333333333333,
      "correct": 2,
      "total": 6
    },
    "correct": {
      "precision": 0.8055555555555556,
      "recall": 0.8285714285714286,
      "correct": 29,
      "total": 35
    },
    "incorrect": {
      "precision": 0.85,
      "recall": 0.4857142857142857,
      "correct": 17,
      "total": 35
    },
    "partial": {
      "precision": 0.4666666666666667,
      "recall": 0.5833333333333334,
      "correct": 14,
      "total": 24
    }
  }
}