{
  "overall_accuracy": 0.27,
  "normalized_mean_absolute_error": 0.5599999999999999,
  "total_correct": 27,
  "total": 100,
  "accuracy_by_label": {
    "almost": {
      "precision": 0.0,
      "recall": 0.0,
      "correct": 0,
      "total": 5
    },
    "correct": {
      "precision": 0.6774193548387096,
      "recall": 0.6,
      "correct": 21,
      "total": 35
    },
    "incorrect": {
      "precision": 0.2857142857142857,
      "recall": 0.05714285714285714,
      "correct": 2,
      "total": 35
    },
    "partial": {
      "precision": 0.26666666666666666,
      "recall": 0.16,
      "correct": 4,
      "total": 25
    }
  }
}