{
  "overall_accuracy": 0.58,
  "normalized_mean_absolute_error": 0.20285714285714285,
  "total_correct": 58,
  "total": 100,
  "accuracy_by_label": {
    "almost": {
      "precision": 0.09090909090909091,
      "recall": 0.16666666666666666,
      "correct": 1,
      "total": 6
    },
    "correct": {
      "precision": 0.8125,
      "recall": 0.7428571428571429,
      "correct": 26,
      "total": 35
    },
    "incorrect": {
      "precision": 0.58,
      "recall": 0.8285714285714286,
      "correct": 29,
      "total": 35
    },
    "partial": {
      "precision": 0.2857142857142857,
      "recall": 0.08333333333333333,
      "correct": 2,
      "total": 24
    }
  }
}