{
  "overall_accuracy": 0.37,
  "normalized_mean_absolute_error": 0.5285714285714286,
  "total_correct": 37,
  "total": 100,
  "accuracy_by_label": {
    "almost": {
      "precision": 0.2857142857142857,
      "recall": 0.3333333333333333,
      "correct": 2,
      "total": 6
    },
    "correct": {
      "precision": 0.6923076923076923,
      "recall": 0.7714285714285715,
      "correct": 27,
      "total": 35
    },
    "incorrect": {
      "precision": 0.5,
      "recall": 0.02857142857142857,
      "correct": 1,
      "total": 35
    },
    "partial": {
      "precision": 0.6363636363636364,
      "recall": 0.2916666666666667,
      "correct": 7,
      "total": 24
    }
  }
}