{
  "overall_accuracy": 0.6,
  "normalized_mean_absolute_error": 0.15285714285714286,
  "total_correct": 60,
  "total": 100,
  "accuracy_by_label": {
    "almost": {
      "precision": 0.125,
      "recall": 0.16666666666666666,
      "correct": 1,
      "total": 6
    },
    "correct": {
      "precision": 0.7948717948717948,
      "recall": 0.8857142857142857,
      "correct": 31,
      "total": 35
    },
    "incorrect": {
      "precision": 0.75,
      "recall": 0.42857142857142855,
      "correct": 15,
      "total": 35
    },
    "partial": {
      "precision": 0.3939393939393939,
      "recall": 0.5416666666666666,
      "correct": 13,
      "total": 24
    }
  }
}