{
  "overall_accuracy": 0.47,
  "normalized_mean_absolute_error": 0.21571428571428572,
  "total_correct": 47,
  "total": 100,
  "accuracy_by_label": {
    "almost": {
      "precision": 0.0,
      "recall": 0.0,
      "correct": 0,
      "total": 5
    },
    "correct": {
      "precision": 0.6818181818181818,
      "recall": 0.8571428571428571,
      "correct": 30,
      "total": 35
    },
    "incorrect": {
      "precision": 0.41935483870967744,
      "recall": 0.37142857142857144,
      "correct": 13,
      "total": 35
    },
    "partial": {
      "precision": 0.21052631578947367,
      "recall": 0.16,
      "correct": 4,
      "total": 25
    }
  }
}