{
  "overall_accuracy": 0.57,
  "normalized_mean_absolute_error": 0.22571428571428573,
  "total_correct": 57,
  "total": 100,
  "accuracy_by_label": {
    "almost": {
      "precision": 0.0,
      "recall": 0.0,
      "correct": 0,
      "total": 6
    },
    "correct": {
      "precision": 0.6511627906976745,
      "recall": 0.8,
      "correct": 28,
      "total": 35
    },
    "incorrect": {
      "precision": 0.6774193548387096,
      "recall": 0.6,
      "correct": 21,
      "total": 35
    },
    "partial": {
      "precision": 0.4444444444444444,
      "recall": 0.3333333333333333,
      "correct": 8,
      "total": 24
    }
  }
}