{
  "overall_accuracy": 0.44,
  "normalized_mean_absolute_error": 0.33571428571428574,
  "total_correct": 44,
  "total": 100,
  "accuracy_by_label": {
    "almost": {
      "precision": 0.5,
      "recall": 0.2,
      "correct": 1,
      "total": 5
    },
    "correct": {
      "precision": 0.8461538461538461,
      "recall": 0.3142857142857143,
      "correct": 11,
      "total": 35
    },
    "incorrect": {
      "precision": 0.3492063492063492,
      "recall": 0.6285714285714286,
      "correct": 22,
      "total": 35
    },
    "partial": {
      "precision": 0.45454545454545453,
      "recall": 0.4,
      "correct": 10,
      "total": 25
    }
  }
}