{
  "overall_accuracy": 0.48,
  "normalized_mean_absolute_error": 0.43571428571428567,
  "total_correct": 48,
  "total": 100,
  "accuracy_by_label": {
    "almost": {
      "precision": 0.0,
      "recall": 0.0,
      "correct": 0,
      "total": 6
    },
    "correct": {
      "precision": 0.7380952380952381,
      "recall": 0.8857142857142857,
      "correct": 31,
      "total": 35
    },
    "incorrect": {
      "precision": 0.9,
      "recall": 0.2571428571428571,
      "correct": 9,
      "total": 35
    },
    "partial": {
      "precision": 0.5,
      "recall": 0.3333333333333333,
      "correct": 8,
      "total": 24
    }
  }
}