{
  "overall_accuracy": 0.55,
  "normalized_mean_absolute_error": 0.20428571428571426,
  "total_correct": 55,
  "total": 100,
  "accuracy_by_label": {
    "almost": {
      "precision": 0.0,
      "recall": 0.0,
      "correct": 0,
      "total": 6
    },
    "correct": {
      "precision": 0.7380952380952381,
      "recall": 0.8857142857142857,
      "correct": 31,
      "total": 35
    },
    "incorrect": {
      "precision": 1.0,
      "recall": 0.2,
      "correct": 7,
      "total": 35
    },
    "partial": {
      "precision": 0.3617021276595745,
      "recall": 0.7083333333333334,
      "correct": 17,
      "total": 24
    }
  }
}