{
  "overall_accuracy": 0.51,
  "normalized_mean_absolute_error": 0.2285714285714286,
  "total_correct": 51,
  "total": 100,
  "accuracy_by_label": {
    "almost": {
      "precision": 0.0,
      "recall": 0.0,
      "correct": 0,
      "total": 6
    },
    "correct": {
      "precision": 0.6486486486486487,
      "recall": 0.6857142857142857,
      "correct": 24,
      "total": 35
    },
    "incorrect": {
      "precision": 0.68,
      "recall": 0.4857142857142857,
      "correct": 17,
      "total": 35
    },
    "partial": {
      "precision": 0.2631578947368421,
      "recall": 0.4166666666666667,
      "correct": 10,
      "total": 24
    }
  }
}