{
  "overall_accuracy": 0.22,
  "normalized_mean_absolute_error": 0.5599999999999999,
  "total_correct": 22,
  "total": 100,
  "accuracy_by_label": {
    "almost": {
      "precision": 0.14285714285714285,
      "recall": 0.4,
      "correct": 2,
      "total": 5
    },
    "correct": {
      "precision": 0.8,
      "recall": 0.34285714285714286,
      "correct": 12,
      "total": 35
    },
    "incorrect": {
      "precision": 0.18181818181818182,
      "recall": 0.05714285714285714,
      "correct": 2,
      "total": 35
    },
    "partial": {
      "precision": 0.25,
      "recall": 0.24,
      "correct": 6,
      "total": 25
    }
  }
}