{
  "overall_accuracy": 0.53,
  "normalized_mean_absolute_error": 0.18571428571428572,
  "total_correct": 53,
  "total": 100,
  "accuracy_by_label": {
    "almost": {
      "precision": 0.14285714285714285,
      "recall": 0.2,
      "correct": 1,
      "total": 5
    },
    "correct": {
      "precision": 0.7560975609756098,
      "recall": 0.8857142857142857,
      "correct": 31,
      "total": 35
    },
    "incorrect": {
      "precision": 0.4827586206896552,
      "recall": 0.4,
      "correct": 14,
      "total": 35
    },
    "partial": {
      "precision": 0.30434782608695654,
      "recall": 0.28,
      "correct": 7,
      "total": 25
    }
  }
}