{
  "overall_accuracy": 0.56,
  "normalized_mean_absolute_error": 0.2571428571428572,
  "total_correct": 56,
  "total": 100,
  "accuracy_by_label": {
    "almost": {
      "precision": 0.0,
      "recall": 0.0,
      "correct": 0,
      "total": 6
    },
    "correct": {
      "precision": 0.6923076923076923,
      "recall": 0.7714285714285715,
      "correct": 27,
      "total": 35
    },
    "incorrect": {
      "precision": 0.7058823529411765,
      "recall": 0.6857142857142857,
      "correct": 24,
      "total": 35
    },
    "partial": {
      "precision": 0.35714285714285715,
      "recall": 0.20833333333333334,
      "correct": 5,
      "total": 24
    }
  }
}