{
  "overall_accuracy": 0.29,
  "normalized_mean_absolute_error": 0.5371428571428571,
  "total_correct": 29,
  "total": 100,
  "accuracy_by_label": {
    "almost": {
      "precision": 0.05555555555555555,
      "recall": 0.2,
      "correct": 1,
      "total": 5
    },
    "correct": {
      "precision": 0.9,
      "recall": 0.5142857142857142,
      "correct": 18,
      "total": 35
    },
    "incorrect": {
      "precision": 0.25,
      "recall": 0.02857142857142857,
      "correct": 1,
      "total": 35
    },
    "partial": {
      "precision": 0.42857142857142855,
      "recall": 0.36,
      "correct": 9,
      "total": 25
    }
  }
}