{
  "overall_accuracy": 0.59,
  "normalized_mean_absolute_error": 0.21571428571428572,
  "total_correct": 59,
  "total": 100,
  "accuracy_by_label": {
    "almost": {
      "precision": 0.0,
      "recall": 0.0,
      "correct": 0,
      "total": 5
    },
    "correct": {
      "precision": 0.6595744680851063,
      "recall": 0.8857142857142857,
      "correct": 31,
      "total": 35
    },
    "incorrect": {
      "precision": 0.6097560975609756,
      "recall": 0.7142857142857143,
      "correct": 25,
      "total": 35
    },
    "partial": {
      "precision": 0.375,
      "recall": 0.12,
      "correct": 3,
      "total": 25
    }
  }
}