{
  "overall_accuracy": 0.05,
  "normalized_mean_absolute_error": 0.8542857142857143,
  "total_correct": 5,
  "total": 100,
  "accuracy_by_label": {
    "almost": {
      "precision": 0.14285714285714285,
      "recall": 0.2,
      "correct": 1,
      "total": 5
    },
    "correct": {
      "precision": 0.6666666666666666,
      "recall": 0.05714285714285714,
      "correct": 2,
      "total": 35
    },
    "incorrect": {
      "precision": 0.0,
      "recall": 0.0,
      "correct": 0,
      "total": 35
    },
    "partial": {
      "precision": 0.2222222222222222,
      "recall": 0.08,
      "correct": 2,
      "total": 25
    }
  }
}