{
  "overall_accuracy": 0.56,
  "normalized_mean_absolute_error": 0.1742857142857143,
  "total_correct": 56,
  "total": 100,
  "accuracy_by_label": {
    "almost": {
      "precision": 0.0,
      "recall": 0.0,
      "correct": 0,
      "total": 5
    },
    "correct": {
      "precision": 0.7209302325581395,
      "recall": 0.8857142857142857,
      "correct": 31,
      "total": 35
    },
    "incorrect": {
      "precision": 0.75,
      "recall": 0.17142857142857143,
      "correct": 6,
      "total": 35
    },
    "partial": {
      "precision": 0.3877551020408163,
      "recall": 0.76,
      "correct": 19,
      "total": 25
    }
  }
}