{
  "overall_accuracy": 0.67,
  "normalized_mean_absolute_error": 0.14714285714285716,
  "total_correct": 67,
  "total": 100,
  "accuracy_by_label": {
    "almost": {
      "precision": 0.15384615384615385,
      "recall": 0.3333333333333333,
      "correct": 2,
      "total": 6
    },
    "correct": {
      "precision": 0.8709677419354839,
      "recall": 0.7714285714285715,
      "correct": 27,
      "total": 35
    },
    "incorrect": {
      "precision": 0.7567567567567568,
      "recall": 0.8,
      "correct": 28,
      "total": 35
    },
    "partial": {
      "precision": 0.5263157894736842,
      "recall": 0.4166666666666667,
      "correct": 10,
      "total": 24
    }
  }
}