{
  "overall_accuracy": 0.57,
  "normalized_mean_absolute_error": 0.17857142857142858,
  "total_correct": 57,
  "total": 100,
  "accuracy_by_label": {
    "almost": {
      "precision": 0.0,
      "recall": 0.0,
      "correct": 0,
      "total": 5
    },
    "correct": {
      "precision": 0.6808510638297872,
      "recall": 0.9142857142857143,
      "correct": 32,
      "total": 35
    },
    "incorrect": {
      "precision": 0.5365853658536586,
      "recall": 0.6285714285714286,
      "correct": 22,
      "total": 35
    },
    "partial": {
      "precision": 0.25,
      "recall": 0.12,
      "correct": 3,
      "total": 25
    }
  }
}